"experiment_group","customer_id","customer_name","signup_date","device","total_transaction","total_session"
B,1,Jennifer Salinas,"2020-09-04",mobile,37.9,2
A,4,Mario Butler,"2022-06-30",mobile,242.06,4
A,8,Rachael Morales,"2022-10-09",mobile,207.4,4
B,9,Laura Guzman,"2024-07-29",mobile,122.51,3
A,10,Alexander Lopez,"2023-01-13",mobile,176.97,3
A,14,Matthew Thompson,"2021-01-13",mobile,380.89,4
B,15,Paul Neal,"2020-06-14",mobile,18.97,2
B,17,David Young,"2025-05-15",mobile,497.1,4
A,20,Stephen Mccormick,"2022-06-02",mobile,266.89,5
A,32,Christopher Mcmillan,"2020-11-27",mobile,75.05,4
B,35,Stephen Hall,"2025-08-17",mobile,43.17,4
B,37,Joel Norris,"2020-06-26",mobile,239.33,7
A,40,Monica Garcia,"2023-01-09",mobile,212.18,4
A,46,David Haynes,"2024-01-05",mobile,45.87,3
A,48,Mary Salas,"2020-04-01",mobile,441.99,6
B,49,Joshua Martin,"2023-11-30",mobile,132.2,3
B,51,Patrick Bryant,"2023-08-16",mobile,267.34,3
A,52,Lisa Walsh,"2022-04-06",mobile,16.53,3
B,55,Carl Frank,"2023-03-14",mobile,325.53,4
B,57,Penny Harrison,"2021-10-21",mobile,97.38,2
A,60,Justin Nguyen,"2025-08-21",mobile,30.27,2
B,61,Adam Lynn,"2024-01-15",mobile,273.29,5
B,69,Angel Doyle,"2023-10-28",mobile,367.86,3
B,73,Haley Harris,"2021-12-25",mobile,144.82,3
B,75,Jennifer Andrews,"2021-11-03",mobile,589.54,4
A,76,Thomas Franklin,"2023-11-19",mobile,77.18,3
A,78,Carrie Alvarado,"2020-03-12",mobile,273.37,4
B,79,Shane Taylor,"2020-01-01",mobile,709.76,3
B,81,Jennifer Dominguez,"2021-03-03",mobile,118.99,6
A,92,Lauren Bray,"2024-05-12",mobile,278.13,8
B,95,William Robles,"2025-01-13",mobile,43.95,5
B,97,Daniel Scott,"2024-06-15",mobile,245.76,5
B,99,Jonathan Harris,"2022-10-16",mobile,528.82,5
A,104,Dawn Johnson,"2021-12-23",mobile,36.52,3
A,106,Tammy Mccarthy,"2021-11-22",mobile,82.54,3
B,107,Thomas Hunter,"2020-04-20",mobile,397.49,5
B,109,Jose Stevenson,"2022-10-28",mobile,1290.44,6
B,113,Ross Miller,"2024-09-05",mobile,50.89,2
A,114,Janice Johnson,"2025-01-13",mobile,202.8,2
B,117,Ryan Cook,"2025-01-03",mobile,901.0,7
A,118,Ashley Irwin,"2024-07-19",mobile,212.66,5
B,121,Alexis Roman,"2022-01-04",mobile,119.2,3
B,123,Christopher Townsend,"2020-08-15",mobile,113.45,5
B,127,Phillip Anderson,"2022-10-18",mobile,419.14,3
B,129,Howard Sanchez,"2021-04-23",mobile,359.8,5
B,143,David Williams,"2023-05-16",mobile,321.14,5
A,144,Tyler Mccall,"2025-03-07",mobile,160.97,4
A,146,Natalie Mitchell,"2022-01-31",mobile,38.57,2
B,147,Christina Page,"2024-04-23",mobile,137.76,8
B,149,Jennifer Glass,"2025-08-09",mobile,140.18,2
A,152,Ashley Perez,"2023-07-23",mobile,123.64,5
A,154,Mark Chen,"2020-09-29",mobile,105.67,4
A,160,Tina Johnson,"2024-07-04",mobile,31.36,3
B,161,Kimberly Murillo,"2024-07-10",mobile,73.81,3
A,162,Heather Gould,"2021-06-23",mobile,40.42,4
B,163,Mariah Hebert,"2022-11-16",mobile,40.34,3
B,167,Christine Barry,"2021-02-06",mobile,237.34,4
B,169,Michael Smith,"2024-05-12",mobile,173.78,3
B,171,Jennifer Martinez,"2022-11-27",mobile,10.21,5
A,172,Christopher Mills,"2020-01-01",mobile,183.91,2
B,173,Melinda Riley,"2022-03-01",mobile,329.06,4
B,175,Daniel Foster,"2022-04-06",mobile,159.72,4
B,181,Jennifer Durham,"2024-04-16",mobile,438.82,4
A,186,Jessica Branch,"2024-08-28",mobile,201.48,4
A,188,Brianna Smith,"2022-11-23",mobile,303.1,4
A,190,Anita Roberts,"2021-12-06",mobile,109.31,2
A,192,Mary Bell,"2022-08-24",mobile,106.4,6
B,193,Zachary Morales,"2025-05-18",mobile,180.55,7
A,196,Dawn Graham,"2024-05-30",mobile,373.48,4
B,197,Lauren Dominguez,"2025-08-29",mobile,79.23,3
A,202,Kristin Thompson,"2024-05-19",mobile,445.93,2
B,203,Victor Jackson,"2025-02-18",mobile,47.62,2
A,206,Mark Wilson,"2024-05-20",mobile,249.84,3
B,207,Linda Murray,"2024-04-03",mobile,256.62,4
A,210,Benjamin Smith,"2020-12-16",mobile,428.76,6
A,214,Stephanie Fleming,"2023-08-09",mobile,77.1,7
B,215,Jamie Holland,"2022-05-07",mobile,147.06,5
A,216,Sara King,"2023-12-25",mobile,461.91,4
A,218,Whitney Morrison,"2022-01-06",mobile,307.51,4
A,222,Carly Phillips,"2023-08-11",mobile,74.02,2
B,225,Matthew Cunningham,"2021-06-17",mobile,75.36,5
B,227,Bradley Guerrero,"2023-06-28",mobile,82.47,5
A,228,Jeremy Green,"2021-05-18",mobile,155.39,5
B,229,Connie Hood,"2021-08-23",mobile,116.54,3
B,231,Jason Jones,"2025-01-13",mobile,54.03,5
A,246,Emily Rogers,"2020-03-24",mobile,228.32,5
B,251,Katrina Reid,"2022-03-20",mobile,213.07,4
A,254,Tanya Willis,"2021-05-12",mobile,92.08,2
B,259,Curtis Morrison,"2020-10-05",mobile,147.49,4
B,263,Felicia Snyder,"2020-06-22",mobile,20.44,3
A,264,Evan Valdez,"2025-05-11",mobile,188.24,5
A,266,Leah Peters,"2021-09-07",mobile,347.3,3
A,270,Jonathan Peters,"2025-04-29",mobile,214.03,4
A,276,Peter Day,"2023-04-05",mobile,20.98,2
A,280,Sharon White,"2025-03-26",mobile,44.18,6
B,283,Michelle Macias,"2022-09-15",mobile,51.34,6
B,289,Richard Crane,"2020-01-14",mobile,488.48,5
B,293,Ryan Bowers,"2020-04-20",mobile,75.91,2
A,302,Jodi Miller,"2022-02-12",mobile,435.02,4
B,307,Ricky Williamson,"2021-01-08",mobile,78.99,2
A,308,Paul Booker,"2022-11-10",mobile,100.04,5
B,309,James Lane,"2021-11-26",mobile,12.97,4
A,310,Max Rivera,"2025-03-19",mobile,119.42,4
B,315,Billy Roth,"2022-03-15",mobile,38.57,6
A,320,Eric Delacruz,"2023-03-25",mobile,121.08,5
A,322,Robert Gonzalez,"2021-07-07",mobile,160.3,6
B,323,Karl Morris,"2023-11-24",mobile,62.24,4
A,326,Kathleen Smith,"2025-08-27",mobile,168.69,3
B,327,Rebecca Ferguson,"2021-08-14",mobile,781.26,5
B,335,John Smith,"2025-01-05",mobile,203.33,6
B,339,Brian Collier,"2023-06-12",mobile,162.55,2
B,343,Shelley Castillo,"2025-04-20",mobile,457.37,4
B,345,Katie Richardson,"2023-02-23",mobile,154.05,3
A,352,Jorge Jackson,"2025-01-03",mobile,234.88,2
A,354,Erin Jones,"2020-06-01",mobile,287.94,5
A,358,Audrey Schmitt,"2020-08-18",mobile,231.1,5
B,359,Kristina Rich,"2021-04-25",mobile,260.2,5
B,369,Kayla Bennett,"2022-06-12",mobile,458.73,3
A,372,James Collins,"2020-09-20",mobile,143.78,4
B,373,Karen Smith,"2022-03-28",mobile,104.84,4
B,375,Joshua Russell,"2024-03-19",mobile,101.07,4
A,376,William Ward DVM,"2025-01-04",mobile,199.68,4
B,381,Timothy Dean,"2024-12-16",mobile,11.16,4
A,382,Douglas Nichols,"2023-02-13",mobile,853.33,3
B,387,Jennifer Porter,"2020-01-12",mobile,223.79,3
B,389,Aaron Berry,"2024-10-02",mobile,25.48,2
A,392,Michele Salazar,"2022-11-14",mobile,258.56,4
B,393,Daniel Walker,"2024-12-31",mobile,94.39,2
A,394,Michael Jones,"2024-04-11",mobile,158.16,3
B,395,Anthony Griffin,"2025-08-25",mobile,154.11,6
A,398,James Blevins,"2024-05-06",mobile,27.79,7
A,400,Darlene May,"2024-02-08",mobile,80.65,5
B,401,Cheryl Gilbert,"2023-11-05",mobile,13.82,3
B,405,Henry Garcia,"2022-04-27",mobile,75.36,3
A,406,Jordan Garcia,"2020-04-10",mobile,234.11,4
A,408,Christine King,"2021-12-13",mobile,107.6,3
A,414,Shannon Jackson,"2022-02-01",mobile,407.17,3
B,415,Bailey Jimenez,"2020-06-16",mobile,301.43,8
B,425,Donald Parker,"2025-06-25",mobile,63.52,2
A,426,Adriana Jones,"2021-01-15",mobile,216.54,2
B,433,Rebecca Patel,"2023-12-06",mobile,187.48,4
A,436,Lynn Holland,"2023-09-30",mobile,138.66,2
B,439,Christine Green,"2023-09-06",mobile,56.32,6
A,442,James Horton,"2024-08-08",mobile,43.85,4
B,449,James Hubbard,"2025-08-20",mobile,11.92,6
B,453,Antonio Lee,"2022-09-23",mobile,137.37,2
B,455,Tony Warren,"2020-07-28",mobile,257.52,3
B,457,Lynn Garcia,"2021-06-17",mobile,44.56,5
A,458,Karen Scott,"2024-09-06",mobile,78.95,2
B,459,Melissa Johnson,"2025-03-30",mobile,108.68,3
A,466,Laura Carrillo,"2021-04-03",mobile,97.3,4
B,469,Amy Young,"2024-07-13",mobile,448.52,3
A,470,Kelly Walker,"2025-05-24",mobile,150.37,2
A,472,Walter Harrell,"2021-01-10",mobile,523.71,5
B,479,Crystal Moss,"2023-11-17",mobile,109.67,2
B,481,Jesse Rivera,"2020-05-21",mobile,368.36,5
A,482,Melissa Rhodes,"2023-02-17",mobile,12.64,4
A,484,Samuel Wong,"2023-01-13",mobile,306.15,5
B,485,Leah Gonzalez,"2025-08-06",mobile,107.98,2
B,489,Timothy Baker,"2022-03-30",mobile,173.73,5
B,495,Kathryn Boyd,"2025-10-07",mobile,345.51,7
A,496,Jose Lewis,"2025-09-23",mobile,83.24,3
B,497,Dr. Stephanie Anderson,"2020-11-08",mobile,161.66,5
B,499,Emily Carter,"2023-04-20",mobile,519.8,4
A,500,Julia Gonzalez,"2024-11-29",mobile,364.54,3
A,502,Austin Lara,"2020-11-03",mobile,159.49,3
B,505,Barry Christensen,"2022-08-09",mobile,603.35,7
B,507,Melody Stewart,"2024-01-31",mobile,375.01,3
A,510,Olivia Long,"2020-06-05",mobile,728.95,5
B,511,Katherine Dillon,"2022-02-24",mobile,73.44,2
B,513,Roberto Roy,"2022-01-23",mobile,48.62,5
A,514,Tiffany Murphy,"2021-11-25",mobile,69.49,2
B,519,Sherry Taylor,"2024-05-10",mobile,55.18,4
B,521,Gabriel Johnson,"2023-06-16",mobile,59.77,3
B,523,Stephanie Ruiz,"2024-11-20",mobile,108.95,3
B,531,Thomas Arnold,"2021-02-02",mobile,255.12,4
A,536,Christopher Brennan,"2023-07-13",mobile,301.86,6
B,537,Russell Coleman,"2022-07-21",mobile,25.51,6
B,541,Jonathan White,"2020-12-06",mobile,47.24,5
B,543,Tracy Powell,"2022-05-08",mobile,122.24,5
B,545,Mark Mora,"2022-01-09",mobile,29.64,5
A,548,Marilyn Mitchell,"2020-07-14",mobile,15.86,3
B,549,Renee Alexander,"2022-07-25",mobile,77.31,4
B,551,Krystal Vincent,"2020-02-19",mobile,471.96,3
A,552,Lori Smith,"2020-09-10",mobile,329.31,8
A,554,Bryan Maddox,"2023-07-19",mobile,508.23,2
B,555,Brittany Monroe,"2020-05-25",mobile,191.36,5
B,569,Philip Berry,"2020-09-04",mobile,119.02,3
A,570,Brandi Bennett,"2022-03-16",mobile,17.78,3
B,571,Angela Cole,"2021-06-24",mobile,76.04,5
A,576,John Miller,"2022-06-06",mobile,93.06,4
A,578,Sara Green,"2022-11-15",mobile,305.54,3
B,579,Courtney Green,"2020-09-10",mobile,24.47,2
A,584,Leah Martin,"2020-10-02",mobile,75.93,4
B,585,Mr. Gary Lane Jr.,"2024-01-26",mobile,37.79,3
B,589,Tammy Gay,"2021-11-14",mobile,23.83,2
A,590,Emily Carroll,"2025-05-15",mobile,367.35,3
B,591,Samantha Smith,"2021-12-10",mobile,159.8,8
B,593,Kyle Wolfe,"2024-04-15",mobile,206.67,3
B,595,Martha Martin,"2021-01-22",mobile,327.05,6
A,608,Erin Johnson,"2025-10-05",mobile,62.1,6
B,609,Benjamin Daniels,"2021-10-11",mobile,516.71,2
A,610,Dawn Garcia,"2022-11-01",mobile,13.46,4
A,612,Allison Lopez,"2020-06-28",mobile,280.16,4
A,614,Candice Kim,"2024-04-15",mobile,184.12,6
B,615,David Solomon,"2021-03-05",mobile,334.42,5
A,616,April Williams,"2022-11-20",mobile,202.41,4
B,619,Courtney Ramirez,"2022-11-08",mobile,405.56,6
A,624,Megan Reid,"2024-04-01",mobile,37.77,2
A,626,Nathan Mclaughlin,"2023-09-04",mobile,73.35,4
B,637,Debra Parsons,"2022-06-18",mobile,601.77,8
A,644,William May,"2022-12-11",mobile,74.58,4
A,646,Joseph Ward,"2020-02-27",mobile,242.72,5
B,647,Amy Bennett,"2021-01-14",mobile,31.86,3
B,651,Megan Paul,"2021-01-13",mobile,138.36,2
B,655,Clayton Edwards,"2022-03-13",mobile,143.83,5
A,662,Kathryn Johnson,"2020-03-04",mobile,18.71,3
B,663,Mary Sullivan,"2022-08-09",mobile,265.42,4
A,666,Aaron Lindsey,"2023-06-02",mobile,130.15,5
A,668,John Davenport,"2021-01-25",mobile,109.45,3
B,669,Jordan Hernandez,"2023-06-25",mobile,54.77,4
A,672,Randall Hudson,"2021-01-30",mobile,127.01,2
B,673,Linda Ayers,"2022-05-26",mobile,43.7,2
A,676,Clarence Smith,"2020-10-05",mobile,185.24,3
B,683,Corey Meyers,"2023-06-28",mobile,195.58,4
B,685,Gabrielle Anderson,"2025-01-05",mobile,662.09,9
A,686,Melissa Martin,"2022-02-28",mobile,103.14,5
B,691,James Lynch,"2021-11-18",mobile,13.62,2
A,696,Breanna Nicholson,"2024-11-07",mobile,181.92,2
A,702,Kayla Larson,"2022-01-04",mobile,134.87,2
B,703,Selena Solis,"2024-07-27",mobile,242.81,7
B,707,Michael Yang,"2025-07-25",mobile,24.84,5
A,710,Judy Cook,"2021-12-24",mobile,35.43,6
A,718,Julie Reed,"2024-03-30",mobile,210.65,9
B,723,Michael Stafford,"2025-07-04",mobile,468.21,6
A,726,John Jenkins,"2024-01-05",mobile,75.93,2
A,730,Lauren Smith,"2021-09-06",mobile,563.06,6
A,732,Mr. Jonathan Johnson DDS,"2021-03-31",mobile,299.9,11
A,734,John Garcia,"2022-07-31",mobile,272.02,6
A,738,Carmen Baker,"2022-10-22",mobile,465.1,2
B,739,Veronica Carrillo,"2023-08-29",mobile,176.23,8
A,740,Jose Cruz,"2025-07-03",mobile,48.32,4
B,741,Donna Wood,"2022-04-26",mobile,487.44,2
B,751,Michael Miller,"2024-03-28",mobile,91.14,3
B,753,Jesse Cox,"2021-08-06",mobile,423.17,3
B,759,Ronald Roberts,"2021-10-05",mobile,165.11,3
B,767,Stacy Young,"2023-12-09",mobile,194.06,7
A,772,Olivia Anderson,"2020-05-16",mobile,190.09,4
A,774,Manuel Flores,"2022-02-25",mobile,169.84,4
B,775,Elizabeth Hall,"2024-10-23",mobile,281.29,4
A,778,Mr. Matthew George II,"2025-09-27",mobile,83.31,4
A,784,Valerie Chandler,"2021-02-12",mobile,72.39,3
B,793,Marcus Callahan,"2023-12-11",mobile,854.28,4
A,794,Timothy Morgan,"2024-09-22",mobile,43.76,3
B,795,John Freeman,"2021-01-02",mobile,821.01,3
A,798,Amanda Mahoney,"2025-07-31",mobile,199.84,2
B,799,Grant Briggs,"2023-08-01",mobile,193.29,3
B,801,Amanda Martinez,"2024-06-01",mobile,394.23,5
A,802,Denise Johnson,"2022-03-22",mobile,233.23,5
B,803,Nancy Clark MD,"2020-02-22",mobile,24.6,3
A,804,Michael Hunter,"2023-10-26",mobile,74.14,3
B,811,Carol Cooper,"2023-11-27",mobile,208.48,4
A,812,Jessica Wilson,"2021-11-01",mobile,52.06,3
A,816,Nathan Foster,"2021-01-13",mobile,1246.78,3
B,817,Keith Hernandez,"2024-11-15",mobile,301.63,2
B,819,Shelly Leach,"2020-07-21",mobile,249.66,7
A,820,Sharon Hodge,"2022-02-17",mobile,475.42,3
B,825,Erin Obrien,"2023-10-19",mobile,200.65,3
B,829,Jill Walter,"2023-06-08",mobile,581.74,5
A,834,Rodney Pierce,"2023-12-02",mobile,130.29,4
A,838,Rachel Tran,"2020-12-04",mobile,144.06,7
A,846,Christopher Turner,"2022-03-06",mobile,277.86,6
A,850,Charles Juarez,"2022-05-01",mobile,66.56,2
A,854,Mary Jordan,"2025-08-03",mobile,17.42,3
B,863,Thomas Harrison Jr.,"2022-09-18",mobile,176.46,4
A,864,Blake Stout,"2023-06-04",mobile,115.16,6
B,865,Katelyn Allison,"2024-09-09",mobile,85.25,4
B,869,Brent Valentine,"2025-03-08",mobile,50.31,3
A,872,Mitchell Cabrera,"2020-06-21",mobile,83.92,2
A,878,Blake Cuevas,"2024-09-16",mobile,445.92,4
A,882,Elizabeth Lee,"2022-05-28",mobile,135.02,2
A,890,Lisa Henderson,"2020-01-15",mobile,87.34,4
B,895,Jeffrey Johnson,"2024-02-29",mobile,71.75,8
A,898,Tiffany Johnson,"2020-05-20",mobile,257.58,2
B,899,William Ellison,"2024-11-05",mobile,145.76,3
B,901,Steven Smith,"2024-10-01",mobile,242.47,3
B,903,Barbara Smith,"2021-11-06",mobile,65.44,6
A,904,Cynthia Vincent,"2024-05-02",mobile,11.72,2
B,905,Mrs. Patricia Solis,"2025-08-31",mobile,61.83,3
A,906,Angela Christensen,"2021-11-20",mobile,358.37,6
B,907,Amy Graham MD,"2020-06-24",mobile,162.21,6
A,912,Jennifer Allen,"2022-09-29",mobile,27.22,3
A,916,David Reyes,"2022-12-21",mobile,94.96,3
B,917,Frederick Perry,"2022-11-16",mobile,35.86,4
B,919,Daniel Wilkins,"2025-01-05",mobile,523.53,5
A,922,Curtis Heath,"2023-06-25",mobile,107.54,4
B,923,Brian Butler,"2020-03-20",mobile,120.06,4
B,929,Melissa Martin DDS,"2020-10-22",mobile,206.9,9
B,933,Carla Flowers,"2024-01-13",mobile,495.47,7
B,935,Casey Smith,"2020-09-20",mobile,186.55,3
B,939,Stephanie Parker,"2020-10-14",mobile,172.71,5
B,941,Kimberly Valentine,"2021-06-26",mobile,210.25,5
A,942,Melissa Scott,"2023-02-06",mobile,218.85,4
A,948,Haley Mitchell,"2022-10-03",mobile,558.72,5
B,949,David Moore,"2020-11-11",mobile,107.41,3
A,950,Joanne Garcia,"2024-03-14",mobile,19.63,5
A,952,Jessica Schaefer,"2023-07-04",mobile,138.74,3
B,955,Sara Davis,"2024-09-25",mobile,291.19,2
A,958,Abigail Anderson,"2025-07-19",mobile,226.91,3
B,959,Dennis Delacruz,"2022-12-09",mobile,19.96,5
A,962,Jamie Ross,"2020-01-05",mobile,14.55,2
A,964,Catherine Perkins,"2021-01-27",mobile,327.48,8
A,968,Mark Johnson,"2024-04-04",mobile,297.73,4
B,969,James Hall,"2025-03-08",mobile,285.91,3
A,972,Frank Horne,"2025-05-26",mobile,160.43,2
B,975,Amanda Martinez,"2024-07-11",mobile,62.33,4
B,977,Charles Glenn,"2023-10-04",mobile,276.42,7
B,979,Stephanie Horn,"2020-10-10",mobile,16.82,4
B,981,Rachel Flowers,"2025-05-07",mobile,23.53,2
B,987,Kayla Mckinney,"2023-05-01",mobile,15.19,4
A,988,Gregory Williams,"2025-08-28",mobile,15.19,4
B,989,Robert Curtis,"2022-08-02",mobile,301.88,6
B,997,John Mcpherson,"2024-07-02",mobile,32.35,3
A,1000,Rachael Roberts,"2024-05-01",mobile,65.88,3
A,1004,Michele Rowland,"2024-08-11",mobile,603.53,4
B,1005,Jessica Barnes,"2021-11-21",mobile,206.79,5
B,1007,Helen Ho,"2022-03-15",mobile,499.73,5
A,1008,Diana Caldwell,"2020-01-08",mobile,87.31,3
A,1014,Wanda Smith DVM,"2023-11-10",mobile,33.66,5
B,1015,Shelly Blackburn,"2021-07-26",mobile,274.82,5
A,1018,Marissa Williams,"2022-07-12",mobile,1136.71,7
A,1020,Crystal Walters,"2023-03-31",mobile,180.57,4
B,1021,Brian Kennedy DVM,"2024-11-18",mobile,449.98,4
B,1023,Michael Fernandez,"2021-07-26",mobile,300.15,6
A,1030,Alexis Tucker,"2020-09-06",mobile,180.68,6
A,1032,Ryan Davis,"2023-05-14",mobile,135.47,2
B,1035,Kimberly Gomez,"2021-09-27",mobile,19.45,5
A,1036,Catherine Curry,"2021-12-19",mobile,300.94,2
B,1037,Leslie Krause,"2020-08-11",mobile,203.81,2
B,1039,Nicole Wise,"2022-03-30",mobile,75.85,7
A,1042,Sandy Rodriguez,"2022-07-17",mobile,217.48,3
B,1043,Joshua Snow,"2021-06-17",mobile,224.35,2
B,1045,Pamela Dixon,"2023-11-25",mobile,402.2,2
B,1049,Hunter Miller,"2021-11-29",mobile,372.59,3
A,1050,Richard Dixon,"2024-10-18",mobile,648.81,6
A,1056,Brittney Lozano DDS,"2024-05-23",mobile,131.44,2
A,1060,Russell Wright,"2020-08-08",mobile,213.95,4
B,1061,Nancy Santiago,"2024-03-09",mobile,578.08,8
A,1062,Tiffany Simpson,"2024-01-24",mobile,238.75,4
B,1063,Mark White,"2024-03-22",mobile,47.24,5
B,1065,Rebecca Parrish,"2021-11-28",mobile,258.5,4
B,1081,Elizabeth Wilkins,"2021-05-12",mobile,162.54,6
B,1085,Kyle Newton,"2020-10-31",mobile,238.16,3
B,1087,Amy Stein,"2021-01-08",mobile,588.06,5
B,1091,Kyle Gonzales,"2021-01-02",mobile,24.62,5
A,1096,Brad Glenn,"2024-10-12",mobile,208.68,7
A,1098,Christy Christian,"2024-05-25",mobile,217.41,4
A,1106,James Walker,"2020-03-03",mobile,645.9,5
B,1107,Beth Black,"2025-02-04",mobile,65.67,2
B,1109,Ryan Torres,"2024-05-03",mobile,489.98,5
B,1111,Patricia George,"2022-07-24",mobile,40.08,8
A,1112,Victor Evans,"2020-08-09",mobile,238.79,6
B,1113,Diane Sharp,"2025-10-10",mobile,365.06,9
A,1114,Susan Reid,"2025-10-22",mobile,133.7,6
B,1119,Toni Strickland,"2024-05-26",mobile,64.93,2
B,1121,James Mckenzie,"2021-09-06",mobile,11.2,2
A,1124,Shawn Davis,"2025-01-28",mobile,86.88,4
A,1126,James Warren,"2025-02-13",mobile,321.88,3
B,1129,Kristine Hurst,"2023-07-04",mobile,111.29,4
A,1136,Ashley Blake,"2024-12-12",mobile,52.94,5
A,1140,Heather Franklin,"2023-11-30",mobile,439.64,3
A,1144,Laura Anderson,"2025-05-31",mobile,227.42,2
B,1145,Christine King,"2021-04-07",mobile,50.83,4
B,1151,Dennis Walter,"2025-09-30",mobile,122.58,6
A,1152,George Brown,"2024-04-29",mobile,208.56,3
B,1153,Adam Jennings,"2024-02-28",mobile,65.6,5
B,1161,Gloria Obrien,"2021-11-23",mobile,46.41,2
A,1162,Karen Roberson,"2025-04-23",mobile,56.64,3
B,1163,Brittany Good,"2024-05-17",mobile,40.15,3
B,1171,James Gordon,"2025-07-05",mobile,78.92,5
A,1176,Nicholas Murillo,"2023-02-22",mobile,55.33,2
B,1177,Daniel Davies,"2023-01-04",mobile,90.15,4
A,1178,Brittany Franco,"2025-05-08",mobile,195.94,3
B,1181,Alexis Ward,"2020-07-10",mobile,207.65,2
B,1185,Laura Campos,"2024-06-20",mobile,132.73,7
A,1186,Dr. Michelle Mullins MD,"2024-07-03",mobile,521.36,7
A,1192,Todd Sanchez,"2021-08-14",mobile,42.92,5
B,1193,Ryan Brown,"2022-12-27",mobile,130.96,2
B,1195,Becky Moreno,"2022-07-21",mobile,546.72,5
B,1199,Alexa Schmitt,"2025-07-20",mobile,260.67,2
A,1208,John Campbell,"2020-07-13",mobile,154.48,2
B,1209,Mark Bridges,"2024-05-12",mobile,277.36,5
A,1210,Sarah Acevedo,"2021-02-03",mobile,213.41,5
B,1211,Trevor Davis,"2023-03-10",mobile,141.42,7
B,1213,Deborah King,"2021-08-19",mobile,98.96,2
A,1214,Isaiah Jones MD,"2022-04-15",mobile,283.41,3
B,1215,Nicole Bryant,"2024-12-10",mobile,100.79,4
A,1216,Anita Wiggins,"2021-09-20",mobile,112.75,3
B,1219,Gary Martin,"2025-07-05",mobile,19.86,2
A,1224,Sarah Graham,"2024-08-13",mobile,94.29,3
A,1230,Jennifer Thompson,"2020-06-16",mobile,117.71,6
B,1233,Matthew Bautista,"2021-11-22",mobile,42.33,2
A,1234,Mia Drake,"2024-10-07",mobile,245.05,5
A,1240,Paul Parks,"2023-08-18",mobile,127.86,8
B,1241,Vickie Owen,"2020-05-15",mobile,73.02,2
A,1242,Angela Watson,"2024-12-27",mobile,116.67,5
A,1248,Evan Jones,"2022-01-17",mobile,87.79,3
B,1253,Michael Murray,"2023-07-03",mobile,296.71,5
B,1257,Jimmy Matthews,"2025-02-09",mobile,324.1,2
A,1262,Kimberly Collins,"2024-02-09",mobile,399.46,2
B,1263,James Sullivan,"2025-08-19",mobile,153.91,2
A,1264,Albert Pugh,"2022-12-18",mobile,50.01,4
B,1265,Adam Patterson,"2021-05-30",mobile,98.37,7
A,1268,Amy Bailey,"2022-10-03",mobile,28.89,3
B,1271,Benjamin Mcknight,"2020-10-02",mobile,57.06,2
A,1282,Benjamin Howard,"2020-06-24",mobile,189.41,4
A,1292,Julie Lara,"2023-06-15",mobile,371.54,8
A,1294,Russell Mcdonald,"2021-04-09",mobile,90.88,5
A,1298,Christopher Campos,"2024-02-25",mobile,371.73,6
B,1299,Ashley Miller,"2025-04-07",mobile,107.02,5
A,1302,Alan Padilla,"2024-03-18",mobile,716.07,4
B,1303,Ashley Dickson,"2024-09-22",mobile,409.81,3
A,1304,Brandon Perez,"2024-03-26",mobile,185.19,5
B,1305,Monique Cox,"2020-12-11",mobile,177.51,3
A,1306,Connor Rodriguez,"2022-03-05",mobile,48.72,6
A,1308,Tammy Sanchez,"2022-10-03",mobile,359.16,4
B,1309,Ashley Cooper,"2023-05-28",mobile,176.47,6
B,1311,Donna Hamilton,"2022-11-21",mobile,316.41,3
A,1312,Nathaniel Hill,"2025-06-05",mobile,13.48,3
B,1313,Teresa Buckley,"2023-10-10",mobile,83.06,3
A,1314,Kimberly Yu,"2023-12-23",mobile,466.97,4
A,1316,Maria Rodriguez,"2023-07-01",mobile,284.18,3
A,1318,Mariah Rogers,"2024-08-18",mobile,167.56,3
B,1319,Laura Camacho,"2020-01-15",mobile,164.74,2
B,1339,Isabel Adams,"2025-05-31",mobile,118.88,2
A,1340,Shane Moore,"2022-01-17",mobile,394.73,2
B,1341,Amanda Buckley,"2024-07-22",mobile,42.89,2
B,1343,Peter Adams,"2020-02-17",mobile,120.85,4
A,1344,David Schultz,"2025-10-18",mobile,721.8,4
B,1345,Carlos Duncan,"2022-10-23",mobile,39.99,2
B,1353,Kylie Taylor,"2021-12-20",mobile,63.12,10
A,1356,Leah Ward,"2024-05-18",mobile,95.46,4
A,1360,Julie Berger,"2024-12-05",mobile,413.57,4
B,1361,Susan Bell,"2023-11-21",mobile,139.35,4
B,1369,Robin Frederick,"2023-07-14",mobile,146.97,3
B,1375,Joseph Ayala,"2022-05-09",mobile,228.9,7
A,1378,Marcus Jordan,"2024-08-30",mobile,62.33,5
B,1379,James Orr,"2023-08-08",mobile,43.33,3
B,1381,Courtney Murphy,"2021-05-04",mobile,411.4,4
B,1383,Daniel Jensen,"2021-06-24",mobile,205.14,5
B,1385,Mark Stevens,"2020-09-25",mobile,105.49,5
A,1388,Anita Carney,"2024-04-24",mobile,172.67,4
B,1393,Joseph Perez,"2025-06-11",mobile,15.13,8
A,1394,Andrew Martin,"2024-10-21",mobile,110.27,3
A,1398,Janet Romero,"2023-05-09",mobile,376.8,4
B,1399,Matthew Velez MD,"2021-10-31",mobile,216.99,4
A,1400,Whitney Robinson,"2024-05-15",mobile,382.73,3
B,1401,Dr. Kathy Reese DDS,"2020-11-01",mobile,361.74,4
B,1403,Tara Maxwell,"2020-12-17",mobile,86.88,5
A,1406,Randy Carey,"2021-03-25",mobile,973.37,4
B,1409,Edwin Campbell,"2022-08-03",mobile,303.46,4
A,1414,Christopher Anderson,"2022-11-30",mobile,103.58,3
A,1416,Yvonne Schultz,"2024-10-01",mobile,506.41,4
B,1417,Lauren Marshall,"2025-08-04",mobile,40.33,2
B,1421,Debbie Miller,"2023-06-11",mobile,176.35,3
A,1424,Justin Wilson,"2020-03-24",mobile,56.1,2
A,1426,Heather Marshall,"2025-02-19",mobile,30.27,2
B,1431,Erik Perez,"2021-09-12",mobile,10.04,2
B,1437,Desiree Roberts,"2022-10-13",mobile,192.91,4
A,1440,Dustin Riley,"2021-11-03",mobile,321.55,4
B,1443,Jordan Dunn,"2021-06-23",mobile,187.46,3
B,1447,Lindsey Davis,"2025-06-01",mobile,71.68,7
B,1453,Dorothy Owen,"2021-02-11",mobile,11.62,5
B,1459,Catherine Freeman,"2022-12-28",mobile,980.95,4
A,1464,Donald Montgomery,"2023-06-15",mobile,359.16,4
A,1466,Jonathan Miller,"2020-05-12",mobile,17.92,5
A,1476,Ann Pierce,"2021-10-04",mobile,198.5,4
A,1480,Shannon Fisher DVM,"2025-04-03",mobile,213.08,8
B,1485,Stephanie Mendoza,"2020-07-06",mobile,174.23,2
A,1486,Kevin Hill,"2024-10-24",mobile,194.56,6
B,1495,Cory Jones,"2021-03-11",mobile,529.41,2
A,1496,Susan Bonilla,"2022-05-02",mobile,174.36,4
B,1497,Todd Rogers,"2024-06-26",mobile,215.97,3
A,1498,Lisa Garcia,"2025-05-14",mobile,144.33,2
B,1501,Luis Carpenter,"2024-06-20",mobile,144.46,3
A,1502,Melanie Roy,"2025-03-05",mobile,224.03,4
B,1503,Larry Grant,"2024-09-16",mobile,319.02,3
B,1505,Donald Cervantes,"2023-09-06",mobile,66.34,5
B,1511,John Cole,"2023-02-21",mobile,96.44,3
B,1517,Ronald Sanchez,"2023-11-27",mobile,540.18,5
B,1519,Ryan Cross,"2024-02-16",mobile,227.11,4
A,1520,Bryan Rivera,"2022-09-18",mobile,133.65,3
A,1522,Diane Duncan,"2024-07-28",mobile,401.84,4
B,1527,Brandon Dyer,"2023-04-29",mobile,177.42,4
B,1537,Veronica Flores,"2021-05-30",mobile,174.78,3
B,1547,Ryan Richard,"2021-03-15",mobile,135.63,3
A,1552,Colleen Walker,"2025-09-21",mobile,14.55,3
A,1554,Krista Christian,"2021-05-13",mobile,244.37,2
B,1559,Eileen Thomas,"2025-02-21",mobile,183.91,6
B,1561,Mary Craig DVM,"2021-10-27",mobile,301.6,5
B,1563,Javier Pearson,"2021-08-28",mobile,160.21,5
B,1565,Bruce Rubio,"2023-02-05",mobile,245.34,3
B,1567,Phillip Rogers,"2021-07-05",mobile,145.23,4
B,1569,Anne Ramos,"2022-07-23",mobile,70.77,2
B,1573,Sarah Smith,"2025-08-25",mobile,52.23,7
B,1581,Scott Burnett,"2021-07-29",mobile,25.46,4
A,1582,Michael Miller,"2024-11-22",mobile,111.98,4
B,1587,Roger Davis,"2024-08-31",mobile,275.87,5
B,1589,Cynthia Benton,"2022-01-05",mobile,95.64,3
B,1609,Melissa Wilson MD,"2021-11-18",mobile,307.85,2
A,1612,Paul Pratt,"2023-11-30",mobile,84.8,2
B,1619,Joseph Stewart DDS,"2024-09-18",mobile,42.34,3
B,1623,Jennifer Spence,"2023-10-31",mobile,86.9,5
B,1625,Tamara Oconnell,"2025-09-14",mobile,1501.17,3
B,1627,Erika Pacheco,"2021-01-21",mobile,56.46,3
A,1628,Thomas Sandoval,"2021-10-27",mobile,501.97,4
A,1630,Debra Rose,"2021-11-12",mobile,373.77,11
B,1631,Sandra Clark,"2021-06-25",mobile,483.48,4
A,1632,Susan Mcknight,"2023-12-14",mobile,134.88,3
B,1633,Robert Kerr,"2022-02-26",mobile,780.38,4
B,1641,Kim Walsh,"2021-09-26",mobile,109.25,3
B,1643,Stephen Burns,"2023-09-10",mobile,27.51,7
A,1644,Susan Mullins,"2022-06-22",mobile,268.93,3
A,1646,Jessica Jackson,"2022-07-08",mobile,204.29,2
A,1656,Derek Garcia,"2020-05-22",mobile,322.06,6
A,1660,Thomas Hernandez,"2022-09-04",mobile,11.03,6
B,1665,Mrs. Patricia Pierce,"2020-04-09",mobile,240.5,4
A,1672,Eric Jenkins,"2022-06-11",mobile,204.03,2
A,1676,Christopher Horn,"2024-08-17",mobile,203.2,2
A,1682,Brianna Hunt,"2020-06-13",mobile,356.41,5
A,1684,Wayne Robertson,"2023-11-14",mobile,255.82,3
A,1686,Stephen King,"2022-09-27",mobile,211.59,6
A,1688,Crystal Gordon,"2024-06-15",mobile,489.25,6
B,1695,Paul Shaw,"2023-12-04",mobile,151.19,10
A,1696,Madeline Reese,"2022-12-20",mobile,283.36,6
A,1702,Anthony Hall,"2022-04-06",mobile,96.8,6
A,1704,Danielle Jones,"2025-09-01",mobile,48.86,4
B,1705,Andrea Curry,"2022-03-24",mobile,28.04,3
A,1708,Beverly Gonzalez,"2024-11-05",mobile,102.12,3
A,1712,Melinda Brown,"2021-04-05",mobile,295.98,6
B,1715,Adam Ray,"2024-06-14",mobile,40.19,3
A,1716,Michael Wiggins,"2025-01-27",mobile,254.52,4
B,1719,Jessica Conley,"2024-11-22",mobile,458.01,2
A,1720,Mathew Turner,"2022-07-28",mobile,374.61,6
B,1721,Taylor Brown,"2020-09-06",mobile,14.55,4
A,1722,Gina Hanson,"2021-11-01",mobile,89.52,4
A,1724,Dr. Carl Sullivan,"2022-03-07",mobile,341.4,4
B,1725,Mr. Wesley Hughes,"2021-07-16",mobile,279.47,7
B,1727,Jeffery Newman,"2024-04-16",mobile,304.82,4
A,1728,Ashley Ortega DDS,"2024-11-06",mobile,113.15,8
A,1730,Justin Obrien,"2021-04-29",mobile,499.73,4
B,1731,Teresa Williams,"2024-09-17",mobile,205.69,4
A,1732,Susan Logan,"2025-04-28",mobile,597.26,3
A,1734,Ryan Moore,"2025-02-03",mobile,270.76,2
A,1740,Mark Gonzalez,"2023-05-26",mobile,12.6,2
B,1743,Sydney Fuller,"2021-12-05",mobile,426.84,5
A,1744,Connor Spencer,"2024-07-16",mobile,77.5,5
B,1751,Jonathan Cain,"2024-03-03",mobile,124.07,5
A,1752,Lori Baird,"2024-11-18",mobile,489.49,4
B,1757,Madison Lewis,"2025-10-30",mobile,76.19,3
B,1759,Lisa Dalton,"2025-10-07",mobile,152.66,2
B,1761,Mrs. Jennifer Young,"2023-10-08",mobile,145.66,3
B,1763,Joseph Lewis,"2025-08-04",mobile,75.09,2
A,1766,Megan Graves,"2021-11-22",mobile,124.21,3
A,1768,Kimberly Stewart,"2025-07-03",mobile,235.21,3
B,1769,Clayton Yang,"2021-12-25",mobile,120.92,5
A,1770,Ryan Stevens,"2024-04-16",mobile,38.09,4
A,1772,Joseph Murphy,"2025-09-16",mobile,329.57,4
B,1775,Samuel Brooks,"2020-03-07",mobile,63.06,6
B,1777,Veronica Cole,"2023-06-08",mobile,108.71,7
A,1780,Jaime Moore,"2024-01-30",mobile,241.09,4
B,1783,Angela Hodge,"2020-10-17",mobile,67.97,2
A,1784,Tamara Baldwin,"2022-06-18",mobile,457.31,4
B,1785,Charles Washington,"2022-05-22",mobile,401.06,6
A,1788,Jessica Page,"2024-05-24",mobile,109.77,3
B,1791,Daniel Roberts,"2023-12-23",mobile,163.81,4
A,1794,Linda Barton,"2021-04-08",mobile,139.88,6
A,1800,Cassandra Schwartz,"2021-04-15",mobile,27.6,3
A,1804,Elizabeth Bartlett,"2025-05-14",mobile,186.2,3
B,1807,Cynthia Mayer,"2025-08-30",mobile,53.02,4
A,1808,Jennifer Compton,"2023-11-15",mobile,699.52,8
B,1809,Ashley Bailey,"2022-07-26",mobile,368.92,5
B,1811,Veronica Robertson,"2022-06-11",mobile,257.32,8
B,1825,Ryan Lindsey,"2022-11-06",mobile,82.61,2
B,1827,Carla Reyes,"2023-04-26",mobile,287.18,3
B,1833,Timothy Williams,"2024-07-03",mobile,642.64,6
B,1835,Jennifer Mccarthy,"2024-05-14",mobile,77.35,3
B,1837,Jillian Brennan,"2024-10-30",mobile,91.6,5
A,1842,Elizabeth Carpenter,"2022-08-21",mobile,263.46,2
B,1845,Danielle Collins,"2023-02-16",mobile,299.32,4
A,1846,Sarah Choi,"2025-03-08",mobile,118.83,3
B,1857,Daniel Mitchell DDS,"2021-03-19",mobile,19.15,5
B,1859,Megan Boyd,"2024-08-08",mobile,229.7,7
A,1860,Sharon Walker,"2022-05-04",mobile,242.24,5
A,1862,Patricia Smith,"2024-07-06",mobile,108.72,4
B,1867,Gregory Lewis,"2023-11-21",mobile,43.01,3
A,1876,Kevin Schmidt,"2021-07-10",mobile,257.01,5
A,1890,William Weaver,"2025-02-17",mobile,437.68,5
A,1892,Matthew Torres,"2020-12-06",mobile,296.11,6
A,1894,Kristopher Arnold,"2020-02-28",mobile,31.1,4
B,1901,Ricky Butler,"2020-05-23",mobile,625.15,7
A,1902,Jessica Espinoza,"2023-05-15",mobile,97.24,3
B,1903,Allison Bell,"2024-12-05",mobile,365.1,5
B,1905,Kaylee Villanueva,"2023-10-06",mobile,21.48,5
A,1906,Samantha Johnson,"2025-06-05",mobile,382.84,2
B,1913,Gregory Wilson,"2025-01-18",mobile,30.29,3
B,1923,Jon Valdez,"2021-07-22",mobile,350.95,4
B,1929,Ryan Baxter,"2021-05-23",mobile,11.72,2
B,1935,Lisa Hayden,"2022-04-10",mobile,40.49,3
A,1936,Juan Bass,"2021-03-28",mobile,78.27,3
B,1939,Kristi Bailey MD,"2022-12-28",mobile,59.87,2
B,1945,Timothy Miller,"2021-10-23",mobile,263.87,7
A,1948,Raymond Gallagher,"2025-04-21",mobile,52.34,3
B,1951,Wesley Phillips,"2023-02-06",mobile,17.87,4
A,1952,Andrea Conway,"2022-02-20",mobile,536.53,9
B,1955,Jennifer Gonzalez,"2021-12-01",mobile,427.11,3
A,1956,Karen Hale,"2025-04-18",mobile,211.82,2
A,1958,Maria Giles,"2023-07-08",mobile,145.9,3
B,1959,Sean Shelton,"2021-11-06",mobile,593.51,7
A,1960,Stephen Glover,"2024-04-10",mobile,42.24,2
A,1966,Jessica Thompson,"2025-02-06",mobile,188.54,3
A,1968,Eric Armstrong,"2024-09-17",mobile,28.23,2
A,1972,Mr. Ryan Bowen,"2021-08-29",mobile,135.19,3
B,1973,Joshua Pham,"2024-01-05",mobile,122.88,2
A,1976,Amy Collins,"2023-10-16",mobile,57.44,2
B,1977,Howard Burgess,"2025-06-30",mobile,282.11,5
B,1979,Luis Myers,"2020-01-16",mobile,70.47,3
B,1981,Casey Key,"2024-07-09",mobile,72.49,3
A,1982,Crystal Johnson DDS,"2023-05-11",mobile,63.55,2
B,1983,Daniel Brady DVM,"2021-05-27",mobile,60.9,4
A,1988,Jennifer Wright,"2022-11-04",mobile,23.07,2
A,1996,Terry Hanson,"2021-11-03",mobile,268.2,6
B,1999,Stephanie Reyes,"2023-10-03",mobile,331.51,4
A,2000,Chelsea Olson,"2022-01-21",mobile,143.42,5
B,2001,Patricia Lambert,"2025-08-10",mobile,549.04,5
B,2007,Curtis Tucker,"2024-06-27",mobile,246.16,3
A,2008,Robert Nguyen,"2023-07-27",mobile,118.2,8
B,2013,Melissa Fernandez DDS,"2022-10-21",mobile,149.68,5
B,2021,Theresa Richardson,"2021-12-15",mobile,204.84,5
A,2026,David Nelson,"2023-03-12",mobile,36.39,4
B,2029,Nicholas Martinez,"2022-11-26",mobile,478.4,5
B,2035,Timothy Perry,"2025-10-28",mobile,46.41,4
B,2039,Bradley Ibarra,"2020-11-24",mobile,309.24,2
B,2045,Megan Butler,"2022-10-19",mobile,100.22,2
B,2057,George Adams,"2020-12-02",mobile,317.04,3
A,2060,Jeffrey Garcia,"2025-02-08",mobile,385.61,3
B,2067,Kristen Jordan,"2020-01-21",mobile,336.93,8
A,2068,Jordan Robinson,"2025-09-30",mobile,304.92,3
B,2069,Kimberly Oliver,"2020-07-18",mobile,162.82,7
A,2070,Andrew Manning,"2025-01-08",mobile,66.48,2
B,2073,Angel Garcia,"2022-01-31",mobile,307.74,2
A,2078,Tanner Harris,"2023-07-15",mobile,1264.53,5
B,2079,Micheal Miranda,"2025-08-21",mobile,474.53,3
A,2084,Kelly Baker,"2021-10-12",mobile,520.74,7
B,2085,Chelsey Gordon,"2023-10-12",mobile,207.33,4
B,2087,Laura Thomas,"2024-09-03",mobile,214.82,2
B,2089,Brittany Nelson,"2023-04-18",mobile,247.29,2
A,2090,Chelsea Cruz,"2020-09-03",mobile,108.85,3
B,2091,David Randolph,"2025-07-20",mobile,36.69,6
B,2095,Nicholas Paul,"2020-10-03",mobile,212.74,5
B,2113,John Velazquez,"2021-12-24",mobile,57.86,3
A,2114,Sandra Vaughan,"2021-07-29",mobile,47.39,5
B,2115,Lori Johnson,"2025-06-17",mobile,248.57,4
A,2118,Kim Gutierrez,"2025-06-18",mobile,124.16,5
B,2121,Kevin Garza,"2024-09-24",mobile,680.76,7
A,2122,Belinda Payne,"2024-01-15",mobile,316.28,3
B,2123,Tamara Huffman,"2021-01-07",mobile,311.33,2
A,2124,Todd Ali Jr.,"2025-05-10",mobile,270.78,7
B,2125,Jonathan Clark,"2025-07-07",mobile,93.15,3
A,2128,Nichole Schroeder,"2025-09-25",mobile,90.95,3
B,2129,Thomas Hughes,"2020-01-04",mobile,179.18,5
B,2131,Suzanne Cole,"2020-07-28",mobile,105.35,3
B,2133,Andrew Smith,"2022-12-20",mobile,561.29,5
A,2134,Dustin Lee,"2023-01-08",mobile,108.81,4
A,2136,Mark Ward,"2021-02-05",mobile,66.22,2
B,2137,Brian Mathis,"2021-03-17",mobile,141.04,5
B,2139,Ashley Levine,"2021-08-20",mobile,182.01,3
A,2140,Jamie Mcfarland,"2023-10-28",mobile,137.81,4
B,2141,Rodney Collins,"2022-12-13",mobile,506.38,5
A,2142,Kelly Bell,"2025-08-23",mobile,81.82,6
A,2144,Wendy Thompson,"2022-10-07",mobile,444.46,4
A,2148,Anna Garcia,"2025-09-13",mobile,468.17,4
A,2150,Dr. Catherine Garza,"2020-12-10",mobile,388.93,7
B,2151,Lindsey Jacobs,"2023-05-31",mobile,481.12,4
A,2152,Omar Winters,"2021-05-24",mobile,264.99,3
A,2158,Henry Bell,"2025-06-23",mobile,126.35,3
B,2161,Thomas Gibbs,"2024-09-24",mobile,58.75,5
B,2165,Caroline Moore,"2020-02-11",mobile,195.87,5
A,2166,Crystal Flores,"2021-09-27",mobile,203.44,4
B,2173,Christina Martin,"2020-05-10",mobile,30.61,2
B,2175,Shari Lynch,"2022-11-22",mobile,54.13,3
A,2178,Eric Robinson,"2022-10-18",mobile,258.68,4
B,2181,Kimberly Chase,"2021-09-15",mobile,36.15,4
B,2183,Elizabeth Hall,"2022-01-13",mobile,42.86,2
A,2184,Marc Smith,"2024-10-02",mobile,292.71,3
B,2185,Kelly Freeman,"2025-08-15",mobile,78.66,2
B,2187,Steve Johnson,"2024-11-02",mobile,43.63,2
A,2188,Deborah Reyes,"2021-12-10",mobile,185.33,6
B,2191,Jimmy Hodge,"2023-05-05",mobile,53.7,6
B,2193,Laurie Hill MD,"2020-06-03",mobile,346.42,5
B,2195,Peter Hogan,"2020-05-04",mobile,52.8,3
B,2197,Kim Patel,"2021-02-04",mobile,366.01,2
B,2207,Michael Bryant MD,"2022-10-31",mobile,514.37,6
A,2210,Jamie Bailey,"2021-01-04",mobile,90.18,3
A,2212,Kenneth Poole,"2021-05-16",mobile,93.0,4
B,2219,William Hanna,"2020-07-07",mobile,472.97,7
A,2220,John Guzman,"2022-12-08",mobile,20.94,2
B,2221,Cody Lucas,"2022-10-20",mobile,63.69,3
A,2222,David Trevino,"2022-02-03",mobile,155.74,3
B,2223,Ashley Scott,"2025-04-01",mobile,282.55,6
B,2225,Arthur Hobbs,"2023-07-25",mobile,183.41,4
A,2228,Katherine Bush,"2022-02-27",mobile,94.77,6
A,2230,Joe Sanchez,"2024-05-18",mobile,469.62,5
A,2236,Eric Reyes,"2024-06-24",mobile,229.74,2
B,2237,Christopher French,"2020-07-07",mobile,293.56,8
B,2239,Angela Norris MD,"2021-01-16",mobile,60.81,2
B,2241,Jackson Wilcox,"2022-01-24",mobile,106.12,5
A,2246,Jill Sanchez,"2022-02-12",mobile,333.22,3
B,2255,Alex Gutierrez,"2025-07-31",mobile,235.27,2
A,2258,Jennifer Carroll,"2024-09-30",mobile,13.72,3
B,2261,David Reyes,"2023-06-19",mobile,203.95,2
A,2268,John Scott,"2021-09-21",mobile,14.08,2
B,2269,Robert Miller,"2022-07-29",mobile,314.72,5
B,2271,Stephanie Hicks,"2024-04-27",mobile,38.57,2
A,2272,Mr. William Jackson PhD,"2023-09-24",mobile,158.96,4
A,2274,Lisa Phillips,"2023-02-05",mobile,30.84,3
B,2285,Amanda Hall,"2024-07-05",mobile,16.96,7
A,2286,Molly Martin,"2023-05-11",mobile,167.32,5
B,2289,Sabrina Lopez,"2024-08-18",mobile,40.86,4
B,2291,Terrence Evans,"2022-01-15",mobile,955.43,3
A,2292,Sherry Chavez,"2021-06-09",mobile,54.44,7
B,2293,Mary Owens,"2020-01-16",mobile,139.05,3
A,2296,Melinda Byrd,"2022-09-24",mobile,489.79,4
A,2298,Teresa Dalton,"2020-11-15",mobile,148.31,6
B,2299,Danielle Jefferson,"2024-05-04",mobile,246.33,5
A,2300,Hannah Maddox,"2024-12-20",mobile,113.95,4
B,2303,Timothy Jordan,"2022-02-17",mobile,241.18,5
A,2308,Miguel Bennett,"2023-04-15",mobile,296.41,6
A,2314,Dawn Mcdaniel,"2024-08-20",mobile,369.96,5
A,2320,John Stevens,"2024-09-07",mobile,46.92,3
B,2323,Carol Jones,"2025-01-10",mobile,46.99,5
A,2324,Jonathan Bennett,"2023-03-20",mobile,417.41,6
B,2325,Crystal Compton,"2023-10-11",mobile,131.99,3
B,2329,Christopher Miller,"2022-06-28",mobile,270.38,5
B,2341,Christina Woodward MD,"2021-06-26",mobile,252.81,4
B,2345,Raymond Murphy,"2021-09-07",mobile,169.78,9
A,2346,Wendy Wright,"2022-08-05",mobile,84.05,3
A,2350,Eric Oneal,"2024-09-24",mobile,85.16,3
B,2351,Sarah Moreno,"2021-04-23",mobile,47.85,2
B,2353,Richard Parker,"2020-06-06",mobile,27.11,4
A,2356,Kimberly Cuevas,"2021-06-15",mobile,12.08,4
A,2364,Lisa Mcmillan,"2021-06-02",mobile,71.38,2
A,2366,Michael Baker,"2020-03-20",mobile,78.1,2
A,2370,Katherine Ware,"2025-02-23",mobile,53.55,4
B,2371,Maria Sandoval,"2020-11-09",mobile,29.51,2
B,2373,Tammy Stone,"2021-08-26",mobile,111.55,6
B,2379,Mitchell Herrera,"2023-03-31",mobile,27.68,4
A,2384,Shawna Hendricks,"2020-02-14",mobile,413.19,7
A,2386,Benjamin Chambers,"2022-10-04",mobile,440.22,5
B,2387,Mr. Charles Herrera,"2025-02-05",mobile,481.41,5
B,2389,Jacob Johnson,"2023-05-31",mobile,261.44,2
B,2391,Brittany Barnes,"2024-02-21",mobile,110.55,4
B,2393,Whitney Martin,"2024-10-03",mobile,28.03,2
B,2401,James Yates,"2022-02-04",mobile,196.82,4
A,2404,Paul Jones,"2023-06-27",mobile,116.15,3
B,2407,Melanie Reilly MD,"2025-07-07",mobile,55.05,5
A,2408,Ryan Gallagher,"2020-12-27",mobile,158.14,7
B,2409,Brooke Nichols,"2025-05-28",mobile,221.96,3
A,2410,Kari George,"2022-03-17",mobile,200.55,4
B,2421,Rhonda Wilson,"2021-12-04",mobile,33.26,3
B,2423,Jennifer Cherry,"2023-06-26",mobile,75.72,2
A,2424,James Green,"2020-07-16",mobile,66.46,2
B,2427,Daniel Flowers,"2024-05-01",mobile,167.5,6
A,2428,Stephanie Ward,"2023-12-18",mobile,392.51,6
B,2429,Bradley Fernandez,"2021-08-01",mobile,373.65,6
B,2437,Stephanie Zamora,"2023-05-17",mobile,317.26,7
A,2440,Carly Henry,"2022-03-08",mobile,145.19,6
B,2441,John White,"2020-08-13",mobile,108.81,4
A,2442,Jamie Martinez,"2025-01-27",mobile,321.25,2
B,2443,Rachel Gregory,"2023-05-06",mobile,290.59,2
B,2445,Cameron Anderson DDS,"2020-06-17",mobile,289.45,2
A,2448,Holly Sullivan,"2025-09-09",mobile,225.23,3
B,2451,Jeffrey Andrews,"2021-11-18",mobile,65.93,4
A,2452,James Thomas,"2025-09-21",mobile,372.3,5
A,2454,Sherri Moore,"2020-11-24",mobile,51.23,6
B,2457,Dawn Edwards,"2022-03-19",mobile,33.63,2
A,2458,Jason Mitchell,"2020-05-02",mobile,31.31,2
B,2459,Teresa Nelson,"2025-02-07",mobile,63.61,3
A,2460,Jamie Andersen,"2023-03-16",mobile,44.13,5
B,2467,Erin Baldwin,"2022-05-27",mobile,17.08,6
A,2468,Douglas Mason,"2025-06-09",mobile,437.3,4
B,2473,William Watson,"2025-06-17",mobile,186.98,4
A,2474,Paul Houston,"2022-05-06",mobile,91.27,4
B,2475,William Miller,"2025-06-05",mobile,612.17,5
A,2478,Brian Reyes,"2020-08-16",mobile,123.36,4
A,2482,Julia Mcgrath,"2023-07-22",mobile,185.04,3
A,2484,Lance Torres,"2024-10-27",mobile,221.62,6
A,2486,Rachel Galloway,"2024-02-08",mobile,93.78,4
B,2489,Jason Smith,"2020-06-15",mobile,260.56,8
A,2490,William Lewis,"2023-08-14",mobile,57.8,6
A,2494,Michael Vazquez,"2023-11-11",mobile,432.24,5
A,2496,Susan Schultz,"2025-02-16",mobile,139.13,4
A,2498,Harold Moore,"2023-03-22",mobile,64.1,3
B,2501,James Leonard,"2020-02-02",mobile,267.39,6
A,2502,Lisa Nicholson,"2025-05-09",mobile,43.24,4
B,2503,Jason Valenzuela,"2022-12-24",mobile,78.85,3
A,2504,Lori Gonzalez,"2022-03-11",mobile,142.68,5
B,2507,Debra Schroeder,"2024-02-20",mobile,366.59,6
B,2509,Kimberly Hardin,"2021-06-10",mobile,106.31,3
A,2510,Tricia Brown,"2024-05-02",mobile,57.2,2
B,2511,Aaron Arnold,"2023-02-17",mobile,151.14,6
A,2512,Jessica Esparza,"2022-04-13",mobile,292.55,3
A,2516,Matthew Jensen,"2023-01-24",mobile,613.85,4
A,2518,Nicholas Johnson,"2020-01-22",mobile,161.02,4
B,2519,Jasmine Johnson,"2021-05-06",mobile,472.05,3
A,2520,Diana Barry,"2020-06-24",mobile,312.3,4
A,2522,Victoria Gordon,"2024-10-16",mobile,71.03,3
B,2531,Lawrence Massey,"2025-07-19",mobile,440.0,6
B,2533,Katelyn Edwards,"2020-06-11",mobile,100.72,3
B,2535,Mary Walker,"2022-06-07",mobile,71.62,4
A,2542,Angela Velazquez,"2022-08-06",mobile,214.99,7
A,2548,Andrea Webster,"2024-11-09",mobile,60.4,2
B,2549,Jason Wolfe,"2024-09-05",mobile,59.24,4
A,2552,Shawn Phillips,"2022-09-16",mobile,216.09,6
A,2558,Diane Kelly,"2021-04-25",mobile,423.05,5
A,2560,Matthew Townsend,"2024-09-04",mobile,246.8,5
B,2561,Michael Levine,"2023-05-26",mobile,447.62,4
A,2562,Karen Santiago,"2025-09-17",mobile,521.06,4
B,2563,Jenna White,"2022-12-18",mobile,467.8,3
A,2564,Kyle Harris,"2023-09-03",mobile,417.25,3
B,2565,Patricia Guzman,"2023-09-12",mobile,305.11,2
A,2570,Charles Thompson,"2021-04-07",mobile,138.83,4
B,2571,Susan Vaughn,"2021-05-02",mobile,159.7,4
B,2573,Michael Chandler,"2025-01-27",mobile,469.06,4
A,2574,Kristen Smith,"2024-11-05",mobile,99.17,5
B,2577,Deanna Flores,"2022-09-06",mobile,59.33,2
B,2579,Teresa Schwartz,"2020-10-30",mobile,28.13,5
B,2581,Michael Casey,"2023-03-13",mobile,17.31,3
A,2584,Jacob Mahoney,"2024-12-07",mobile,124.12,3
B,2587,Antonio Jenkins,"2025-04-02",mobile,94.35,3
B,2589,Tammy Lopez,"2023-03-29",mobile,30.27,2
A,2594,Michelle Morris,"2024-02-27",mobile,51.43,2
B,2595,Andrew Gomez,"2025-03-23",mobile,97.67,4
A,2596,Victor Armstrong,"2025-06-28",mobile,356.36,3
B,2597,Dana Rodriguez,"2020-12-07",mobile,215.7,4
A,2604,Patricia Sutton,"2022-03-08",mobile,603.94,4
B,2611,Steven Garrison,"2025-05-28",mobile,15.72,6
A,2612,Adam Martin,"2022-08-04",mobile,118.51,2
B,2615,Richard Smith,"2020-11-30",mobile,65.84,5
A,2616,Donald Young,"2022-04-28",mobile,23.21,2
A,2618,Angel Meyer,"2025-03-23",mobile,91.23,3
A,2620,Franklin Phillips,"2025-04-27",mobile,150.09,5
A,2622,Charles May,"2020-05-09",mobile,30.61,3
A,2632,Michael Rowe,"2020-07-01",mobile,250.25,3
A,2640,Christopher Wilkinson,"2025-10-24",mobile,58.98,4
B,2641,Karen Smith,"2020-07-15",mobile,175.6,4
B,2645,Carl Sanders,"2025-10-23",mobile,278.52,3
B,2653,Nicole Reeves,"2021-10-15",mobile,164.16,3
B,2655,Brian Johnson,"2020-07-07",mobile,70.75,3
A,2656,Stephanie Cook,"2024-03-23",mobile,23.03,2
A,2658,Christopher Brown,"2023-02-20",mobile,58.12,7
B,2661,Shawn Rodriguez,"2023-07-21",mobile,10.18,4
B,2663,David Luna,"2022-11-08",mobile,190.04,5
A,2664,Phillip Smith,"2021-05-21",mobile,110.26,5
A,2670,Bonnie Parrish,"2021-02-04",mobile,220.06,6
A,2672,Kristin Solomon,"2023-04-16",mobile,315.51,6
A,2676,Zoe Wilson,"2023-12-29",mobile,98.22,3
B,2677,Robert Steele,"2025-01-28",mobile,180.48,5
A,2678,Christina Jones,"2023-08-25",mobile,79.84,3
A,2680,Mikayla Hall,"2024-01-01",mobile,148.69,2
B,2683,Christian Conway,"2024-09-12",mobile,78.41,2
B,2685,Tyler Williams,"2025-02-07",mobile,321.83,6
B,2691,Katrina Stevens,"2023-05-31",mobile,255.96,6
A,2692,Mary Thomas,"2020-06-09",mobile,477.71,3
A,2696,Brianna Mcguire,"2021-05-03",mobile,90.3,2
B,2697,Tammy Ingram,"2025-07-02",mobile,18.75,3
A,2698,Joseph Jacobs,"2021-07-23",mobile,131.17,8
B,2705,Adam Johns,"2025-09-13",mobile,457.08,5
A,2706,Richard Bryant,"2023-03-25",mobile,118.04,4
B,2713,William Kelly,"2024-09-19",mobile,18.98,5
A,2714,John Savage,"2025-06-30",mobile,39.27,4
A,2718,Patricia Flores,"2022-11-03",mobile,14.82,2
B,2719,Megan Johnson,"2025-03-01",mobile,582.77,7
A,2720,David Williams,"2024-02-11",mobile,153.06,4
B,2721,April Evans,"2024-11-03",mobile,242.76,5
A,2726,Pam Burns,"2021-11-17",mobile,45.87,6
B,2727,Robert Brock,"2021-05-11",mobile,68.55,4
A,2728,Brian Waters,"2023-05-10",mobile,176.84,4
B,2731,Mary Odom,"2024-01-17",mobile,174.68,3
A,2732,Gregory Brown,"2023-08-13",mobile,131.04,6
A,2734,Brandon Romero,"2021-03-12",mobile,68.58,3
A,2736,Rebecca Miller,"2023-04-02",mobile,54.58,2
A,2746,Claire Mullins,"2022-07-21",mobile,172.63,3
A,2748,Frank Taylor,"2022-02-22",mobile,40.72,4
A,2752,Anna Guerrero,"2024-07-16",mobile,471.5,4
B,2753,Natasha Le,"2020-12-31",mobile,61.63,7
A,2754,Christine Cobb,"2024-01-05",mobile,225.17,6
A,2760,Christopher Walker,"2021-07-02",mobile,335.03,4
A,2764,John Rodriguez,"2023-01-01",mobile,31.77,3
A,2766,Jessica Dickson,"2021-08-19",mobile,64.37,4
A,2770,Nicole Munoz,"2025-01-31",mobile,205.87,5
B,2771,Thomas Powell,"2023-12-02",mobile,58.96,5
B,2773,Manuel Brown,"2021-08-17",mobile,162.41,5
B,2777,Yesenia Horton,"2025-02-06",mobile,100.05,5
A,2780,Thomas Perez,"2025-03-22",mobile,188.94,4
B,2781,Michelle King,"2022-07-25",mobile,108.38,4
A,2784,Nicholas Reed,"2020-07-08",mobile,287.3,3
B,2789,Aimee Taylor,"2021-06-25",mobile,95.08,3
A,2792,Diane Fowler,"2025-01-28",mobile,83.39,5
B,2809,Craig Everett,"2022-03-09",mobile,28.65,5
B,2813,Linda Patel,"2024-02-04",mobile,90.74,3
A,2814,Joseph Smith,"2024-11-17",mobile,83.63,6
A,2818,Andrew Miller,"2023-08-17",mobile,33.58,2
B,2819,Amber Levy,"2021-03-12",mobile,745.9,10
B,2821,Douglas Gilmore MD,"2021-06-23",mobile,29.18,6
A,2824,Albert Blackwell,"2025-09-25",mobile,140.29,5
B,2825,Michael Knight,"2022-12-16",mobile,186.56,6
A,2834,Vanessa Colon,"2020-08-21",mobile,180.79,5
B,2845,Robert Hammond,"2022-02-28",mobile,553.84,2
A,2846,Virginia Neal,"2020-07-26",mobile,126.37,4
B,2847,Christopher Gregory,"2023-01-31",mobile,320.97,2
B,2849,Kristen Owens,"2025-06-13",mobile,317.99,3
B,2851,Anthony Barton,"2025-10-07",mobile,326.87,3
A,2854,Mr. Tristan Gonzales,"2021-06-22",mobile,563.98,2
B,2855,Kari Dalton,"2025-04-10",mobile,142.34,5
B,2857,Kyle Sullivan,"2025-05-04",mobile,171.44,4
A,2860,Pedro Lowe,"2023-02-18",mobile,122.53,8
A,2862,Stephanie Owens,"2025-08-17",mobile,29.22,3
B,2865,Lisa Ortega,"2022-08-18",mobile,226.07,5
B,2875,Erica Bishop,"2024-08-18",mobile,76.46,5
B,2881,Melissa Gardner,"2022-10-15",mobile,154.0,3
B,2883,Heather Fox,"2024-01-02",mobile,282.96,4
A,2884,Lisa Hester,"2022-03-06",mobile,146.58,3
B,2889,Brett Parker,"2024-06-11",mobile,34.34,4
A,2890,Zachary Sellers,"2023-04-05",mobile,106.94,4
B,2893,Christopher Phillips,"2023-02-15",mobile,61.51,2
B,2897,Jason Campbell,"2021-09-08",mobile,168.96,2
B,2899,Jackson Brandt,"2021-12-03",mobile,75.64,4
A,2900,Tammy Murphy,"2020-01-26",mobile,659.24,4
A,2904,Vanessa Jones,"2021-10-25",mobile,154.64,3
A,2906,Mrs. Rebecca Vazquez,"2021-03-13",mobile,429.8,8
A,2912,Elizabeth Roberts,"2021-12-06",mobile,184.2,3
B,2917,Michael Oliver,"2024-01-20",mobile,172.97,3
A,2922,Angela Grimes,"2024-05-18",mobile,148.61,4
B,2925,Charles Taylor,"2023-07-26",mobile,193.81,4
B,2931,Brian Fowler,"2020-04-20",mobile,58.65,4
A,2932,Chris Hernandez,"2021-11-14",mobile,174.78,3
A,2934,Jeffrey Robbins,"2024-08-23",mobile,487.02,2
B,2935,Alex Sanchez,"2021-09-01",mobile,115.09,5
B,2937,Ana Hernandez,"2022-06-14",mobile,213.23,2
B,2941,Robert Henry,"2022-06-09",mobile,102.19,3
A,2942,Matthew George,"2023-06-09",mobile,281.41,4
A,2946,Oscar Murphy,"2021-08-01",mobile,221.87,4
B,2949,Ricardo Prince,"2023-04-07",mobile,61.64,3
B,2953,Sarah Cole,"2021-11-22",mobile,81.42,4
B,2957,Oscar Chang,"2024-10-09",mobile,283.66,2
A,2958,John Greene,"2025-03-20",mobile,39.0,3
B,2961,Cory Davis MD,"2020-07-01",mobile,105.54,5
B,2963,Rhonda Banks,"2024-08-02",mobile,507.39,4
B,2965,Mitchell Parker,"2021-11-24",mobile,1082.64,3
A,2968,Elizabeth Baird,"2024-04-04",mobile,104.12,3
B,2969,Ryan Beard,"2023-07-24",mobile,11.92,3
A,2970,Christopher Rodriguez,"2023-12-18",mobile,409.35,2
A,2974,William Brennan,"2024-11-22",mobile,538.35,4
A,2980,Jonathan Oconnor MD,"2024-03-30",mobile,370.18,5
A,2984,Jacqueline Jenkins,"2025-05-24",mobile,27.51,6
B,2985,Mr. Christopher Wright,"2025-03-29",mobile,65.23,2
A,2992,Darryl Hodges,"2022-05-09",mobile,23.52,4
B,2993,Katelyn Calhoun,"2023-03-22",mobile,623.72,3
A,2996,Lisa Gray,"2022-01-11",mobile,267.65,2
B,2997,Thomas Tate,"2020-02-23",mobile,371.35,6
A,3000,Kristine Warren,"2023-10-23",mobile,159.95,2
B,3001,James Brown,"2024-02-14",mobile,243.74,5
A,3010,David Gentry,"2024-04-11",mobile,162.15,5
B,3011,Francisco Caldwell,"2022-04-05",mobile,72.71,7
A,3014,Mary Russell,"2023-04-18",mobile,449.79,8
B,3015,Mark Campbell,"2020-08-06",mobile,227.61,4
B,3021,Seth Mitchell,"2022-11-06",mobile,92.43,6
A,3024,Travis Miller,"2020-04-20",mobile,363.74,3
B,3025,Cindy Frey,"2024-08-19",mobile,27.34,2
A,3028,Victoria Massey,"2023-03-24",mobile,48.35,3
A,3032,Linda Bryant,"2025-01-05",mobile,23.23,5
B,3033,Jennifer Henry,"2023-12-29",mobile,744.07,5
A,3036,Steven Warren,"2021-02-23",mobile,220.62,8
B,3037,Jodi Baird,"2022-02-26",mobile,281.25,6
A,3042,Marissa Wood,"2023-04-14",mobile,260.74,4
B,3047,James Mack,"2020-05-04",mobile,274.44,4
B,3051,Rebecca Jimenez,"2023-08-24",mobile,168.62,2
B,3055,Kelly Martin,"2022-02-24",mobile,243.27,3
B,3057,Mrs. Christy Adams PhD,"2024-07-13",mobile,96.52,2
A,3060,Diana Phillips,"2024-06-17",mobile,442.25,5
B,3061,Christopher Koch,"2020-05-09",mobile,138.7,2
B,3063,Jonathan Mendez,"2021-03-10",mobile,90.88,6
A,3064,Lydia Cobb,"2020-12-18",mobile,26.37,3
B,3067,Sara Bowers,"2023-06-11",mobile,340.03,6
A,3070,Charles Walter,"2023-05-26",mobile,202.24,4
B,3073,Christopher Davis,"2023-08-09",mobile,58.69,3
A,3074,Ruth Brooks,"2022-04-27",mobile,436.79,4
B,3077,Beverly Miller,"2021-09-05",mobile,244.48,4
B,3079,Michael Brown,"2021-12-22",mobile,88.74,4
A,3080,Allison Brown,"2024-11-08",mobile,50.14,3
B,3081,Miranda Jones,"2020-01-17",mobile,78.29,2
B,3083,Vanessa Garcia,"2020-02-19",mobile,170.37,3
B,3089,Jennifer Mcclain,"2024-07-09",mobile,11.65,5
A,3098,Robert Rose,"2021-04-04",mobile,740.0,4
B,3099,Karen Miller,"2020-01-04",mobile,273.61,2
B,3107,Jessica Kirk,"2021-05-20",mobile,74.01,8
B,3109,Lisa Allison,"2021-11-02",mobile,270.8,6
A,3112,Tonya Burns,"2020-08-08",mobile,289.96,2
A,3118,Timothy Mccall,"2025-07-02",mobile,45.77,5
B,3121,Jon Walker,"2020-06-06",mobile,38.31,6
A,3124,Tracie Lucas,"2023-08-12",mobile,740.93,5
A,3126,Ashley Gallagher,"2022-01-27",mobile,170.62,6
B,3129,Annette Fleming,"2024-01-30",mobile,549.46,5
B,3139,Linda Taylor,"2025-04-15",mobile,780.95,5
A,3140,Mark Gray,"2021-11-30",mobile,647.51,5
A,3142,Sarah Cunningham,"2020-03-05",mobile,64.88,4
B,3145,Troy Pitts,"2021-09-24",mobile,119.34,5
A,3146,Reginald Davidson,"2022-09-12",mobile,69.25,2
B,3147,Victoria Koch,"2021-09-12",mobile,209.05,4
B,3149,Jeremy Branch,"2022-11-28",mobile,136.27,5
A,3150,Kevin Nelson,"2025-05-06",mobile,56.24,3
A,3152,Curtis White,"2025-01-16",mobile,134.24,5
B,3157,Jennifer Dawson,"2025-07-06",mobile,54.64,3
B,3165,Richard Lopez,"2021-08-29",mobile,608.2,3
A,3166,Sarah Mcneil,"2020-07-19",mobile,62.77,3
A,3168,Keith Perez PhD,"2020-12-25",mobile,146.18,5
B,3169,Destiny York,"2023-04-30",mobile,70.92,5
A,3170,Jamie Johnson,"2021-06-06",mobile,251.92,4
A,3172,Mike White,"2020-03-30",mobile,44.52,4
A,3174,Connie Bentley,"2023-02-28",mobile,15.91,4
B,3175,Ashley Melton,"2024-03-05",mobile,176.49,3
A,3184,Matthew Sanchez,"2025-09-18",mobile,85.31,2
B,3189,Kara Herrera,"2022-12-23",mobile,101.56,2
A,3190,Karen Horton,"2025-07-30",mobile,38.18,2
A,3194,Clifford Woods,"2024-07-21",mobile,64.88,4
B,3199,Joel Griffin,"2021-08-04",mobile,53.75,3
B,3201,Melissa Martinez,"2025-08-06",mobile,243.95,4
A,3204,Susan Bryant,"2021-11-20",mobile,574.68,4
B,3207,Mary Hoffman,"2022-05-15",mobile,232.87,5
A,3216,Amber Logan,"2022-07-19",mobile,76.29,5
A,3218,Rebecca Diaz,"2021-07-06",mobile,83.19,2
B,3219,Alexandra Townsend,"2024-04-11",mobile,30.57,4
B,3221,Marie Collier,"2024-02-25",mobile,212.63,6
A,3224,Nichole Benjamin,"2024-05-03",mobile,118.48,7
B,3225,Michael Blair,"2022-06-14",mobile,55.11,4
A,3226,Erin Elliott,"2024-05-15",mobile,23.41,5
A,3234,Bethany Carpenter,"2023-01-27",mobile,109.24,7
A,3238,Linda Woods,"2020-11-14",mobile,91.43,4
A,3240,Daniel Anderson,"2025-04-19",mobile,85.03,3
B,3241,Shaun Singh,"2022-10-02",mobile,154.48,5
B,3249,Kevin Richardson,"2025-03-29",mobile,47.13,4
B,3257,Ann Glover,"2022-08-20",mobile,422.01,3
A,3258,Dillon Bowman,"2024-01-26",mobile,256.68,5
B,3259,George Gray,"2021-03-20",mobile,90.54,4
A,3260,Cindy Williams,"2023-05-07",mobile,214.24,8
A,3264,Terri Becker,"2023-07-08",mobile,797.8,6
B,3265,Sophia Peters,"2021-10-07",mobile,101.16,3
A,3268,Douglas Taylor,"2024-07-02",mobile,24.0,4
A,3272,David Moon,"2025-03-05",mobile,154.2,3
A,3274,Shannon Mercado,"2020-08-20",mobile,35.55,2
A,3276,Amanda Davis,"2022-11-07",mobile,214.77,2
B,3279,Emily Wright,"2020-12-08",mobile,266.35,2
A,3284,Marc Moody,"2021-06-27",mobile,406.01,4
A,3292,Thomas Thomas,"2023-02-18",mobile,414.27,4
B,3293,Amber Goodwin,"2021-06-24",mobile,181.57,2
A,3294,Gerald King,"2024-11-27",mobile,95.23,2
A,3296,Joseph Daniel,"2024-07-09",mobile,212.61,7
B,3299,Joseph Allison,"2020-01-27",mobile,305.23,6
A,3302,Lindsay Reeves,"2021-01-25",mobile,94.4,3
B,3303,Jacqueline Thompson,"2021-08-28",mobile,310.15,4
B,3309,Thomas Terrell,"2022-10-23",mobile,117.24,2
A,3314,Julie Anderson,"2020-04-19",mobile,171.73,8
A,3318,Michael Bryant,"2025-05-26",mobile,143.08,3
B,3319,Jennifer Cox,"2023-07-21",mobile,50.14,5
A,3324,Brandi Hardy,"2022-11-14",mobile,20.11,3
B,3329,Matthew Sanders,"2022-10-07",mobile,332.18,2
A,3330,Sara Dixon,"2021-12-09",mobile,401.74,5
B,3333,Kayla Gomez,"2021-08-06",mobile,311.99,3
A,3338,Crystal Wallace,"2023-12-07",mobile,144.39,7
A,3348,Anthony Greene,"2022-02-01",mobile,179.4,6
B,3353,Angela Williams,"2025-10-31",mobile,197.69,2
B,3357,Kyle Palmer,"2021-07-22",mobile,96.62,3
A,3362,Carrie Sanchez,"2023-10-19",mobile,72.1,5
B,3365,Amber Anderson,"2023-07-18",mobile,34.41,4
A,3366,Jennifer Underwood,"2022-08-28",mobile,78.51,3
A,3368,Jennifer Mendez,"2022-10-30",mobile,226.06,3
B,3371,Alejandra Fischer,"2023-12-31",mobile,69.35,5
A,3382,James Lewis,"2024-04-28",mobile,115.69,3
B,3383,Katie Hebert,"2024-07-11",mobile,630.11,7
B,3385,Jimmy Nichols,"2024-07-16",mobile,68.5,4
B,3391,Carlos Goodman,"2023-07-22",mobile,31.59,9
B,3393,Joseph Tyler,"2023-02-12",mobile,72.39,3
A,3394,Charles Gomez,"2024-10-06",mobile,367.01,5
B,3395,Carla Mack,"2023-05-02",mobile,227.86,4
A,3396,Sherri Liu,"2022-05-13",mobile,268.17,7
A,3402,Mark Gibson,"2022-11-17",mobile,100.88,6
B,3405,Matthew Yates,"2020-06-18",mobile,308.43,3
B,3411,Douglas Mccormick,"2025-06-24",mobile,1131.67,7
B,3413,Jesse Taylor,"2022-01-28",mobile,297.01,4
A,3414,Catherine Meyers,"2021-10-20",mobile,122.23,5
A,3416,Donna Richardson,"2025-01-17",mobile,89.9,6
B,3419,Terry Coffey,"2021-05-20",mobile,115.56,3
B,3423,Hailey Watts,"2021-11-26",mobile,612.9,8
B,3429,Michael Gomez,"2022-01-30",mobile,197.51,6
A,3434,Samantha Holmes,"2021-07-15",mobile,12.32,5
B,3439,Robert Proctor,"2023-04-18",mobile,370.84,4
B,3441,Michael Ramos,"2025-05-29",mobile,465.66,3
A,3446,Sean Schwartz,"2024-02-04",mobile,282.37,4
A,3448,Brian Diaz,"2020-01-23",mobile,292.35,5
A,3450,Donna Rosario,"2021-05-30",mobile,104.54,3
A,3454,Matthew Lopez,"2023-05-22",mobile,79.84,4
A,3456,Jordan Cervantes,"2024-05-18",mobile,348.7,4
A,3458,Mary Wells,"2024-05-15",mobile,392.84,5
B,3463,Todd Jones,"2024-10-01",mobile,49.15,4
B,3465,Jonathan Johnson,"2023-03-01",mobile,52.91,3
B,3467,Deborah Steele MD,"2023-12-12",mobile,119.55,5
B,3475,Madison Pacheco,"2023-05-17",mobile,52.8,2
A,3482,John Briggs,"2023-11-24",mobile,178.41,5
B,3485,Jesse Gould,"2022-08-09",mobile,43.88,4
A,3490,Christina Vasquez,"2022-03-02",mobile,176.03,3
B,3491,Daniel Page,"2025-07-26",mobile,144.15,5
A,3496,Stephanie Sanchez,"2021-10-19",mobile,35.84,5
A,3500,Ashley Gallagher,"2024-03-05",mobile,93.31,3
B,3503,Kristina Sanders,"2020-03-20",mobile,81.1,3
A,3508,Ashley Brown,"2020-06-09",mobile,73.34,7
B,3509,Wanda White,"2022-08-04",mobile,11.13,2
B,3511,Andrea Snyder,"2021-07-22",mobile,278.44,3
A,3512,Brenda Gamble,"2023-03-17",mobile,235.39,6
B,3521,Kelly Good,"2021-06-26",mobile,156.8,2
A,3526,Leslie Mills,"2025-01-04",mobile,111.21,2
A,3540,Michael Kaufman,"2023-05-13",mobile,44.44,4
B,3545,Mr. Jeremy Fisher,"2024-05-21",mobile,477.86,4
A,3546,Chad Larson,"2025-07-29",mobile,269.47,5
A,3548,Jennifer Brown,"2025-07-08",mobile,90.07,2
A,3554,Crystal Grant,"2021-12-12",mobile,134.59,7
B,3555,Kyle Doyle,"2024-11-07",mobile,131.68,4
B,3563,Jordan Jordan,"2022-11-30",mobile,204.7,5
B,3567,Kimberly Hopkins,"2024-12-09",mobile,21.63,2
B,3569,Brittany Rodriguez,"2021-06-25",mobile,128.04,4
A,3570,Debra Nelson,"2020-05-08",mobile,91.97,3
B,3573,Joseph Stevens,"2020-06-25",mobile,87.31,7
A,3574,Victoria Rodriguez,"2024-05-17",mobile,160.05,2
A,3576,Courtney Murphy DDS,"2023-06-20",mobile,127.44,7
B,3577,Mr. Nicholas Jackson,"2020-06-07",mobile,69.54,3
A,3578,Alice Torres,"2020-03-23",mobile,650.53,5
A,3586,Gregory Moore,"2020-02-05",mobile,494.81,5
A,3594,Michael Chapman,"2025-08-25",mobile,57.02,3
B,3595,Deborah Horn,"2022-10-19",mobile,132.78,3
B,3597,Cynthia Jimenez,"2024-01-12",mobile,120.26,4
B,3599,Bryan Kennedy,"2021-06-22",mobile,87.77,4
A,3600,Teresa Randall,"2022-10-03",mobile,345.97,3
A,3604,Denise Rodriguez,"2024-11-23",mobile,167.51,4
B,3607,Casey Brooks,"2021-06-03",mobile,148.57,2
A,3608,Brooke Hall,"2024-08-10",mobile,70.67,5
B,3621,Ashley Chavez,"2020-08-19",mobile,51.26,5
A,3624,Nicole Ortiz,"2025-10-10",mobile,76.41,4
B,3625,Virginia Mann,"2024-02-03",mobile,136.78,3
A,3634,Joseph Gonzalez,"2025-08-30",mobile,293.93,5
A,3642,Amanda Dominguez,"2022-04-10",mobile,163.3,2
B,3643,Mark Blackwell DDS,"2024-04-21",mobile,77.85,3
B,3645,Timothy Hill,"2025-03-23",mobile,289.74,5
A,3648,Ian Johnson,"2020-08-02",mobile,441.94,8
A,3650,John Ortiz,"2024-04-10",mobile,146.72,6
B,3651,Andrew Mercado,"2025-06-04",mobile,470.4,5
A,3652,Micheal Shields,"2022-09-23",mobile,318.77,3
B,3653,Damon Edwards,"2023-05-16",mobile,96.96,4
A,3658,Samantha Thornton,"2023-10-03",mobile,18.19,4
B,3659,Wesley Allen,"2020-08-24",mobile,155.97,7
B,3663,Luis Nicholson,"2025-09-12",mobile,255.63,6
B,3665,Tyler Cooper,"2022-05-03",mobile,183.51,3
A,3666,Tammy Pacheco,"2022-09-05",mobile,124.67,7
B,3669,Dr. Ricky Carter,"2025-02-05",mobile,238.24,4
A,3672,Dana Stewart,"2022-04-03",mobile,147.54,3
B,3673,Seth Todd,"2021-12-20",mobile,142.74,3
A,3676,Elaine Garza,"2024-06-24",mobile,125.6,5
B,3677,Adam Carr,"2023-03-12",mobile,276.17,4
A,3680,Michael Patton,"2022-03-04",mobile,336.75,7
B,3683,Charles Phillips,"2022-12-16",mobile,25.1,3
A,3688,Lisa Brady,"2020-04-15",mobile,18.25,6
B,3689,Eric Vega,"2022-11-18",mobile,75.95,3
A,3690,Joshua Poole,"2023-01-02",mobile,577.43,5
B,3691,Timothy Cook,"2025-04-10",mobile,97.35,6
B,3699,Joseph Harrison,"2020-06-19",mobile,59.33,4
A,3706,Jesse Aguirre,"2025-09-27",mobile,117.54,3
A,3708,Chelsea Nguyen,"2024-05-02",mobile,711.05,3
A,3720,James Green,"2023-11-27",mobile,48.7,4
B,3721,Stephanie Garcia,"2022-07-30",mobile,97.25,3
A,3722,Dan Sanchez,"2022-12-03",mobile,55.35,5
B,3723,Laura Lozano,"2025-04-01",mobile,75.8,3
A,3732,Nathan Goodwin,"2023-04-03",mobile,221.44,3
B,3733,Mr. Timothy Arroyo DDS,"2021-01-02",mobile,439.78,7
B,3735,Julia Landry,"2020-11-02",mobile,337.48,5
A,3736,Melinda Jackson,"2021-07-22",mobile,60.77,5
A,3738,Stephanie Dennis,"2024-03-22",mobile,227.11,4
B,3741,Jessica Thomas,"2022-03-20",mobile,472.93,2
A,3744,Dennis Wolf,"2021-01-28",mobile,113.31,2
B,3745,Adam Dominguez,"2025-03-11",mobile,165.98,2
B,3749,Kylie Roberts,"2023-03-15",mobile,122.91,5
A,3750,Paul Barrera,"2022-01-10",mobile,225.95,7
A,3754,Michael Parker,"2023-07-16",mobile,386.68,6
B,3757,Paul Burgess,"2020-02-07",mobile,187.1,4
B,3763,Jason Ochoa,"2024-05-22",mobile,388.8,7
B,3767,Larry Taylor,"2021-05-29",mobile,89.21,2
B,3769,Damon Johnson,"2022-11-19",mobile,1832.66,5
A,3774,Kathy Martinez,"2023-10-04",mobile,66.63,5
B,3775,Jenny Lewis,"2025-05-16",mobile,40.69,5
B,3777,Sarah Richards,"2023-07-18",mobile,757.4,8
A,3782,Cassie White,"2025-01-14",mobile,13.68,5
B,3783,Robert Perkins,"2025-09-05",mobile,453.86,5
A,3784,James Fernandez,"2021-07-20",mobile,276.29,2
B,3787,David Smith,"2021-07-22",mobile,390.04,6
B,3793,Kimberly Moreno,"2021-07-20",mobile,229.26,6
B,3795,Victor Bates,"2021-01-11",mobile,133.95,2
A,3796,Anthony Norton,"2023-01-08",mobile,28.21,4
B,3797,Bethany Young,"2020-07-09",mobile,89.79,6
A,3800,Rachel Mendoza,"2022-01-16",mobile,370.82,4
B,3801,Ashley Cole,"2024-09-30",mobile,13.8,3
B,3811,Jason Schultz,"2025-09-22",mobile,222.51,2
A,3812,Kevin Stevens,"2021-10-18",mobile,54.87,2
B,3813,Gabriel Love,"2025-03-10",mobile,47.58,2
A,3814,William Mitchell PhD,"2021-01-18",mobile,468.15,8
A,3818,Chelsea Schwartz,"2025-10-26",mobile,41.97,4
B,3821,Kevin Calderon,"2024-06-29",mobile,443.13,5
A,3822,Raymond Brown,"2020-05-15",mobile,156.05,2
A,3824,Joshua Young,"2021-01-17",mobile,123.51,3
A,3826,Elizabeth Pham,"2021-05-26",mobile,20.17,4
B,3827,George Mcclure,"2020-12-20",mobile,10.62,2
B,3829,Jennifer Robinson,"2023-02-18",mobile,419.49,7
A,3830,Joel Anthony,"2023-07-10",mobile,175.29,2
B,3831,James Glover,"2024-07-13",mobile,85.54,2
A,3834,Charles West,"2022-02-06",mobile,466.37,4
A,3836,John Anderson,"2023-11-04",mobile,181.8,2
B,3839,Bobby Massey,"2022-04-10",mobile,495.34,6
B,3845,Alexis Johnson,"2025-06-10",mobile,675.89,6
B,3847,Anna Smith,"2023-12-17",mobile,104.04,3
B,3855,Jessica Bowers,"2021-02-03",mobile,305.86,7
A,3856,Michael Rose,"2023-09-04",mobile,135.04,3
A,3858,Deanna Howe,"2022-03-31",mobile,189.92,3
A,3862,Pamela Logan,"2023-05-23",mobile,176.11,3
A,3868,Dennis Saunders,"2025-09-13",mobile,288.38,4
B,3869,Jeffrey Estes,"2024-03-03",mobile,296.68,4
B,3871,Austin Bryant,"2023-11-05",mobile,766.48,4
A,3872,Andrew Turner,"2024-08-15",mobile,187.56,5
B,3877,John Fleming,"2024-04-09",mobile,150.65,5
B,3887,Anna Shaw,"2021-02-01",mobile,139.25,2
A,3888,Mark Morgan,"2024-01-25",mobile,186.84,4
A,3892,Anthony Peck,"2023-05-23",mobile,269.6,3
A,3896,Matthew Robinson,"2020-06-28",mobile,107.71,5
B,3899,Kenneth Lopez,"2022-04-11",mobile,252.15,6
B,3907,Dawn Stone,"2024-10-25",mobile,57.14,2
B,3909,Andre Moore,"2025-08-19",mobile,196.17,5
A,3910,Kimberly Davis,"2020-05-19",mobile,63.62,4
A,3912,Eric Robinson,"2025-10-29",mobile,479.93,4
A,3914,Linda Salinas,"2021-06-14",mobile,120.48,6
B,3923,Jose Smith,"2022-08-24",mobile,557.88,4
A,3928,Jennifer West,"2023-05-26",mobile,80.18,4
B,3931,Amanda Flores,"2024-11-13",mobile,141.24,4
B,3939,Jacob Brown,"2024-05-22",mobile,173.34,2
A,3946,Rachel Mathis,"2023-01-04",mobile,233.18,2
B,3947,Dr. Michael Smith,"2022-11-27",mobile,111.68,2
B,3951,Lisa Berg,"2020-10-28",mobile,801.79,3
B,3953,Nathan Richardson,"2021-10-16",mobile,221.95,7
A,3956,Christina Mcclain,"2024-07-04",mobile,53.09,3
A,3962,Alexandra Cobb,"2022-08-03",mobile,98.28,4
B,3963,Richard Clarke,"2022-08-15",mobile,32.47,7
A,3968,Rebecca Bright,"2022-11-09",mobile,117.81,2
B,3971,Sarah Dickerson DDS,"2024-06-01",mobile,44.22,4
B,3973,Dalton Ford,"2023-01-22",mobile,81.41,6
A,3976,Rebecca Norman,"2024-10-05",mobile,76.45,5
B,3977,Joe Byrd,"2024-03-27",mobile,137.3,6
B,3981,Dennis Martin,"2021-03-08",mobile,68.89,3
A,3982,Jennifer Sharp,"2020-06-03",mobile,65.07,3
B,3983,Bonnie Mckenzie,"2025-10-18",mobile,12.76,5
A,3988,Connor Arellano,"2022-10-03",mobile,45.88,2
B,3989,Anna Jackson,"2023-10-31",mobile,362.94,3
A,3990,John Welch,"2025-01-21",mobile,129.18,2
A,3998,Jacob Williams,"2020-11-16",mobile,463.44,3
B,4001,Tina Gardner,"2021-07-10",mobile,777.59,3
A,4004,Phillip Davis,"2025-05-29",mobile,353.68,4
A,4006,Sonia Evans,"2025-08-04",mobile,214.92,3
B,4009,Jason Malone,"2023-12-07",mobile,140.59,2
B,4011,Ryan Riley,"2022-11-12",mobile,253.76,5
B,4015,Aaron Mitchell,"2025-06-01",mobile,236.88,3
A,4024,Marisa Hogan,"2021-01-04",mobile,360.57,6
A,4026,Charles Cortez MD,"2025-04-27",mobile,136.48,2
B,4027,Lorraine Gonzalez,"2022-06-10",mobile,169.64,2
A,4028,Nicholas Lee,"2022-02-05",mobile,30.27,4
A,4032,Lawrence Lee,"2021-01-06",mobile,600.57,4
B,4035,Robert Edwards,"2020-08-21",mobile,62.75,5
B,4037,Bradley Velasquez,"2024-09-16",mobile,102.3,4
A,4042,Matthew Harris,"2023-01-22",mobile,224.0,7
B,4045,Paige Newton,"2021-10-22",mobile,357.04,2
A,4046,Christopher Williams,"2025-01-14",mobile,94.79,3
A,4052,Roger Lee,"2020-06-23",mobile,137.7,6
A,4054,Jennifer Reyes,"2024-04-11",mobile,206.19,4
B,4055,Eric Anderson,"2024-09-30",mobile,228.33,2
A,4058,Eric James,"2020-01-07",mobile,168.82,3
B,4059,Susan Bates,"2024-07-01",mobile,143.25,2
A,4062,Hailey Williams,"2020-05-23",mobile,216.05,2
A,4070,Angel Francis,"2024-03-23",mobile,186.41,2
A,4072,Larry Wilson,"2021-10-09",mobile,217.52,3
B,4073,Martha Martinez,"2021-04-04",mobile,412.56,4
A,4074,Victoria Lee,"2023-09-01",mobile,174.54,8
B,4079,James Smith,"2024-12-30",mobile,599.91,4
B,4085,Lauren Davis,"2021-04-05",mobile,300.83,3
B,4089,Michael Martinez,"2020-09-22",mobile,187.92,2
A,4100,Mathew Larson,"2024-11-06",mobile,332.09,6
A,4106,Tina Oneill,"2023-07-28",mobile,171.15,3
B,4107,Angela Oneill,"2020-10-20",mobile,46.58,5
B,4109,Cody Johnson,"2020-12-27",mobile,180.03,5
A,4112,Blake Murray,"2022-11-19",mobile,109.46,2
B,4113,Jennifer Henson,"2025-03-26",mobile,61.49,5
B,4121,Tracy Medina,"2024-10-08",mobile,38.74,3
A,4122,Tracy Lopez,"2024-08-05",mobile,313.06,3
A,4124,Amanda Meyer,"2024-07-14",mobile,118.7,6
B,4125,Tracy Zuniga,"2021-12-21",mobile,24.77,3
B,4133,Patrick Kennedy,"2022-04-11",mobile,95.62,3
B,4135,Crystal Molina,"2024-01-29",mobile,621.12,7
B,4137,Timothy Sparks,"2022-08-01",mobile,395.59,3
B,4143,Tina Smith,"2025-02-13",mobile,106.32,4
A,4146,James Allen,"2021-05-25",mobile,1101.3,4
B,4147,Teresa Welch,"2025-08-25",mobile,201.39,3
A,4150,Zachary Gordon,"2024-07-02",mobile,241.82,5
B,4151,Michael Griffith,"2021-02-24",mobile,43.08,2
A,4152,Brittany Nguyen,"2025-04-05",mobile,147.17,3
B,4153,Deborah Molina,"2023-10-20",mobile,33.32,2
A,4154,Barry Howe,"2024-09-01",mobile,93.26,3
B,4157,Desiree Leonard DVM,"2025-05-09",mobile,27.89,5
A,4158,Robin Kennedy,"2022-07-07",mobile,202.57,7
A,4162,Maria Cruz,"2023-02-09",mobile,363.37,5
B,4165,Joyce West,"2023-11-11",mobile,12.85,4
A,4166,Bryan Castro,"2024-09-02",mobile,189.11,3
B,4167,Karen Bailey,"2025-09-22",mobile,890.7,4
A,4170,Angela Gordon,"2025-09-07",mobile,100.02,4
B,4171,Benjamin George,"2025-04-09",mobile,100.42,4
B,4175,John Parker,"2020-02-04",mobile,76.28,7
A,4176,Adam Evans,"2023-03-03",mobile,55.18,4
B,4183,Michele Martin,"2023-05-28",mobile,99.09,3
B,4185,Jennifer Bailey,"2022-06-29",mobile,104.91,6
A,4192,Cheryl Manning,"2023-02-15",mobile,107.35,5
B,4193,Laura Gonzales,"2025-03-06",mobile,226.14,4
A,4196,Jessica Parks,"2024-03-30",mobile,27.47,3
B,4199,Brittney Hughes,"2020-09-22",mobile,87.59,7
B,4203,Tommy Martinez,"2022-12-28",mobile,230.32,4
A,4204,Joseph Moore,"2024-04-03",mobile,465.51,6
B,4205,Christina Sandoval,"2024-01-28",mobile,465.02,3
B,4213,Samuel Rodriguez,"2024-01-14",mobile,405.24,3
A,4226,Brandon Powell,"2025-05-19",mobile,19.35,2
A,4234,Jasmine Johnson,"2023-01-05",mobile,140.48,2
A,4238,Sandra Rowe,"2024-08-25",mobile,10.04,2
B,4243,Kimberly Vang,"2023-05-14",mobile,170.79,5
A,4248,Jonathan Spencer,"2021-12-16",mobile,680.81,4
A,4250,Barry Weber,"2021-11-25",mobile,91.34,4
A,4254,Michael Carlson,"2020-03-02",mobile,15.67,3
B,4255,Marisa Watts,"2021-08-18",mobile,89.69,2
B,4263,David Pierce,"2020-09-06",mobile,28.05,6
A,4266,Matthew Le,"2024-09-03",mobile,195.68,8
B,4269,Andrew Avery,"2020-10-08",mobile,398.73,4
A,4270,Matthew Anderson,"2022-01-22",mobile,573.06,5
A,4272,Bryan Bishop,"2023-08-29",mobile,58.31,3
A,4276,Mr. Luke Wilson,"2021-01-07",mobile,215.69,3
A,4278,Zachary Morris,"2021-12-02",mobile,153.41,2
B,4285,Jimmy Walker,"2021-03-27",mobile,335.92,4
A,4288,Brian Dunn,"2024-07-20",mobile,163.98,4
B,4291,Connie Cole,"2025-10-26",mobile,250.55,3
B,4295,John Sherman,"2025-01-22",mobile,308.44,5
A,4296,James Hodge,"2020-02-10",mobile,86.61,5
B,4315,Daniel Dixon,"2024-11-27",mobile,621.33,2
A,4320,Melissa Garza,"2021-03-18",mobile,72.52,2
A,4326,Denise Lucas,"2020-08-06",mobile,73.88,3
B,4331,Jessica Phillips,"2024-11-18",mobile,110.04,4
A,4332,Amy Byrd,"2025-03-13",mobile,809.42,5
B,4337,Jeremy Dalton,"2021-04-02",mobile,141.74,3
B,4343,Gabrielle Anthony,"2021-11-28",mobile,300.32,6
B,4347,Matthew Scott,"2022-10-18",mobile,29.6,2
A,4354,Robert Schmidt,"2020-12-30",mobile,746.52,10
B,4359,Lucas Thomas,"2020-02-23",mobile,143.25,4
A,4364,William Carpenter,"2020-02-21",mobile,223.9,4
A,4372,Penny Morris,"2025-10-16",mobile,209.57,3
B,4373,Michael Shepherd,"2023-10-05",mobile,188.67,3
A,4376,Jacqueline Goodwin,"2024-11-22",mobile,257.54,6
B,4381,Amber Thompson,"2023-10-27",mobile,196.86,7
A,4384,Cynthia Edwards,"2023-05-30",mobile,94.49,4
A,4386,Morgan Thompson,"2020-04-03",mobile,293.48,5
B,4391,Julie Thomas,"2022-06-14",mobile,297.92,3
B,4393,Shaun Smith,"2020-01-13",mobile,193.13,2
B,4395,Yvonne Lyons,"2020-01-09",mobile,438.69,5
A,4404,Courtney Jones,"2025-02-12",mobile,196.37,4
B,4407,Eric Ortiz,"2021-02-14",mobile,39.89,4
A,4410,Daniel Willis,"2025-06-08",mobile,178.69,3
A,4412,Brittany Ford,"2024-07-11",mobile,84.45,5
B,4413,William Howe,"2024-01-26",mobile,661.9,4
B,4417,Danielle Jensen,"2022-01-09",mobile,120.03,3
A,4424,Melanie Mcgee,"2021-09-07",mobile,261.85,6
A,4426,Dr. Timothy Martin,"2024-03-01",mobile,26.1,2
B,4427,Gail Santos,"2024-12-20",mobile,167.8,4
A,4436,Dr. Shannon Cohen DVM,"2024-10-22",mobile,214.5,5
B,4437,Michael Nelson,"2025-09-08",mobile,115.56,4
A,4440,Shelly Flores,"2022-05-31",mobile,56.02,4
A,4442,Joseph Jarvis,"2020-11-24",mobile,195.82,2
A,4446,Lynn Goodman,"2022-03-31",mobile,370.08,6
B,4447,Melissa Alvarez,"2021-11-22",mobile,73.61,2
B,4449,James Cervantes,"2025-09-18",mobile,327.63,2
A,4452,Shannon Walsh,"2025-03-07",mobile,241.09,3
A,4454,Jason Mann,"2022-04-28",mobile,55.38,4
A,4456,Sara Nelson,"2025-03-08",mobile,149.22,2
A,4466,Brian Jackson,"2024-01-04",mobile,91.63,6
A,4472,Brenda Holt,"2022-03-07",mobile,695.45,2
B,4473,Virginia Baker,"2024-05-08",mobile,273.09,7
B,4475,Abigail Nelson,"2025-01-13",mobile,152.75,2
A,4478,Ryan Huber,"2025-03-30",mobile,444.96,7
A,4482,Jennifer Alvarado,"2022-07-14",mobile,212.19,3
B,4483,Stacy Thompson,"2023-10-17",mobile,44.8,5
A,4486,Katherine Gardner,"2024-08-31",mobile,84.25,5
A,4488,Travis Gibson,"2021-03-16",mobile,288.43,6
A,4490,Nicole Robinson,"2025-06-19",mobile,90.07,6
B,4493,Frank Ford,"2023-03-05",mobile,360.84,7
A,4494,Corey Rivers,"2022-08-14",mobile,103.08,2
B,4495,Mr. Carlos Buckley,"2023-01-01",mobile,53.16,4
A,4496,Erin Patel,"2025-07-04",mobile,31.32,3
A,4508,Christopher Randolph,"2024-09-23",mobile,559.04,6
B,4511,Edward Lewis,"2024-08-22",mobile,65.99,2
B,4515,Jesse Gordon,"2022-10-26",mobile,828.91,5
A,4518,Shelby Byrd,"2024-08-11",mobile,90.53,2
B,4521,Julie Summers,"2020-06-09",mobile,42.06,5
B,4523,Nancy Graham,"2020-08-11",mobile,39.06,3
B,4533,Mary Turner,"2020-10-24",mobile,197.17,2
B,4535,Christopher Gillespie,"2024-06-14",mobile,335.63,4
A,4538,Andrea Bennett,"2025-02-13",mobile,138.63,4
A,4540,Jill Sweeney,"2025-10-14",mobile,109.01,6
B,4543,Tamara Lewis,"2024-03-30",mobile,82.01,2
A,4546,Hannah Ryan,"2024-01-30",mobile,504.3,4
B,4547,Jill Perry,"2020-10-05",mobile,296.62,3
A,4552,Victor Mitchell,"2021-12-31",mobile,369.93,4
B,4553,Rachel Goodman,"2022-11-28",mobile,149.56,5
A,4562,Monica Ruiz,"2020-05-02",mobile,153.87,4
B,4565,Stephen Downs,"2025-02-01",mobile,37.8,2
B,4567,Julia Sawyer,"2020-06-23",mobile,211.45,4
A,4568,Jason Edwards,"2020-08-10",mobile,306.14,4
B,4571,Joseph Allen,"2024-11-18",mobile,60.0,6
A,4574,Justin Andrews,"2020-03-19",mobile,109.94,2
A,4590,Haley Lambert,"2021-08-06",mobile,14.08,3
B,4591,Crystal Anderson,"2024-11-01",mobile,45.78,3
A,4600,Tracy Payne,"2023-08-02",mobile,209.83,5
A,4602,Amy Thornton,"2024-06-15",mobile,45.87,5
B,4605,Jennifer White,"2021-04-01",mobile,112.53,3
B,4609,Andrew Phillips,"2020-10-16",mobile,97.3,3
B,4611,Julia Dudley,"2023-12-06",mobile,289.94,4
A,4612,Melanie Farmer,"2023-05-17",mobile,335.68,2
A,4614,Wendy Miller,"2020-06-18",mobile,291.4,4
A,4626,Beth Page,"2024-05-01",mobile,179.51,3
A,4630,Brianna Davis,"2022-12-04",mobile,612.54,4
A,4632,Daniel Chan,"2022-01-15",mobile,293.09,5
B,4633,Teresa Rodriguez,"2020-07-06",mobile,200.53,4
A,4634,Jasmine Lawrence,"2023-11-16",mobile,61.54,2
A,4636,Troy Barnes,"2020-12-09",mobile,305.32,4
A,4640,Anthony Mills,"2024-12-30",mobile,321.74,2
A,4644,Mark Carter,"2024-03-08",mobile,244.45,4
B,4647,Shannon Flores,"2022-11-29",mobile,147.59,3
A,4648,Karen Conner,"2024-01-19",mobile,121.42,2
A,4650,Stephen Oneal,"2022-01-26",mobile,597.24,4
A,4654,Johnathan Alvarez,"2023-02-24",mobile,361.44,2
A,4656,Matthew Taylor,"2020-01-08",mobile,35.74,4
B,4659,Erica Morales,"2022-02-07",mobile,217.9,6
A,4668,Heather Moss,"2021-09-19",mobile,62.02,2
A,4672,Sherri Richardson,"2022-04-07",mobile,464.48,2
A,4676,Colleen Booker,"2023-04-24",mobile,97.9,5
B,4677,Anthony Butler,"2020-04-12",mobile,209.24,2
A,4678,Courtney Oconnell,"2024-06-10",mobile,17.47,2
A,4680,James Brennan,"2023-11-20",mobile,25.61,4
B,4683,Marc Nguyen,"2024-02-26",mobile,39.29,5
A,4684,David Underwood,"2023-05-29",mobile,122.29,2
B,4687,Glenn Miller,"2025-05-03",mobile,282.34,4
A,4688,Lisa Cross,"2021-11-17",mobile,108.85,3
B,4693,Robin Jennings,"2020-07-03",mobile,223.62,3
A,4698,Natalie Martin,"2023-10-25",mobile,37.8,3
B,4699,Danny Reed Jr.,"2024-08-11",mobile,176.13,5
A,4700,Sheila May,"2023-10-30",mobile,360.68,4
A,4702,Kayla Rogers MD,"2025-08-18",mobile,88.96,2
A,4704,John Harrison,"2024-08-11",mobile,117.52,3
A,4706,Richard Anderson,"2021-09-27",mobile,57.52,7
A,4710,Tonya Mcknight,"2020-12-10",mobile,136.09,4
B,4717,Krista Johnson,"2021-12-19",mobile,160.84,7
A,4720,Stacey Morales,"2023-10-08",mobile,85.69,6
A,4722,Melissa Marsh,"2023-12-26",mobile,153.92,5
B,4725,Collin Griffin,"2020-04-30",mobile,28.73,3
A,4726,Timothy Smith,"2024-01-10",mobile,276.23,6
A,4736,Mike Aguilar,"2021-06-30",mobile,24.73,6
A,4738,Ashley Douglas,"2024-02-21",mobile,104.97,6
B,4739,Paul Wheeler,"2024-04-26",mobile,71.02,3
A,4740,Isaiah Vazquez,"2020-04-22",mobile,105.24,3
A,4742,Heather Sutton,"2020-04-05",mobile,35.74,6
A,4748,Katelyn Morales,"2023-12-13",mobile,140.52,6
A,4750,Donald Booker,"2020-11-05",mobile,73.44,4
B,4751,Tamara Sutton,"2020-03-21",mobile,33.63,3
B,4757,Michelle Moreno,"2020-07-01",mobile,240.64,5
A,4760,Sheila Carroll,"2021-03-30",mobile,89.02,3
B,4763,Jake Bell,"2020-01-13",mobile,171.74,6
A,4768,Angela Butler,"2021-10-05",mobile,35.78,2
A,4770,Thomas Johnson,"2024-02-16",mobile,520.96,5
B,4777,Caleb Callahan,"2024-12-22",mobile,83.09,4
A,4782,Roger Martin,"2024-08-08",mobile,502.37,5
A,4786,Veronica Wilson,"2024-11-04",mobile,11.22,6
B,4791,Ernest Johnson,"2024-05-15",mobile,867.96,4
A,4794,Christian Gomez,"2020-03-13",mobile,333.76,4
B,4795,Kayla Walker,"2022-02-20",mobile,401.23,9
B,4799,Allison Morris,"2024-09-10",mobile,66.63,4
B,4803,Danielle Schwartz,"2022-02-06",mobile,341.8,8
A,4806,Mia Vasquez,"2021-10-24",mobile,41.67,3
B,4807,Andrew Wilson,"2022-03-17",mobile,25.74,4
A,4814,Stacy Perez,"2023-03-09",mobile,213.63,5
B,4815,Matthew Bright,"2021-12-18",mobile,102.13,2
A,4818,Charles Johnson,"2025-07-15",mobile,272.61,6
B,4819,Kelli Santos,"2023-09-01",mobile,151.66,5
A,4820,Teresa Kelly,"2022-07-07",mobile,318.01,5
B,4821,Elizabeth White,"2023-01-10",mobile,34.62,3
A,4822,Renee Mueller,"2021-02-25",mobile,463.78,4
A,4824,Emma Orr,"2020-03-13",mobile,66.41,3
B,4829,Eric Martinez,"2020-09-29",mobile,90.83,3
B,4831,William Adams,"2021-03-07",mobile,430.64,4
A,4836,Sean Hart,"2024-01-06",mobile,19.58,3
A,4838,Justin Richard,"2024-12-03",mobile,201.88,6
B,4843,Joseph Garcia,"2020-11-16",mobile,49.02,4
B,4847,Bryan White,"2022-06-19",mobile,150.16,5
B,4853,Jennifer Mcdaniel,"2023-01-17",mobile,383.42,4
A,4854,Wendy Strong,"2022-06-19",mobile,49.05,2
B,4855,Anthony Mitchell,"2023-06-21",mobile,647.81,9
A,4856,Marissa Carr,"2021-07-04",mobile,590.22,5
B,4859,Matthew Wong,"2023-07-21",mobile,321.09,3
A,4866,Michael Martin,"2022-09-27",mobile,190.94,3
B,4871,Valerie Brown,"2022-01-13",mobile,208.56,2
A,4890,Deborah Bush,"2020-03-07",mobile,527.93,7
A,4892,Brian Moore,"2025-01-02",mobile,222.65,2
A,4898,Victor Mullins,"2025-02-28",mobile,32.18,2
B,4899,Mr. Steven Parker PhD,"2021-05-09",mobile,173.08,2
A,4906,Nathaniel Sellers,"2021-05-23",mobile,186.18,3
B,4907,Matthew Contreras,"2024-02-09",mobile,352.71,6
A,4908,Clifford Watson,"2024-10-10",mobile,23.23,2
A,4920,Amanda Barnes,"2021-01-14",mobile,173.78,7
A,4926,Justin Lawson,"2022-08-29",mobile,21.64,6
B,4927,Terry Serrano,"2020-01-16",mobile,210.61,5
B,4931,Virginia Lee,"2024-10-28",mobile,174.72,3
A,4932,Michelle Nelson,"2023-04-25",mobile,187.37,4
A,4934,Christine Fox,"2022-09-27",mobile,787.02,5
A,4940,Nathan Martin,"2022-02-06",mobile,315.09,3
B,4941,Aaron Taylor,"2020-12-23",mobile,25.64,2
A,4942,Ryan Pruitt,"2023-04-05",mobile,170.09,3
B,4947,Francisco Espinoza,"2024-05-07",mobile,85.01,4
A,4948,Lindsey Wilson,"2023-01-28",mobile,104.6,3
A,4950,Jeremy Sanchez,"2021-06-03",mobile,709.59,5
A,4954,Larry Lee,"2022-03-17",mobile,42.86,4
B,4959,Kelly Villarreal,"2025-09-04",mobile,1025.51,5
A,4960,Amy Deleon,"2020-10-24",mobile,257.91,4
A,4962,Jamie Freeman,"2024-05-05",mobile,14.02,5
B,4963,Jared Gutierrez,"2024-04-10",mobile,327.14,9
A,4964,Joshua Torres,"2024-10-10",mobile,77.31,3
B,4975,Jordan Carter,"2025-07-26",mobile,335.71,2
B,4977,Stephanie Cooke,"2022-06-09",mobile,325.93,4
B,4981,James Smith,"2020-11-20",mobile,56.54,2
B,4983,Michael West,"2023-01-12",mobile,54.34,6
A,4986,Ashley Jackson MD,"2025-07-05",mobile,495.58,3
B,4989,Lisa Davila,"2022-02-14",mobile,72.63,5
A,4990,Ricky Kennedy,"2020-12-30",mobile,168.84,4
B,4993,Dustin Mata,"2024-01-04",mobile,163.32,5
A,5002,Haley Maxwell,"2023-09-27",mobile,325.37,3
B,5003,Kent Griffin,"2021-09-01",mobile,257.35,4
B,5005,Dwayne Cross,"2023-12-25",mobile,122.42,5
A,5008,Catherine Cohen,"2021-01-06",mobile,54.25,4
A,5010,Jody Miller,"2020-04-17",mobile,629.74,4
A,5012,Matthew Knight,"2020-11-11",mobile,100.36,4
B,5017,Emma Yoder,"2022-11-06",mobile,42.36,5
A,5018,Amanda Bernard,"2024-06-05",mobile,58.72,5
B,5021,Julie Henderson,"2021-08-11",mobile,283.94,4
B,5023,Dennis Russell,"2025-05-20",mobile,199.69,4
A,5026,Sharon Young,"2025-03-27",mobile,67.75,7
A,5032,Sara James,"2021-10-12",mobile,366.83,3
A,5034,Jessica Coleman,"2022-04-17",mobile,37.18,2
B,5035,Fred Patterson,"2022-12-05",mobile,249.26,6
A,5038,Raven Phillips,"2024-11-23",mobile,137.45,2
B,5039,Mark Wood,"2021-04-30",mobile,31.64,3
A,5040,Justin Cunningham,"2020-01-06",mobile,178.95,5
A,5042,Michelle Mendez,"2020-10-15",mobile,39.27,6
B,5045,Courtney Taylor,"2023-04-29",mobile,26.4,4
B,5047,Christopher Boyd,"2023-07-26",mobile,74.35,3
B,5051,Mary Stone,"2024-10-22",mobile,85.46,3
B,5053,Jason Foster,"2020-10-04",mobile,177.22,4
A,5054,Sarah Hall,"2023-12-15",mobile,174.17,4
B,5061,Steven Lowe,"2023-11-20",mobile,155.95,3
B,5065,Mary Nguyen,"2024-11-05",mobile,109.31,3
A,5066,Kerry Tucker,"2021-03-30",mobile,66.17,4
B,5069,Olivia Sanders,"2025-05-26",mobile,23.07,4
A,5070,Martin Bailey,"2023-11-02",mobile,120.53,5
A,5072,Charles Gray,"2022-11-02",mobile,96.78,2
A,5086,Crystal Parker,"2024-08-23",mobile,30.82,3
B,5091,Travis Thornton,"2020-01-22",mobile,625.82,4
A,5092,Victor Quinn,"2022-05-15",mobile,280.01,4
A,5098,Ms. Kimberly Hardy,"2023-09-04",mobile,326.44,5
B,5103,Thomas White,"2021-08-26",mobile,235.25,4
A,5104,Debra Tucker,"2025-03-21",mobile,153.07,3
A,5110,Ashley Walker,"2025-03-15",mobile,216.36,3
B,5115,Elaine Hicks,"2023-05-07",mobile,644.0,4
B,5117,Victor Whitney,"2025-01-06",mobile,415.35,5
B,5119,Candice Jennings,"2020-09-04",mobile,80.69,5
A,5122,Carolyn Ford,"2020-05-27",mobile,122.56,4
B,5125,Andres Vang,"2025-08-10",mobile,55.45,7
A,5130,Heather Bridges,"2020-01-27",mobile,71.73,4
B,5131,Michael Butler,"2023-01-07",mobile,273.7,2
A,5132,Mary Clark,"2021-05-16",mobile,44.27,3
B,5133,Danny Warner,"2024-02-15",mobile,558.97,5
A,5134,Michele Adams,"2022-05-13",mobile,143.75,2
B,5137,Hunter Elliott,"2022-06-10",mobile,182.15,5
A,5140,Melissa Stafford,"2020-09-06",mobile,30.76,5
B,5143,George Schmidt,"2021-12-07",mobile,202.1,4
A,5148,Amy Flores,"2025-08-13",mobile,451.51,6
B,5153,Steven Burns,"2020-06-24",mobile,136.92,2
B,5155,Nicole Stanley,"2022-11-11",mobile,66.62,5
A,5160,Gina Thornton,"2020-09-09",mobile,332.19,4
A,5162,William Robinson,"2020-09-01",mobile,36.81,3
A,5164,Brian Scott,"2020-03-08",mobile,664.56,4
B,5165,Michael Bates,"2024-07-16",mobile,67.78,2
A,5166,Taylor Clark,"2023-10-11",mobile,203.82,4
B,5171,Angela Burnett,"2020-07-22",mobile,281.6,2
A,5172,Christopher Macdonald,"2020-10-23",mobile,31.51,3
B,5175,Kaitlyn Walls,"2020-09-16",mobile,144.51,4
B,5177,Laura Hunter,"2023-12-05",mobile,78.9,5
A,5178,John Hutchinson,"2021-01-09",mobile,30.9,3
B,5185,Tony Stevens,"2020-05-19",mobile,82.71,2
B,5187,Glenn Wells,"2022-07-22",mobile,31.42,2
A,5188,James Patterson MD,"2021-10-17",mobile,424.38,3
B,5189,Erica Gomez,"2025-05-31",mobile,106.16,2
A,5190,Christopher Griffin MD,"2020-09-01",mobile,47.0,4
A,5194,Matthew Zamora,"2022-03-28",mobile,40.78,2
A,5198,Rose Torres,"2024-04-21",mobile,140.84,4
A,5200,Monica Griffin,"2025-10-06",mobile,298.46,5
B,5201,Mary Gallagher,"2020-10-14",mobile,60.4,5
B,5203,Erin Lloyd,"2021-12-22",mobile,38.79,3
B,5205,Lisa Gardner,"2023-07-14",mobile,119.53,2
A,5212,Aaron Stanton,"2023-10-23",mobile,189.02,2
B,5213,Erika Ramos,"2023-05-27",mobile,235.0,5
A,5220,Stacey King,"2020-05-12",mobile,12.73,2
B,5223,Travis Robbins,"2020-01-05",mobile,51.44,6
A,5226,Susan Jacobs,"2024-06-03",mobile,185.49,3
B,5229,Francisco Taylor,"2022-08-14",mobile,241.72,6
A,5234,Megan Gibbs,"2023-07-14",mobile,184.34,6
A,5248,Christopher Mcdaniel,"2021-01-15",mobile,119.93,5
A,5250,Courtney Flynn,"2022-01-19",mobile,311.93,3
B,5271,Rodney Macias,"2020-10-17",mobile,15.82,2
B,5279,Holly Williams,"2020-11-07",mobile,537.21,3
A,5280,Karen Cunningham,"2020-05-21",mobile,672.77,6
B,5293,Aaron Edwards,"2022-08-20",mobile,29.44,3
A,5294,Alan Gibson,"2025-06-12",mobile,183.17,4
B,5297,David Martin,"2025-07-15",mobile,164.67,6
B,5299,Jennifer Richardson,"2020-08-22",mobile,126.6,4
B,5301,Michael Nguyen,"2023-05-05",mobile,61.79,3
A,5304,Wesley Cruz,"2024-10-14",mobile,255.94,2
A,5306,Valerie Snow,"2023-04-01",mobile,156.31,4
A,5310,Brian Franco,"2021-04-04",mobile,167.13,3
B,5317,Jessica Brown,"2025-08-02",mobile,291.2,4
A,5318,Troy Lee,"2024-06-15",mobile,275.42,8
A,5326,Joy Weeks,"2022-09-19",mobile,106.91,3
A,5328,Kelly Johnson,"2025-05-17",mobile,120.42,3
B,5331,Molly Gonzalez,"2020-10-25",mobile,190.56,6
A,5338,Taylor Morgan,"2020-08-22",mobile,54.13,4
B,5339,Jeremy Hogan,"2022-06-21",mobile,411.61,4
B,5341,April Chan,"2024-09-03",mobile,86.28,4
B,5357,Roberto Allen,"2025-08-07",mobile,110.31,9
A,5358,Tina Haas,"2023-08-23",mobile,441.69,4
B,5359,Christopher Johnson,"2024-02-01",mobile,96.1,5
A,5362,Barbara Vargas,"2024-11-02",mobile,193.43,5
A,5364,Amy Stokes,"2025-08-19",mobile,278.39,3
B,5365,Edward Mcdonald,"2024-06-27",mobile,99.05,3
B,5367,Logan Nelson,"2025-05-06",mobile,15.01,2
A,5370,Barry Cisneros,"2022-03-30",mobile,412.3,4
B,5371,Mary Hendricks,"2023-09-22",mobile,195.53,5
A,5374,Olivia Gilbert,"2023-05-17",mobile,823.67,8
B,5375,Harold Luna,"2022-01-03",mobile,313.61,5
B,5377,Tamara Henderson,"2021-01-31",mobile,444.26,5
B,5381,Stephanie Green,"2025-08-28",mobile,81.6,4
B,5391,Barry Tucker,"2023-01-25",mobile,748.77,3
A,5392,Jonathan Stephens,"2025-06-25",mobile,175.32,9
B,5401,Anne Guerrero,"2025-06-16",mobile,218.32,6
A,5402,Lindsey Kennedy,"2020-03-06",mobile,307.77,6
B,5405,Tonya Byrd,"2024-05-05",mobile,64.29,3
B,5411,Jose Moore,"2024-04-01",mobile,100.29,6
B,5413,Kimberly Harvey,"2021-11-30",mobile,87.0,6
B,5415,Stephanie Johnson,"2022-07-01",mobile,370.65,5
A,5416,Mariah Duncan,"2020-06-06",mobile,184.77,2
A,5418,Alexandria Dixon,"2022-11-19",mobile,39.25,4
B,5419,Timothy Russell,"2020-12-28",mobile,290.41,5
A,5420,Matthew Curtis,"2020-07-28",mobile,136.68,6
B,5421,Katie Bailey,"2022-07-13",mobile,54.88,3
B,5423,Jacqueline Lozano,"2020-03-23",mobile,53.96,2
A,5424,Charles Roberts,"2022-09-10",mobile,32.05,5
B,5427,David Phillips,"2022-11-22",mobile,543.59,7
B,5431,Daniel Christensen,"2025-03-21",mobile,201.26,2
A,5434,Todd Jones,"2022-07-08",mobile,181.65,5
B,5435,Ms. Renee Murray,"2020-12-15",mobile,221.65,7
A,5438,Sonya Schneider,"2021-06-21",mobile,269.78,6
A,5446,Robert Martinez,"2022-10-11",mobile,277.65,3
B,5447,Dale Patton,"2025-05-25",mobile,78.93,5
A,5448,Cory Long,"2024-02-08",mobile,57.64,3
A,5450,Terry Miller,"2021-08-09",mobile,719.62,6
B,5455,Lori Andrade,"2025-03-10",mobile,279.24,3
B,5459,Brett Keller,"2022-08-21",mobile,245.12,6
A,5460,Paula Johnson,"2022-09-21",mobile,205.65,2
A,5462,Darren Ruiz,"2025-08-08",mobile,56.78,4
B,5463,Charles Schaefer,"2020-06-15",mobile,205.55,5
A,5464,Eileen Grimes MD,"2024-11-16",mobile,28.87,2
B,5467,Randy Nguyen,"2021-04-19",mobile,128.71,6
A,5476,Seth Mercado,"2022-02-27",mobile,132.54,2
B,5481,Joan Fitzpatrick,"2025-06-28",mobile,236.78,3
A,5484,Michael Porter,"2020-03-08",mobile,179.26,2
B,5487,Anna Charles,"2024-04-10",mobile,59.49,5
B,5489,James Mccarthy,"2022-01-10",mobile,160.17,4
A,5498,Wendy Leblanc,"2024-03-11",mobile,781.03,3
B,5505,Ricky Barr,"2024-04-29",mobile,374.38,2
A,5506,Brittany Lopez,"2022-01-02",mobile,401.8,3
A,5508,Theresa Hardin,"2022-03-09",mobile,39.78,4
B,5511,Gerald Clark,"2024-08-26",mobile,94.91,5
A,5512,Lisa Morales,"2021-02-19",mobile,54.63,3
A,5518,Karen Rogers,"2024-11-21",mobile,373.98,2
B,5519,Rebecca Smith,"2020-03-18",mobile,17.93,4
A,5520,Christopher Scott,"2024-11-19",mobile,47.28,2
B,5523,Chris Crane,"2022-03-14",mobile,137.26,5
B,5527,Jennifer Miles,"2023-09-29",mobile,254.94,5
B,5531,Benjamin Gomez,"2024-12-18",mobile,193.9,4
B,5533,Helen Parsons,"2025-07-12",mobile,21.48,4
B,5535,Ricky Holt,"2023-05-01",mobile,116.75,5
B,5537,Brianna Boyer DDS,"2022-05-26",mobile,118.42,3
B,5545,Joshua Ashley,"2024-10-14",mobile,237.78,5
A,5558,Julie Peterson,"2025-04-18",mobile,78.75,3
B,5565,Kevin Duffy,"2021-03-07",mobile,419.09,4
A,5570,Laura Russell,"2023-09-20",mobile,412.72,8
B,5575,Taylor Neal,"2024-06-11",mobile,181.19,4
A,5576,Randy Galvan,"2022-05-07",mobile,219.44,6
A,5578,Aaron Banks,"2022-08-12",mobile,324.83,5
A,5580,Terry Turner,"2025-07-31",mobile,253.98,4
B,5581,Patricia Miller,"2022-07-13",mobile,51.57,4
A,5582,Jeremiah Higgins,"2025-02-19",mobile,54.43,2
A,5584,Eric Peters,"2022-09-29",mobile,216.39,4
A,5586,Alicia Lin,"2025-04-08",mobile,78.03,8
A,5588,Chelsea Fuentes,"2022-03-29",mobile,202.45,3
B,5591,Derrick Boyer,"2021-02-21",mobile,72.25,3
A,5592,Margaret Wells,"2020-10-12",mobile,904.57,4
B,5593,Linda Bates,"2022-10-29",mobile,85.94,3
B,5601,Ryan Underwood,"2023-11-23",mobile,301.27,6
A,5604,Robert Rios,"2023-03-04",mobile,113.6,2
B,5605,Curtis Johnson,"2025-09-06",mobile,464.48,7
A,5608,Wendy Howard,"2023-02-15",mobile,282.87,4
B,5609,Todd Martinez,"2025-08-07",mobile,20.86,4
B,5615,Alexander Lawson,"2025-08-01",mobile,33.31,2
B,5619,Eric Roth,"2025-05-04",mobile,14.22,4
B,5633,Kevin Ortiz,"2023-04-05",mobile,223.09,9
A,5634,Courtney Miranda,"2021-09-26",mobile,589.46,7
B,5637,Eric Young MD,"2021-12-30",mobile,117.07,6
B,5641,Rebecca Hernandez,"2025-10-02",mobile,361.51,6
A,5652,Victor Martin,"2021-05-23",mobile,239.06,4
B,5655,Sara Hopkins,"2020-12-21",mobile,189.14,4
A,5656,Amber Larson,"2024-03-07",mobile,190.21,8
B,5657,Kimberly Mcdonald,"2021-09-14",mobile,60.03,3
A,5658,Matthew Aguilar,"2021-10-30",mobile,49.89,6
B,5659,Evan Morgan,"2020-03-15",mobile,204.33,3
B,5661,Jesus Scott,"2021-11-04",mobile,57.76,4
B,5663,Emily Velazquez,"2023-11-20",mobile,67.39,4
B,5667,Tracey Adams,"2020-12-05",mobile,10.64,4
B,5669,Ryan Williams,"2023-06-11",mobile,60.9,3
B,5671,Julie King,"2022-07-19",mobile,191.4,4
B,5675,Joseph Wilson,"2025-10-04",mobile,136.1,3
B,5683,Donald Parker,"2021-12-30",mobile,798.61,3
A,5686,Emma Martin,"2021-01-23",mobile,588.62,7
A,5690,Patricia Robinson,"2021-12-02",mobile,451.14,6
B,5693,Kelli Hernandez,"2025-07-22",mobile,224.91,6
A,5694,Mary West PhD,"2024-01-11",mobile,319.2,10
A,5696,Travis Russo,"2024-01-10",mobile,296.48,3
B,5697,Brandon Murray,"2025-07-22",mobile,299.1,3
A,5702,Patrick Flynn,"2021-06-12",mobile,330.18,4
A,5704,Katherine Aguilar,"2023-05-28",mobile,374.86,4
B,5705,Sharon Phillips,"2022-12-08",mobile,64.91,5
A,5706,John Wheeler,"2021-07-24",mobile,104.23,3
B,5707,Bobby Taylor,"2022-04-28",mobile,46.92,3
A,5708,Dominique Ward,"2022-06-03",mobile,24.77,3
A,5710,Robert Preston,"2022-07-20",mobile,316.19,6
A,5712,Harold York,"2020-04-02",mobile,324.63,5
B,5715,Henry Morris,"2024-08-22",mobile,228.88,2
A,5716,James Smith,"2023-01-02",mobile,75.26,2
A,5718,Terri Fuller,"2020-05-28",mobile,32.47,6
A,5724,Jason Shaw,"2023-10-31",mobile,166.13,2
A,5732,Charles Wilson,"2023-03-11",mobile,108.66,3
B,5733,Kayla Newman,"2023-06-06",mobile,239.78,3
B,5741,Susan Davis,"2023-12-01",mobile,175.5,7
A,5744,Lacey Gomez,"2025-04-19",mobile,404.0,7
B,5745,Shannon Wong,"2023-03-08",mobile,316.26,4
B,5751,Megan Hall,"2022-11-11",mobile,122.3,3
A,5752,Curtis Wright,"2020-11-15",mobile,527.03,5
B,5755,Crystal Allen,"2024-09-07",mobile,42.22,4
A,5756,Samantha Blake,"2024-05-16",mobile,376.12,3
B,5757,Hannah Frost,"2022-12-11",mobile,84.12,5
B,5759,Anthony Gonzalez,"2023-01-23",mobile,449.18,4
A,5762,William Smith,"2021-04-20",mobile,207.32,7
B,5763,Emma French,"2024-12-30",mobile,74.3,2
B,5767,Joshua Farmer,"2020-07-21",mobile,283.43,6
A,5768,Mark Baxter,"2021-05-06",mobile,614.53,4
B,5771,Melissa Dennis,"2022-10-21",mobile,65.71,6
A,5772,Lisa Martinez,"2020-07-11",mobile,551.04,4
B,5773,Brian Price,"2020-03-09",mobile,18.52,2
A,5778,Johnny Yang,"2023-07-14",mobile,486.87,5
B,5779,Jacob Freeman,"2021-10-16",mobile,179.28,2
A,5780,Becky Brown PhD,"2024-05-14",mobile,47.09,3
B,5783,Katie Huffman,"2023-07-10",mobile,70.45,4
B,5785,Victoria Flores,"2022-05-01",mobile,122.09,3
A,5786,Anna Ramos,"2023-12-20",mobile,455.48,5
A,5790,Victoria Adams,"2022-04-13",mobile,252.22,3
B,5791,Jonathan Berry,"2022-05-07",mobile,365.98,2
A,5794,John Hamilton,"2023-10-07",mobile,442.9,3
A,5800,Megan Jones,"2024-11-01",mobile,160.76,4
B,5801,Joseph Ortiz,"2023-07-04",mobile,180.09,6
A,5806,Amanda Harvey,"2022-03-12",mobile,174.7,5
B,5807,Brent Hays,"2021-03-12",mobile,102.16,2
A,5810,Phillip Meyer,"2022-08-24",mobile,45.61,4
B,5811,Aaron Herrera,"2025-04-19",mobile,186.87,2
A,5812,Kelsey Garcia,"2020-04-12",mobile,105.58,3
A,5816,Katherine Rodriguez,"2024-12-29",mobile,41.24,3
B,5817,Amy Sanchez,"2025-05-29",mobile,55.23,3
A,5820,Tiffany Barrera,"2022-06-19",mobile,91.67,3
B,5821,Jason Tran,"2024-12-14",mobile,316.26,4
B,5823,Jasmine Benitez,"2024-09-13",mobile,25.73,3
A,5826,Kimberly Jones,"2023-09-08",mobile,363.84,4
A,5828,Erika Santiago,"2021-09-14",mobile,87.26,5
B,5831,Linda Lawson,"2023-08-28",mobile,15.43,2
B,5833,Adam Benitez,"2020-11-18",mobile,141.23,4
A,5836,Valerie Sanchez,"2022-12-11",mobile,330.18,6
B,5847,Laura Clark,"2020-04-04",mobile,75.76,3
A,5848,Michelle Henson,"2021-05-02",mobile,277.38,6
A,5850,Charlene Gomez,"2021-09-22",mobile,123.84,5
A,5854,Maria Lopez,"2021-11-16",mobile,32.91,7
B,5855,Crystal Davis,"2020-05-23",mobile,147.51,8
A,5856,David Sanchez,"2023-04-03",mobile,58.88,3
B,5857,Jennifer Berger,"2021-09-08",mobile,11.75,2
A,5858,Ashlee Cook,"2023-04-01",mobile,100.48,2
B,5859,Emily Padilla,"2021-01-28",mobile,22.22,2
B,5865,Robert Schmidt,"2023-12-02",mobile,827.12,5
A,5866,Mark Davis,"2025-08-05",mobile,176.19,4
A,5868,Thomas Wood,"2020-10-06",mobile,154.02,3
B,5869,Kathleen Allen,"2020-03-05",mobile,46.81,3
B,5871,Gregory Johnston,"2021-07-25",mobile,12.37,4
B,5873,Matthew Green,"2021-09-25",mobile,236.25,4
A,5880,Levi Hobbs,"2023-06-03",mobile,131.12,5
A,5886,Debra Perez,"2020-06-04",mobile,162.31,3
B,5887,Mark Herrera,"2022-12-22",mobile,176.52,3
A,5888,Duane Keller,"2023-07-11",mobile,160.98,2
B,5891,Oscar Todd,"2021-12-25",mobile,136.7,3
B,5893,Rebekah Jones,"2022-12-09",mobile,60.21,4
B,5895,Megan Miller,"2020-04-01",mobile,151.48,4
B,5899,Patricia Hood,"2025-01-27",mobile,162.1,8
B,5901,Jasmine Bell,"2022-09-29",mobile,363.29,4
B,5903,Shawna Turner,"2020-04-18",mobile,242.24,4
B,5911,Teresa Reyes,"2021-05-18",mobile,149.4,4
B,5913,Brandy Patterson,"2023-02-09",mobile,79.45,3
B,5915,Jaime Mcgrath,"2021-11-28",mobile,22.24,4
B,5917,Diana Taylor,"2023-01-11",mobile,161.66,3
B,5919,Susan Sanders,"2022-11-21",mobile,119.9,2
B,5925,Anthony Moses,"2024-11-03",mobile,592.55,6
A,5926,Terry Anderson,"2020-10-12",mobile,276.24,5
B,5929,Sandra Dean,"2023-08-08",mobile,35.7,4
A,5934,Christine Lewis,"2020-01-19",mobile,70.01,3
A,5946,Alexis Shaw,"2023-07-03",mobile,485.06,4
A,5950,Daisy Hicks,"2022-04-26",mobile,108.94,5
B,5955,Douglas Smith,"2022-10-21",mobile,222.37,5
B,5959,Jacob Chambers,"2024-02-12",mobile,325.75,4
A,5960,Kenneth Berry,"2021-09-08",mobile,160.96,3
A,5962,Bryan Combs,"2022-06-29",mobile,41.76,2
B,5963,Chris George,"2022-09-23",mobile,326.08,3
A,5968,Garrett Hines,"2024-01-17",mobile,103.14,5
B,5969,Lisa Williams,"2023-03-21",mobile,203.71,6
B,5971,David Wade,"2024-02-29",mobile,305.55,5
A,5972,Charles Jenkins,"2020-09-15",mobile,135.34,2
B,5977,Terry Roman,"2023-07-18",mobile,223.55,4
B,5987,Edward Lopez,"2022-12-27",mobile,676.71,5
A,5990,Scott Wright,"2021-06-28",mobile,74.16,3
B,5991,Taylor Compton,"2020-01-08",mobile,260.81,3
A,5992,Penny Pierce,"2024-11-28",mobile,192.89,2
A,5996,Michele Golden,"2024-11-27",mobile,55.3,3
B,5997,Frank Cox,"2025-07-01",mobile,100.07,4
A,5998,Diana Miller,"2023-06-30",mobile,318.84,5
B,5999,Andrew Hampton,"2024-05-26",mobile,32.07,3
A,6006,Aaron Garcia,"2021-01-27",mobile,39.99,3
B,6009,Richard Cervantes,"2023-06-16",mobile,115.34,5
A,6010,Peter Johnson,"2021-06-23",mobile,114.62,6
A,6012,Melissa Rogers,"2021-02-16",mobile,89.67,2
B,6013,Kaylee Harvey,"2023-11-13",mobile,1028.03,5
A,6020,Gregory Skinner,"2023-06-06",mobile,122.53,4
B,6021,Cheyenne Wagner MD,"2022-10-03",mobile,140.76,6
B,6025,Mr. Robert Young,"2022-02-21",mobile,74.85,7
A,6028,Daniel Robertson,"2020-07-01",mobile,42.32,4
A,6032,Victoria Sherman,"2020-09-07",mobile,272.46,2
B,6035,Jason Jordan,"2020-01-22",mobile,161.24,3
B,6041,Cynthia King,"2020-12-15",mobile,259.03,4
B,6043,Curtis Rogers,"2023-04-29",mobile,677.88,7
A,6044,Benjamin Tran,"2020-05-11",mobile,563.0,6
B,6045,Amy Campbell,"2024-04-20",mobile,487.37,2
A,6048,Adam Wilson,"2020-05-01",mobile,194.74,3
A,6052,Timothy Fletcher,"2025-07-04",mobile,115.13,7
B,6057,Ryan Hess,"2021-08-01",mobile,40.58,5
A,6060,Cynthia Mccann,"2023-05-10",mobile,25.85,2
A,6064,Jason Taylor,"2021-02-16",mobile,22.89,4
B,6069,Allison Beard,"2022-12-14",mobile,70.12,7
B,6071,Benjamin Ellis,"2020-04-06",mobile,273.54,3
B,6073,Jacob Bailey DVM,"2025-05-28",mobile,383.01,2
A,6082,Allen Bates,"2022-07-27",mobile,116.15,4
A,6084,Richard Patel,"2025-05-20",mobile,274.16,5
B,6087,Sabrina Brock,"2021-03-14",mobile,210.29,3
A,6090,Dustin Rangel,"2021-12-20",mobile,167.31,5
B,6097,Patricia Rice,"2023-04-01",mobile,75.46,6
A,6106,Robin Arnold,"2022-10-29",mobile,54.65,4
A,6108,Annette Stewart,"2023-12-01",mobile,49.43,5
A,6112,David Brown,"2025-07-08",mobile,242.24,3
A,6116,Chloe Evans,"2024-07-30",mobile,155.38,3
B,6117,Rebecca Bryan,"2020-07-15",mobile,83.61,3
A,6122,Heather Chen,"2021-02-01",mobile,395.67,3
A,6126,Curtis Smith,"2021-10-06",mobile,299.26,3
B,6127,Carla Atkins,"2021-03-18",mobile,263.89,3
A,6128,James Martin,"2023-06-01",mobile,119.42,5
A,6130,Eric Lawrence,"2025-03-08",mobile,516.35,4
B,6131,Caitlin Davis,"2024-11-29",mobile,271.19,8
A,6132,Donna Cobb,"2021-02-12",mobile,227.76,6
B,6133,Kaitlyn Powell,"2024-05-02",mobile,809.93,4
B,6139,Sarah Campbell,"2020-01-07",mobile,38.07,3
A,6144,Christina Bishop,"2021-05-19",mobile,345.33,4
B,6145,Kristin Lee,"2020-09-03",mobile,343.07,4
A,6146,Mrs. Mary Robbins,"2025-02-18",mobile,10.91,3
A,6154,Kathleen Brown,"2024-05-01",mobile,149.29,7
A,6156,John Rasmussen,"2024-12-26",mobile,106.49,4
B,6157,Kathleen Wyatt,"2022-05-01",mobile,60.04,2
B,6159,Diana Nelson,"2025-04-28",mobile,299.99,3
A,6160,Bradley Morales,"2022-10-05",mobile,50.66,4
B,6165,Misty Robles,"2025-04-11",mobile,158.0,3
A,6166,Betty Evans,"2023-03-12",mobile,615.91,6
B,6167,Isaac Hays,"2024-02-02",mobile,18.19,4
A,6168,Nancy Vasquez,"2023-02-18",mobile,177.26,3
B,6169,Lauren Sawyer,"2023-02-28",mobile,21.48,4
A,6170,Michael Roberson,"2021-05-29",mobile,14.56,3
A,6176,Michelle Bush,"2024-11-26",mobile,457.33,5
B,6179,Jenna Perry,"2023-07-17",mobile,194.83,4
B,6185,Kristine Gardner,"2025-08-23",mobile,279.09,7
B,6187,Karen Berry,"2022-10-08",mobile,160.38,3
B,6193,Jeffrey Steele,"2020-07-27",mobile,325.03,8
B,6199,Crystal Moore,"2020-06-22",mobile,95.11,2
A,6200,Holly Blair,"2021-06-24",mobile,78.14,4
B,6201,Justin May,"2023-02-22",mobile,89.6,2
A,6204,Christopher Gillespie,"2020-01-23",mobile,174.56,7
A,6212,Karen Wilson,"2021-05-20",mobile,364.3,5
A,6216,Richard Vasquez,"2023-05-29",mobile,524.09,3
B,6219,Jennifer Montes,"2023-06-22",mobile,44.8,3
A,6220,Kelli Francis,"2023-11-15",mobile,899.78,5
B,6221,Jennifer Chandler,"2020-08-11",mobile,84.08,5
B,6225,Dr. Jennifer Becker,"2021-06-05",mobile,60.41,3
B,6227,Richard Hill,"2022-10-04",mobile,112.95,4
B,6231,James Williamson,"2025-06-13",mobile,134.92,5
B,6237,Patrick White,"2021-11-22",mobile,243.81,6
A,6238,Andrew Stone,"2022-02-05",mobile,34.32,4
B,6239,Maria Payne,"2022-11-27",mobile,189.61,2
A,6240,Devin White,"2024-06-28",mobile,326.34,9
A,6242,Jackson Maxwell,"2023-05-08",mobile,1470.33,10
B,6247,Steven Coleman,"2024-10-29",mobile,237.6,2
A,6248,Kevin Moore,"2025-08-24",mobile,15.53,4
B,6249,Nathaniel Perkins,"2024-04-29",mobile,53.52,9
B,6251,Gina Ramirez,"2023-12-11",mobile,496.07,7
B,6255,Kelly Alexander,"2020-10-30",mobile,17.28,4
B,6263,Krista Green,"2021-07-25",mobile,387.48,3
A,6264,Billy Harrison,"2022-06-23",mobile,16.33,2
A,6280,Steven Hernandez,"2022-07-21",mobile,152.06,3
B,6281,Trevor Stewart,"2024-02-28",mobile,255.49,5
A,6282,Derek Mitchell,"2024-05-21",mobile,10.57,4
B,6283,Rodney Cunningham,"2024-07-06",mobile,129.12,5
B,6287,Michael Allen,"2020-08-16",mobile,341.42,7
B,6289,John Blevins,"2021-11-04",mobile,17.78,6
A,6290,Michael Jones,"2025-02-01",mobile,101.03,5
B,6291,Daniel Campos,"2023-09-05",mobile,17.93,3
A,6292,Jacob Riley,"2021-03-02",mobile,456.67,4
B,6293,David Mays,"2021-09-02",mobile,868.42,5
B,6295,Kelly Baker,"2025-07-04",mobile,36.7,3
A,6296,Marcus Kirby,"2025-01-12",mobile,362.46,7
A,6298,Teresa Murphy,"2020-09-20",mobile,23.3,3
B,6299,Chad Hernandez,"2021-08-17",mobile,62.96,6
B,6305,Andrew Jackson,"2024-05-16",mobile,63.5,4
A,6308,Jacob Barnes,"2022-06-30",mobile,73.66,5
B,6309,William Donaldson,"2021-08-15",mobile,46.43,3
B,6311,Michael Hernandez,"2023-06-06",mobile,150.01,6
A,6312,Michael Kane,"2022-09-01",mobile,164.62,3
A,6316,Carla Roberts,"2020-01-28",mobile,293.85,2
A,6324,Austin Neal,"2021-08-08",mobile,56.04,7
A,6330,Tyler Pham,"2020-05-01",mobile,249.08,4
A,6332,Leon Williams,"2024-06-09",mobile,162.73,2
A,6334,Michael Rodriguez,"2022-04-19",mobile,329.51,5
B,6337,Christina Moore,"2021-11-26",mobile,89.2,3
A,6338,Kristen Gross DVM,"2025-01-14",mobile,339.22,3
A,6342,Christine Mann,"2023-12-05",mobile,507.64,4
B,6343,Aaron Howard,"2020-03-15",mobile,46.41,2
A,6344,Alec Fitzgerald,"2023-09-13",mobile,130.58,5
B,6345,Andrea Mcfarland,"2024-07-28",mobile,69.77,7
A,6346,Lisa Smith,"2023-10-31",mobile,26.88,2
A,6352,Whitney Johnson,"2023-08-18",mobile,256.91,5
B,6353,Thomas Robinson,"2023-10-17",mobile,59.5,2
B,6355,Jacob Smith,"2024-09-06",mobile,255.6,6
A,6356,Nicholas Cabrera,"2023-11-03",mobile,520.16,3
B,6357,Kimberly Gilbert,"2020-03-27",mobile,344.19,4
B,6359,Lonnie Montgomery,"2023-03-30",mobile,145.32,4
A,6366,Julie Moody,"2024-08-15",mobile,565.55,3
A,6368,Garrett Scott,"2025-04-20",mobile,176.02,4
B,6369,Stephanie Harding,"2024-05-25",mobile,156.64,3
A,6374,Lisa Thomas,"2021-09-16",mobile,196.79,2
B,6375,Thomas Koch,"2020-11-07",mobile,736.64,6
A,6378,Kyle Wright,"2021-06-16",mobile,185.76,7
B,6385,Billy Gregory DVM,"2021-05-21",mobile,36.22,3
A,6386,Kathryn Morales,"2024-01-16",mobile,59.52,4
B,6391,Ashley Sanders,"2023-12-29",mobile,109.33,6
B,6393,Alyssa Peters,"2024-08-24",mobile,398.13,2
A,6396,Victoria Miller,"2023-05-02",mobile,107.99,2
B,6397,Matthew Simpson,"2024-10-08",mobile,221.31,4
A,6400,Sarah Pierce,"2025-05-07",mobile,40.88,7
A,6416,Jonathan Hanson,"2023-10-19",mobile,22.54,4
A,6418,Alan Gilbert,"2024-09-03",mobile,68.06,4
A,6420,Richard Lane,"2025-06-25",mobile,87.04,4
B,6421,Cynthia Griffin,"2020-05-28",mobile,959.81,3
A,6422,Richard Bowen,"2020-11-26",mobile,877.46,5
B,6425,Justin Anderson,"2021-07-26",mobile,305.26,6
A,6426,William Morris,"2022-08-06",mobile,92.8,3
A,6428,Sean Graham,"2025-05-10",mobile,21.87,4
B,6433,Kenneth Tran,"2025-05-16",mobile,349.35,4
A,6434,Michael Gonzalez,"2024-04-01",mobile,231.22,3
B,6435,Daniel Alexander,"2020-03-23",mobile,460.59,6
B,6437,Crystal Gonzalez,"2023-02-08",mobile,787.6,7
A,6438,Nathaniel King,"2022-06-13",mobile,170.87,6
B,6439,Paul Perez,"2023-05-30",mobile,17.26,2
A,6440,Judy Adams,"2022-10-01",mobile,494.85,3
A,6442,Laura Ingram,"2021-06-21",mobile,21.08,3
B,6443,Savannah Long,"2023-04-04",mobile,58.74,4
B,6445,Melissa Patel,"2022-04-08",mobile,275.32,3
A,6446,Taylor Walters,"2023-11-17",mobile,25.31,6
B,6447,Michael Sawyer,"2024-08-19",mobile,262.61,2
A,6450,Heather Harmon,"2021-10-11",mobile,63.29,3
B,6455,Gary Graham,"2022-04-27",mobile,229.08,5
B,6457,Christina Aguilar,"2023-08-31",mobile,61.13,2
A,6458,Paul Ward,"2023-05-17",mobile,28.96,8
A,6464,Linda Hammond,"2024-02-23",mobile,28.12,2
B,6467,Mr. Jonathan Hodges,"2021-11-30",mobile,56.17,6
A,6472,Amanda Sanchez,"2022-04-18",mobile,73.23,8
B,6473,Joseph Martin,"2020-10-31",mobile,464.72,5
B,6477,Susan Murphy,"2023-02-14",mobile,78.03,4
A,6480,Robert Ryan,"2022-07-19",mobile,28.18,5
A,6484,Olivia Adams,"2024-04-21",mobile,37.63,5
B,6485,Debra Willis,"2021-12-13",mobile,164.49,4
B,6487,Tiffany Tyler,"2021-04-20",mobile,174.28,6
B,6489,Ruth Garrett,"2022-04-15",mobile,524.0,5
B,6499,Dominique Buchanan,"2023-04-19",mobile,66.75,6
A,6504,Mark Scott,"2024-05-01",mobile,342.96,6
B,6505,Carolyn Greene,"2023-07-23",mobile,224.61,3
A,6508,Megan Wright,"2020-09-14",mobile,329.86,8
B,6511,Michael Bell,"2024-10-07",mobile,560.71,5
A,6512,Donna Harris,"2025-09-29",mobile,118.14,3
B,6519,Jessica Parsons,"2025-04-19",mobile,620.28,4
B,6521,Maria Stewart,"2023-08-07",mobile,28.17,5
A,6522,Elaine Craig,"2022-07-12",mobile,147.49,2
B,6523,Steven Patterson,"2022-12-06",mobile,286.2,5
A,6528,Monica Chen,"2021-12-16",mobile,172.46,3
B,6531,Jennifer Cox,"2021-05-14",mobile,231.73,2
A,6536,Ebony Schmidt,"2024-08-04",mobile,178.19,4
B,6537,Bryan Weber,"2024-01-03",mobile,358.27,7
A,6540,Kevin Lopez,"2020-01-01",mobile,256.51,6
B,6541,Susan Austin,"2023-10-12",mobile,31.63,3
A,6544,Samuel Graves,"2020-08-04",mobile,66.86,2
A,6548,Steve King,"2024-07-24",mobile,57.89,3
B,6551,Jessica Collins,"2024-12-12",mobile,174.05,4
A,6556,Nicholas Gross,"2021-03-28",mobile,35.6,3
B,6557,Deanna Brown,"2023-08-24",mobile,327.26,6
A,6562,Molly Diaz,"2020-09-28",mobile,193.73,4
A,6564,Joyce Arnold,"2024-06-19",mobile,230.03,5
A,6566,Michael Shannon,"2021-01-27",mobile,19.82,3
B,6567,Julia Duncan,"2023-12-25",mobile,68.99,2
B,6575,David Norton,"2020-08-18",mobile,71.85,6
A,6576,Rebecca Brown,"2023-02-20",mobile,50.79,5
B,6577,Justin Rodriguez,"2022-08-24",mobile,251.48,5
B,6583,Elizabeth Morales,"2022-01-15",mobile,547.42,5
B,6585,John Jackson,"2022-01-17",mobile,29.48,3
B,6589,Kathryn Rivera,"2024-02-14",mobile,93.62,4
A,6592,Taylor Golden,"2024-05-03",mobile,266.9,2
B,6593,Troy Diaz,"2020-06-18",mobile,34.04,2
A,6594,Hannah Kaufman,"2023-09-10",mobile,171.09,3
B,6595,Cindy Gutierrez,"2020-03-04",mobile,118.15,4
A,6596,Karen Williamson,"2024-10-05",mobile,114.31,4
A,6600,Brian Donovan,"2022-03-16",mobile,165.34,4
B,6601,Christopher Herrera,"2024-05-02",mobile,223.7,3
B,6605,Mathew Farmer,"2024-09-03",mobile,342.63,3
A,6606,Carl Alexander,"2020-02-27",mobile,116.78,4
A,6612,David Weiss,"2020-03-20",mobile,258.76,2
B,6613,Michael Hoffman,"2024-04-23",mobile,16.16,4
A,6616,Jimmy Stone,"2020-11-19",mobile,640.82,5
B,6627,Chelsea Reyes DDS,"2023-07-18",mobile,902.6,5
A,6628,Joshua Rice,"2023-06-19",mobile,100.6,4
B,6629,Amy King,"2025-03-07",mobile,502.46,5
B,6631,Jeffery Parrish,"2023-11-22",mobile,165.85,6
A,6634,Anna Peters,"2025-09-18",mobile,68.31,6
A,6636,Lisa Henry,"2021-12-26",mobile,361.41,3
B,6637,Jesus Torres,"2020-09-03",mobile,11.05,4
A,6638,Joshua Jackson,"2021-06-25",mobile,34.29,3
B,6641,Cynthia Berry,"2020-04-20",mobile,174.12,5
A,6642,Brittany Kelly,"2024-05-03",mobile,240.99,6
B,6645,Andrea Wood,"2021-01-15",mobile,14.55,5
B,6651,Katrina Martinez,"2025-09-24",mobile,323.13,7
A,6652,Kimberly Calhoun,"2024-12-30",mobile,108.66,3
B,6653,Victoria Wright,"2021-05-03",mobile,184.2,3
A,6654,Donald Rubio,"2025-07-30",mobile,47.4,2
B,6657,Paul Perry,"2020-09-03",mobile,367.4,5
A,6658,Beverly Stone,"2022-06-09",mobile,197.51,4
B,6661,Crystal Newman,"2021-10-07",mobile,497.84,7
A,6664,Andrea Cunningham,"2022-07-08",mobile,102.52,3
B,6665,Bianca Dorsey,"2024-08-31",mobile,85.51,3
A,6668,Kaitlin Lucero,"2024-09-26",mobile,107.85,4
A,6670,Robert Austin,"2023-11-16",mobile,10.81,2
A,6678,Bruce Wallace,"2025-10-13",mobile,434.63,4
A,6686,Julie Stafford,"2023-04-27",mobile,105.54,5
A,6696,Valerie Gould,"2023-01-24",mobile,232.32,3
B,6699,Nicole Ramos,"2024-07-05",mobile,336.52,5
A,6700,Jessica Joseph,"2024-01-20",mobile,178.98,7
B,6703,Michael Hicks,"2020-07-11",mobile,137.42,2
A,6704,Richard Murphy,"2025-07-19",mobile,400.44,7
B,6707,Wendy Watson,"2024-08-28",mobile,177.08,5
A,6708,Ryan Fox,"2024-04-09",mobile,604.54,3
B,6709,Gerald Barrera,"2021-10-11",mobile,17.61,3
B,6715,Jasmine Hurley,"2021-04-24",mobile,35.59,3
B,6717,Larry Brown,"2022-08-26",mobile,19.94,4
A,6718,Latoya Pruitt,"2023-01-05",mobile,23.11,3
A,6724,Joshua Howard,"2023-03-27",mobile,410.81,2
B,6725,Jessica Molina,"2022-03-25",mobile,95.9,3
B,6727,Hannah Carter,"2025-07-15",mobile,33.88,4
A,6730,Samantha Duarte,"2022-12-31",mobile,84.06,4
A,6732,Miranda Hopkins,"2023-02-11",mobile,39.86,2
B,6733,Leon Wilson,"2023-09-24",mobile,762.94,3
B,6735,Stephanie Golden,"2021-07-21",mobile,93.2,3
B,6737,Rebecca Walker,"2023-09-17",mobile,101.27,5
A,6738,Audrey Camacho,"2022-07-31",mobile,255.96,2
A,6740,Mary Cooke,"2024-08-12",mobile,140.11,4
B,6741,Pam Castro,"2022-05-12",mobile,37.09,4
B,6745,Kevin Rojas,"2024-12-08",mobile,82.66,4
A,6746,Steven Gonzalez,"2023-06-28",mobile,49.91,2
A,6748,William Miranda,"2020-03-26",mobile,228.4,5
B,6751,Jay Watkins,"2022-04-10",mobile,127.77,4
A,6752,Lindsey Lawrence,"2022-02-15",mobile,256.19,4
B,6757,Aaron Stewart,"2023-04-30",mobile,124.74,5
A,6762,Rose White,"2021-03-13",mobile,121.75,5
B,6763,Jesse Bell,"2024-06-26",mobile,123.36,2
B,6769,Ryan Peters,"2020-02-25",mobile,59.64,2
A,6770,Margaret Nichols,"2023-01-09",mobile,350.26,2
B,6775,Maria Price,"2020-11-11",mobile,121.58,2
B,6777,Barry Alvarez,"2023-06-14",mobile,77.45,3
A,6780,Patricia Garcia,"2023-03-07",mobile,342.08,9
B,6781,Devin Lopez,"2023-12-04",mobile,227.9,2
B,6785,John Anderson,"2020-02-07",mobile,247.61,4
A,6786,Joyce Payne,"2025-07-03",mobile,52.38,6
B,6789,Carl Decker,"2025-08-02",mobile,169.92,4
A,6790,Gary Bowman,"2022-07-11",mobile,619.06,6
A,6792,Jonathon Molina,"2025-02-27",mobile,245.47,4
B,6795,Laura Bradford,"2021-06-17",mobile,162.59,7
B,6797,Jesus Brown,"2025-07-27",mobile,299.44,4
A,6804,Brandon Dixon,"2025-04-03",mobile,133.52,3
A,6808,Jessica Odonnell,"2020-09-02",mobile,132.69,4
A,6810,Jeffrey Miller,"2021-03-17",mobile,272.32,8
B,6813,Donna Nelson,"2023-06-03",mobile,62.8,3
A,6814,Randy Scott,"2021-05-07",mobile,458.23,8
B,6815,Michael Patel,"2023-12-14",mobile,110.84,5
B,6817,Brian Hoffman,"2022-03-23",mobile,342.27,6
B,6819,Elizabeth Hodge,"2020-05-11",mobile,135.78,2
B,6821,Adam Baker,"2023-06-09",mobile,14.22,3
B,6825,David Hill,"2025-04-04",mobile,35.77,6
A,6826,Timothy Turner,"2025-06-20",mobile,122.96,5
A,6828,John Baldwin,"2024-10-27",mobile,1240.1,5
A,6832,Mark Morris,"2024-10-11",mobile,114.3,8
A,6834,Nicholas Love,"2021-06-20",mobile,95.54,5
B,6841,Kristy Miller,"2020-11-06",mobile,119.46,5
B,6843,Debra Anderson,"2024-09-09",mobile,22.04,3
A,6846,Ross Grant,"2020-01-01",mobile,36.49,4
B,6851,Thomas Delgado,"2024-12-12",mobile,1352.56,3
A,6854,Anthony Acosta,"2021-02-10",mobile,345.73,2
A,6856,Amy Miller,"2025-06-19",mobile,54.38,4
B,6857,Joshua Smith,"2021-02-20",mobile,299.88,2
B,6859,Travis Henson,"2024-11-25",mobile,13.03,3
A,6860,Jennifer Vazquez,"2020-07-16",mobile,122.42,5
A,6868,Donald Mack,"2023-01-07",mobile,77.6,3
B,6869,Derek Bishop,"2021-04-25",mobile,52.03,7
A,6872,Douglas Estes,"2024-07-31",mobile,93.69,2
B,6873,Kyle Peters,"2024-04-10",mobile,73.85,4
B,6883,Mark Richardson,"2021-05-28",mobile,47.58,4
B,6885,Jeremy Tanner,"2023-12-27",mobile,320.08,7
B,6889,Robert Morris,"2022-12-22",mobile,143.8,6
B,6891,Cody Campbell,"2022-11-23",mobile,109.35,2
A,6892,Jo Avila,"2023-11-19",mobile,189.06,2
B,6895,Danielle Hamilton,"2025-03-25",mobile,60.64,2
B,6899,Michelle Payne,"2023-05-02",mobile,208.04,3
B,6901,Lindsay Benson,"2021-08-05",mobile,1062.17,8
A,6904,Shannon Smith,"2023-01-25",mobile,198.59,5
A,6906,Kristine Campbell,"2021-07-26",mobile,511.65,5
A,6908,Jacqueline Bishop,"2021-11-22",mobile,82.56,3
A,6916,Austin Harrell,"2022-10-10",mobile,139.85,3
B,6919,Kevin Lopez III,"2025-04-15",mobile,173.18,4
A,6920,Courtney Bean,"2022-07-14",mobile,90.05,6
A,6924,Jaclyn Garcia,"2024-01-16",mobile,226.69,3
B,6925,Carla Montgomery,"2023-09-09",mobile,209.44,7
A,6932,Rebecca Jimenez,"2024-07-19",mobile,623.7,5
A,6936,Kathleen Boyd,"2023-02-23",mobile,292.67,6
B,6937,Krystal Wolfe,"2024-05-14",mobile,69.65,4
B,6939,Charles Brady,"2023-09-25",mobile,116.42,3
A,6940,William Coleman,"2024-01-02",mobile,64.46,2
B,6943,Courtney Morgan,"2020-12-29",mobile,404.13,5
A,6952,Justin Vaughn,"2022-08-11",mobile,93.76,3
B,6953,Michael Johnson,"2023-12-16",mobile,453.85,3
A,6954,Heather Reynolds,"2021-06-09",mobile,220.63,8
B,6955,Jeff Bender,"2021-08-24",mobile,70.41,2
A,6964,Donald Jenkins,"2025-04-26",mobile,60.79,5
B,6971,Michael Terrell,"2024-12-06",mobile,115.67,3
A,6974,Jessica Washington,"2025-07-18",mobile,21.25,5
A,6980,Christopher Cisneros,"2023-03-21",mobile,191.12,4
B,6983,Olivia Foster,"2024-06-19",mobile,275.77,3
B,6987,Ryan Joseph,"2021-02-21",mobile,141.16,6
B,6989,Shane Fitzgerald,"2025-02-01",mobile,363.88,4
A,7000,Michael Jones,"2021-03-07",mobile,179.5,5
B,7003,Stefanie Ross,"2025-06-17",mobile,850.48,4
B,7009,Wyatt Flores,"2025-10-27",mobile,15.06,4
A,7010,Anna Wong,"2023-05-27",mobile,88.18,2
A,7012,Ian Hudson,"2023-07-07",mobile,452.26,3
A,7018,Danny Anderson,"2025-08-14",mobile,576.47,5
B,7019,Jesse Roth,"2020-07-13",mobile,110.69,3
A,7020,Jeffrey Mcmillan,"2022-01-06",mobile,80.39,3
B,7021,Sara Brown,"2023-11-19",mobile,155.74,3
B,7023,Debbie Jacobson DDS,"2021-06-24",mobile,249.18,6
A,7024,Lisa Smith,"2022-07-29",mobile,38.19,5
B,7025,James Watts,"2020-06-06",mobile,334.53,7
A,7032,Lee Torres,"2024-10-04",mobile,1604.42,7
B,7033,Aaron Mason,"2020-11-24",mobile,109.62,2
A,7034,Michael Giles,"2022-10-25",mobile,92.3,7
B,7035,Marissa Delgado,"2025-10-15",mobile,36.98,5
A,7036,Regina Powell,"2024-02-12",mobile,626.49,6
B,7037,Shaun Walker,"2023-01-22",mobile,19.05,2
A,7044,Jennifer Green,"2024-09-14",mobile,142.92,3
B,7045,Anthony Rogers,"2024-05-16",mobile,241.39,3
B,7047,Joseph Clayton,"2025-05-04",mobile,336.01,3
A,7050,Wendy White,"2021-12-14",mobile,601.94,5
A,7052,Sheila Garcia,"2023-12-07",mobile,79.52,4
A,7056,Samantha Nguyen,"2020-12-22",mobile,370.15,2
A,7060,Amanda Gill,"2021-10-10",mobile,17.57,5
A,7064,Rebecca Gallagher,"2020-03-04",mobile,1038.5,5
A,7068,Rachel Gray,"2021-12-13",mobile,549.84,7
A,7070,Alexandra Adams,"2020-01-04",mobile,45.56,3
A,7076,Kelsey Leon,"2024-05-18",mobile,128.95,5
A,7078,Amy Fuller MD,"2020-06-22",mobile,284.91,2
A,7080,Ethan Paul,"2022-03-31",mobile,14.24,6
B,7085,Colton Mitchell,"2025-05-22",mobile,166.18,3
A,7086,Amber Taylor,"2021-05-06",mobile,724.45,7
B,7087,Jonathan Rivera,"2020-11-20",mobile,80.06,2
A,7088,Matthew Smith,"2023-04-02",mobile,75.95,5
B,7093,Virginia Gregory,"2023-04-16",mobile,117.47,3
B,7095,Faith Henry,"2021-08-01",mobile,28.59,6
A,7098,Kathleen Baker,"2024-11-16",mobile,162.01,2
B,7099,Michael Poole,"2024-09-10",mobile,51.12,5
A,7104,Jessica Davis,"2024-01-23",mobile,28.84,6
B,7105,Stephen Bush,"2024-08-24",mobile,162.76,4
B,7107,William Chavez,"2020-11-06",mobile,42.09,6
B,7109,Brian Edwards,"2021-03-20",mobile,225.17,6
A,7112,Erik Campbell,"2023-07-09",mobile,87.48,3
B,7115,Julia Castillo,"2024-03-22",mobile,968.69,3
B,7117,Gregory Alexander,"2022-06-17",mobile,1264.38,4
A,7118,Maria Olson,"2024-12-06",mobile,238.3,3
A,7122,Michael Hughes,"2024-04-04",mobile,60.44,2
B,7123,Joseph Clark,"2023-06-15",mobile,13.02,3
A,7124,Pamela Gonzales,"2022-02-16",mobile,96.58,2
B,7131,Mackenzie Pierce,"2023-04-06",mobile,359.09,3
A,7138,Andre Wood,"2025-04-28",mobile,33.47,3
B,7139,Ryan Anderson,"2023-01-14",mobile,355.58,4
B,7141,Patrick Hendricks,"2025-07-09",mobile,239.26,2
B,7149,Derrick Pena Jr.,"2023-08-05",mobile,324.89,5
A,7150,John Huang,"2021-06-05",mobile,112.81,3
A,7156,Mr. Chase Schmidt DDS,"2024-11-29",mobile,63.25,3
B,7159,Kevin Jones,"2021-11-08",mobile,156.58,5
A,7160,Xavier Ramos,"2024-09-01",mobile,215.67,4
A,7164,Courtney James,"2023-11-09",mobile,238.56,4
B,7165,Dr. Jeffrey Tucker,"2021-10-15",mobile,205.3,3
A,7170,Daisy Brown,"2023-01-27",mobile,51.45,6
B,7171,Lisa White,"2021-03-17",mobile,318.2,3
A,7176,Maria Horton,"2020-06-25",mobile,131.6,4
B,7181,Susan Nichols,"2021-01-16",mobile,125.83,6
A,7184,Jeremy Martin,"2025-02-19",mobile,465.5,3
B,7185,Wanda Stein,"2021-11-05",mobile,55.93,5
A,7188,Thomas Chandler,"2021-01-06",mobile,174.89,3
B,7193,Michael Rios DDS,"2021-05-07",mobile,277.24,5
B,7203,Lisa Graham,"2025-01-25",mobile,436.59,3
A,7208,Jessica Gonzalez,"2023-06-30",mobile,257.59,5
B,7211,Michael Smith,"2023-11-21",mobile,258.26,5
B,7215,Tyler Edwards,"2022-05-25",mobile,346.87,6
B,7217,Dr. Tyler Moore,"2025-02-16",mobile,708.95,4
A,7220,Randy Tyler,"2023-11-05",mobile,355.94,3
A,7222,David Martinez,"2023-10-13",mobile,396.87,5
B,7225,Thomas Coleman,"2024-09-26",mobile,24.49,4
A,7226,Valerie Farmer,"2024-05-17",mobile,11.57,2
B,7229,Monica Bell,"2020-02-13",mobile,92.38,2
A,7230,Jeffrey Holloway,"2020-06-03",mobile,622.75,4
A,7232,William Black,"2024-06-27",mobile,661.33,3
B,7237,Michelle Hammond,"2021-05-28",mobile,563.97,8
B,7241,Jessica Luna,"2024-07-09",mobile,65.08,2
B,7243,David Richard,"2024-08-28",mobile,507.27,5
B,7245,Joshua Campbell,"2020-09-26",mobile,486.93,4
B,7251,Marissa Buck,"2022-06-20",mobile,11.57,2
B,7253,Lance Collins,"2022-05-28",mobile,152.46,3
A,7254,Kayla Medina,"2023-10-24",mobile,28.39,5
B,7255,Thomas Lara,"2023-02-12",mobile,213.07,3
A,7260,Jennifer Lawrence,"2024-05-29",mobile,42.11,5
B,7267,Joshua George Jr.,"2025-03-03",mobile,134.37,3
B,7277,Linda Phillips,"2020-11-03",mobile,219.33,6
B,7279,Donald Lewis,"2021-11-07",mobile,249.75,3
A,7280,David Gonzalez,"2022-05-09",mobile,135.09,5
B,7281,Michelle Mcguire,"2022-05-14",mobile,238.01,4
B,7287,Beverly Shelton,"2021-11-30",mobile,152.77,3
B,7289,Misty Berry,"2020-11-28",mobile,397.23,4
A,7292,Jacob Powers,"2022-05-10",mobile,118.85,2
A,7294,Alicia Li,"2025-10-14",mobile,146.22,2
B,7303,Angela Morales,"2023-12-25",mobile,25.71,2
B,7307,Trevor Baker,"2020-09-11",mobile,111.24,3
A,7308,Amanda Banks,"2020-10-23",mobile,181.49,5
B,7309,Kelli Nichols,"2023-06-30",mobile,106.54,4
B,7311,Susan Perry,"2021-10-23",mobile,434.24,7
B,7315,Yolanda Murphy,"2023-03-12",mobile,225.11,5
A,7318,Jessica Abbott,"2024-09-23",mobile,36.17,2
B,7323,Malik Hart,"2024-07-20",mobile,27.22,5
A,7328,Michael Whitney,"2020-05-21",mobile,168.49,4
B,7331,Michelle White,"2022-09-16",mobile,212.7,2
A,7340,Kristina Reyes,"2022-12-12",mobile,214.3,3
B,7341,Laura Nguyen,"2024-09-01",mobile,50.83,3
B,7343,Luis Burton,"2022-07-31",mobile,199.24,3
A,7344,Adriana Payne,"2025-02-09",mobile,114.05,6
B,7345,Matthew Mcbride,"2022-03-24",mobile,95.23,3
B,7347,Jared Arnold,"2023-10-26",mobile,274.53,3
A,7350,Michelle Faulkner,"2023-05-11",mobile,83.08,2
A,7352,Brent Reese,"2021-10-12",mobile,29.05,5
A,7358,Megan Jackson,"2023-02-15",mobile,173.17,4
A,7360,Leslie Summers,"2022-03-09",mobile,71.31,4
B,7361,Eugene Jones,"2025-06-28",mobile,88.74,4
A,7368,Jennifer Jackson,"2021-09-07",mobile,41.49,2
B,7369,Christine Fernandez,"2020-07-30",mobile,104.65,8
A,7372,Tammy Curtis,"2023-01-03",mobile,149.7,3
A,7374,Mike Keller,"2025-01-04",mobile,48.97,2
A,7376,Jose Taylor,"2023-09-07",mobile,23.74,5
B,7387,William Keller,"2023-09-30",mobile,160.64,5
A,7388,Amanda Coleman MD,"2024-08-19",mobile,53.46,4
B,7389,Robert Mack,"2020-07-26",mobile,346.96,6
A,7390,Daniel Jenkins,"2021-02-13",mobile,437.1,4
A,7392,Peggy Steele,"2020-11-11",mobile,78.78,2
A,7394,Amy Lindsey,"2021-01-29",mobile,105.82,3
A,7396,Donna Lewis,"2023-01-31",mobile,151.4,5
A,7400,Sandra Blackburn,"2025-02-13",mobile,72.46,4
B,7407,Brandon Rodriguez,"2020-03-12",mobile,85.44,6
A,7408,Shannon Fisher,"2020-01-13",mobile,45.74,6
B,7421,Cynthia Walker,"2024-09-20",mobile,115.4,5
B,7423,Edward Torres,"2025-10-30",mobile,17.37,4
A,7424,Brett Jones,"2022-01-20",mobile,139.18,3
B,7433,Nathan Johnson,"2024-09-01",mobile,362.86,4
A,7434,Heather Johnson,"2021-04-06",mobile,223.63,3
B,7435,Ryan Green,"2025-10-31",mobile,624.89,6
A,7440,Timothy Herrera,"2021-05-05",mobile,100.43,5
A,7446,James Reyes,"2023-08-12",mobile,132.77,7
A,7448,Whitney Pennington,"2021-07-29",mobile,167.76,5
A,7450,Michelle Roberts,"2021-07-04",mobile,180.33,5
B,7451,Seth Santos,"2025-08-27",mobile,214.39,5
B,7453,Kayla Diaz,"2021-10-22",mobile,172.99,5
A,7456,Alyssa Howell,"2025-09-17",mobile,661.8,3
B,7461,Destiny Hall,"2024-03-23",mobile,109.28,3
B,7467,Meredith Gonzalez,"2022-07-13",mobile,95.77,2
A,7470,Nathan Smith,"2023-07-10",mobile,40.11,3
A,7472,Jordan Mills,"2025-02-18",mobile,372.38,4
A,7474,Diana Long,"2022-12-11",mobile,876.47,5
B,7475,Angela Watts,"2021-04-26",mobile,60.74,3
A,7480,Alexander Kelley,"2021-08-01",mobile,34.38,2
A,7486,Kevin Martin,"2020-01-08",mobile,290.18,5
B,7489,Kathy Sweeney,"2025-02-25",mobile,141.75,5
A,7490,Arthur Gallagher,"2024-11-19",mobile,136.93,2
B,7493,David Robbins,"2024-12-08",mobile,96.98,5
A,7498,Audrey Martin,"2023-04-22",mobile,109.79,7
B,7505,Alejandra Randall,"2022-11-01",mobile,609.85,5
B,7507,Judy Baker,"2023-09-19",mobile,598.73,5
A,7514,Lucas Crawford,"2022-12-04",mobile,91.52,3
A,7518,Alexandra Lyons,"2024-01-31",mobile,110.32,4
A,7520,Kristen Brown,"2022-08-22",mobile,170.85,7
B,7523,Shannon Miller,"2024-07-18",mobile,201.67,6
B,7529,Samuel Wood,"2024-07-05",mobile,95.65,3
B,7531,Steven Crosby,"2021-02-13",mobile,78.5,2
A,7532,Mark Mercer,"2020-12-01",mobile,122.7,4
B,7533,Amanda Jones,"2024-06-20",mobile,108.31,5
B,7535,Jessica Miller,"2025-07-24",mobile,108.67,7
B,7539,Matthew Anderson,"2020-04-03",mobile,166.3,5
B,7543,Tiffany Jackson MD,"2024-08-26",mobile,171.74,2
B,7547,Tyler Olson,"2020-12-15",mobile,144.93,3
B,7549,Nicole Griffith,"2023-07-07",mobile,84.1,2
A,7556,Elizabeth Spencer,"2020-10-03",mobile,105.45,2
B,7557,Dawn Murray,"2024-10-20",mobile,270.72,4
A,7560,Emily Richmond,"2025-08-23",mobile,688.12,6
B,7563,Daniel Ramirez,"2025-05-29",mobile,32.62,3
A,7564,Albert Peterson,"2021-07-11",mobile,55.83,2
B,7573,Matthew Hodges,"2020-04-04",mobile,208.31,4
A,7574,Michael Ramirez,"2024-03-25",mobile,99.01,5
B,7575,Diana Dunn,"2023-11-16",mobile,145.42,3
A,7576,Scott Dennis,"2023-09-08",mobile,31.93,4
A,7582,Kimberly White,"2024-12-31",mobile,194.35,5
A,7590,Julie Hernandez,"2020-11-17",mobile,130.11,2
B,7593,Jennifer Johns,"2025-08-04",mobile,240.26,5
A,7594,Jessica Miller,"2024-12-06",mobile,334.1,3
A,7596,Dennis Clark,"2025-09-30",mobile,316.58,4
B,7603,Samuel Davis,"2024-11-15",mobile,46.11,4
B,7607,Ricardo Rogers,"2020-10-11",mobile,235.22,4
A,7610,Willie Guzman,"2024-12-02",mobile,50.03,3
B,7613,Christopher Henderson,"2022-01-01",mobile,148.95,4
A,7616,Lisa Holmes,"2022-06-06",mobile,114.61,2
A,7618,Lynn Young,"2023-05-10",mobile,83.78,2
A,7620,Kenneth Francis,"2021-01-04",mobile,333.33,7
B,7621,Scott Scott,"2025-03-01",mobile,271.28,3
B,7623,Christine Roberts,"2021-08-18",mobile,52.61,3
A,7624,Michael Brown,"2023-11-03",mobile,108.1,6
B,7625,John Anderson,"2022-03-10",mobile,602.89,3
A,7630,Elizabeth Gilmore,"2023-08-13",mobile,104.23,2
A,7632,David Garcia,"2025-08-02",mobile,52.88,5
B,7637,Mr. Jeremy Wallace,"2025-02-15",mobile,632.73,4
B,7639,Dr. Ryan Odom,"2025-05-14",mobile,369.32,8
B,7647,Gerald Hernandez,"2023-10-15",mobile,148.46,8
A,7648,Curtis Robbins,"2021-02-19",mobile,704.05,2
B,7649,Taylor Davis,"2024-04-09",mobile,819.35,3
B,7651,William Brown,"2025-06-15",mobile,272.52,2
B,7653,Jill Olsen,"2022-06-30",mobile,74.11,5
B,7657,Elaine Bryant,"2024-06-01",mobile,47.17,4
A,7658,Stacy Powell,"2025-10-10",mobile,41.46,6
B,7663,Ricky Schroeder,"2020-05-16",mobile,184.49,3
B,7671,Joe Nelson,"2024-06-14",mobile,479.75,3
A,7674,Richard Randolph,"2022-09-23",mobile,241.26,5
B,7675,Rebecca Raymond,"2020-08-02",mobile,370.3,2
B,7677,Melissa Walker,"2024-12-04",mobile,478.99,5
B,7679,Sally Lamb,"2025-09-11",mobile,555.78,4
A,7680,Allison Snyder,"2023-06-30",mobile,135.05,3
A,7682,Carl Garza,"2023-08-26",mobile,879.82,4
B,7685,Alex Reynolds,"2025-10-11",mobile,207.56,4
A,7686,Thomas Hanson,"2022-02-04",mobile,66.34,3
B,7691,Samantha Coleman,"2021-03-23",mobile,220.42,4
A,7692,Phyllis Hill,"2022-08-08",mobile,36.78,5
A,7704,Michael Mcclain,"2024-04-12",mobile,85.47,3
B,7707,Gregory Cabrera,"2020-03-05",mobile,440.16,3
A,7708,Phyllis Brown,"2021-11-01",mobile,109.58,6
B,7713,Patricia Brown,"2020-12-25",mobile,61.9,2
A,7716,James Bradley,"2025-08-10",mobile,85.57,5
B,7717,Courtney Leon,"2021-07-23",mobile,202.61,2
B,7719,Cynthia Hernandez,"2020-03-24",mobile,74.94,4
A,7722,Tammy Gutierrez,"2025-02-10",mobile,200.29,5
B,7723,Jonathan Herrera,"2020-09-04",mobile,71.17,2
A,7726,Amanda Mccormick,"2024-11-08",mobile,397.58,7
B,7727,Claudia Brennan,"2022-10-18",mobile,115.82,3
A,7734,Ronnie Lester,"2024-02-01",mobile,110.88,4
A,7740,Kristin Hughes,"2022-09-07",mobile,288.9,5
B,7741,David Hudson,"2020-08-21",mobile,92.18,2
A,7742,Mr. Bradley Mueller,"2020-12-24",mobile,60.21,3
B,7743,Betty Scott,"2020-02-02",mobile,543.04,3
A,7744,Mallory Marshall,"2021-07-20",mobile,66.3,4
A,7746,Aaron Hurst,"2025-02-18",mobile,69.91,4
A,7748,Earl Dalton,"2024-03-27",mobile,55.94,7
A,7750,Barbara Smith,"2024-10-13",mobile,105.16,2
B,7751,Reginald Fisher,"2022-08-19",mobile,278.38,4
A,7756,Jessica Stone,"2023-12-13",mobile,615.92,5
A,7758,Tamara Anderson,"2023-07-04",mobile,190.75,2
B,7759,Martin Little,"2021-10-05",mobile,493.86,6
B,7761,Jeremy Romero,"2025-09-30",mobile,964.47,6
A,7762,Ernest Moore,"2023-06-13",mobile,163.64,3
A,7768,Wendy Thomas,"2025-08-20",mobile,82.6,4
A,7774,Dennis Little,"2022-03-12",mobile,161.52,3
A,7776,John Greer,"2023-05-04",mobile,427.26,4
B,7777,Mario Foster,"2024-01-05",mobile,334.05,6
B,7779,Krystal Acevedo,"2020-03-11",mobile,35.77,4
A,7782,Valerie Bennett,"2024-03-12",mobile,142.66,3
A,7784,Kimberly Williams,"2021-05-03",mobile,112.2,2
B,7789,David Farmer,"2024-12-02",mobile,34.47,5
B,7791,Timothy Lester,"2023-12-19",mobile,658.86,3
A,7792,Kimberly Thompson,"2020-07-29",mobile,264.87,3
B,7793,Bradley Brown,"2025-10-08",mobile,42.06,3
A,7806,Sarah Carter,"2022-08-23",mobile,183.4,3
A,7808,Robert Ayala,"2023-06-06",mobile,69.25,3
B,7809,Cassidy Walters,"2022-10-02",mobile,351.49,4
B,7811,Elizabeth Weber,"2021-02-20",mobile,159.01,3
B,7813,Abigail Mcdonald,"2024-06-26",mobile,421.36,4
B,7819,Sara Jones,"2024-06-29",mobile,194.13,3
A,7824,Alisha Garcia,"2023-04-17",mobile,94.84,2
B,7825,Denise Wolf,"2020-07-29",mobile,812.38,4
A,7828,Angela Walker,"2024-02-27",mobile,75.92,4
B,7829,Brandi Martin,"2022-02-27",mobile,496.35,5
A,7830,Anne Miller,"2023-02-26",mobile,537.24,5
B,7831,Yvette Frey MD,"2024-07-05",mobile,32.54,5
A,7838,Scott Bowman,"2021-04-13",mobile,96.42,3
A,7840,Anne Coffey,"2025-06-17",mobile,14.56,2
B,7841,Edward Hayes,"2020-11-18",mobile,688.58,4
B,7843,Christopher Lopez,"2021-06-21",mobile,45.12,2
A,7848,Erin Riley,"2020-06-11",mobile,237.53,6
B,7855,Jacob Snyder,"2024-04-26",mobile,46.03,2
A,7858,Kevin Reed Jr.,"2024-06-23",mobile,424.97,4
B,7859,Kelli Thomas,"2020-06-09",mobile,103.39,2
B,7861,Tristan Jones,"2024-05-21",mobile,552.99,7
B,7871,Robert Krueger,"2021-12-25",mobile,78.19,4
B,7873,Richard Johnson,"2022-02-17",mobile,85.32,7
B,7883,Jennifer Chapman,"2025-01-31",mobile,329.68,4
A,7888,Kenneth Moore,"2020-06-03",mobile,349.54,5
B,7889,Desiree Duncan,"2020-06-28",mobile,152.02,2
B,7891,Angela Smith,"2023-05-09",mobile,123.8,2
A,7894,Joshua Huff,"2024-01-02",mobile,268.83,5
A,7898,Alex Gutierrez,"2020-11-19",mobile,236.87,6
B,7903,Jennifer Nielsen,"2024-02-19",mobile,34.61,5
B,7905,Monica Dean,"2022-05-14",mobile,238.04,3
B,7909,Marie Marsh,"2020-08-18",mobile,50.04,3
B,7913,Elizabeth Webster,"2020-04-01",mobile,28.59,3
B,7915,Bryan Jackson,"2023-11-04",mobile,74.28,3
B,7917,Ashley Goodwin,"2020-07-10",mobile,392.06,6
A,7920,Raymond Watson,"2025-05-11",mobile,77.31,6
B,7923,Luis Bishop,"2024-07-27",mobile,29.52,3
B,7925,Michael Williams,"2020-07-26",mobile,175.41,4
B,7927,Robert Wilkerson,"2024-03-24",mobile,40.14,3
B,7931,William Johnson,"2020-04-10",mobile,36.85,3
A,7936,Brian Anderson,"2022-03-19",mobile,56.07,2
A,7938,Anthony Webb,"2021-03-13",mobile,232.85,4
B,7945,Justin Mora,"2024-05-09",mobile,304.96,5
A,7954,Lori Adams,"2023-04-10",mobile,630.25,2
A,7956,Kevin Fischer,"2021-05-04",mobile,456.33,7
B,7965,Joshua Maldonado,"2020-12-04",mobile,208.76,4
A,7970,Andrew Adkins,"2023-06-13",mobile,300.25,5
B,7975,Christine Ramirez,"2024-05-09",mobile,28.61,2
A,7976,Jason Best,"2024-12-31",mobile,23.23,5
A,7980,Diana Smith,"2023-06-07",mobile,17.47,2
A,7982,Kevin Houston,"2023-02-16",mobile,365.52,4
A,7984,Lauren Gonzales,"2025-05-21",mobile,51.86,2
B,7991,Mary Torres,"2020-07-18",mobile,449.93,6
A,7992,Ashley Sosa,"2023-07-14",mobile,182.6,3
B,7993,Joseph Powell,"2021-01-27",mobile,303.36,3
A,7996,Charles Johnson,"2022-07-25",mobile,59.78,2
A,7998,Jesse Gomez,"2021-04-10",mobile,13.65,6
B,8005,Joshua Peck,"2022-12-24",mobile,36.1,3
A,8006,Juan Roy,"2021-06-26",mobile,23.11,2
B,8011,Stephen Ramirez,"2020-05-29",mobile,448.99,3
B,8013,Jared Watkins,"2025-10-10",mobile,37.17,2
B,8015,Jill White,"2020-07-30",mobile,108.13,3
B,8017,Emily Lane,"2021-01-22",mobile,302.56,7
B,8019,Danielle Jackson,"2024-03-31",mobile,106.18,4
B,8021,Carolyn Macias,"2020-10-11",mobile,50.14,2
B,8029,Thomas Stevens,"2022-05-04",mobile,399.71,4
B,8039,Donald Hughes,"2020-01-19",mobile,139.34,4
A,8040,Christian Perry,"2024-01-18",mobile,173.31,3
B,8047,Joshua Harper,"2020-02-11",mobile,41.97,2
A,8048,James Hill,"2025-07-23",mobile,511.55,6
A,8050,Timothy Peterson,"2022-02-11",mobile,925.93,5
A,8052,Dr. Jennifer Martinez,"2023-08-07",mobile,210.36,3
B,8055,Ms. Rebecca Kline MD,"2021-10-14",mobile,50.85,5
B,8061,Brian Bush,"2025-01-20",mobile,266.18,5
A,8068,John Long,"2021-02-25",mobile,544.5,2
B,8069,Bonnie Williams,"2021-08-02",mobile,381.23,5
A,8070,Christopher Dillon,"2021-03-31",mobile,49.97,3
B,8071,Ryan Martin,"2024-12-30",mobile,78.78,6
B,8079,Susan Montgomery,"2023-11-04",mobile,285.9,3
B,8081,Valerie Bradford,"2023-03-19",mobile,318.19,4
A,8082,Cindy Thomas,"2024-05-28",mobile,84.23,5
A,8084,Katie Anthony,"2024-01-03",mobile,368.99,7
B,8095,Stephen Frank,"2023-11-26",mobile,72.31,6
A,8096,Rachel Rojas,"2024-05-27",mobile,60.03,3
A,8108,Patricia Martin,"2023-01-13",mobile,203.61,2
B,8109,Shirley Miles,"2022-10-09",mobile,61.12,8
B,8111,Richard Smith,"2024-10-10",mobile,185.51,2
A,8112,Deborah Nelson,"2022-06-23",mobile,566.1,2
A,8116,Michelle Webster,"2024-07-01",mobile,560.49,5
A,8120,Johnny Rodriguez,"2025-01-05",mobile,85.71,8
A,8122,Corey Ramirez,"2020-07-31",mobile,287.88,2
B,8123,Jacqueline Brown,"2023-06-10",mobile,1968.13,3
B,8127,Susan Shaw,"2020-03-26",mobile,23.64,2
A,8130,Mia Davila,"2023-07-14",mobile,75.03,4
B,8133,Christina Owens,"2021-06-15",mobile,85.51,4
A,8136,Douglas Shaffer,"2025-01-05",mobile,256.51,7
B,8137,Sierra Todd,"2022-08-02",mobile,188.5,2
A,8138,Richard Meyer,"2021-07-24",mobile,16.63,6
B,8139,Paul Dixon,"2022-09-05",mobile,144.37,2
B,8141,Micheal Molina,"2022-06-03",mobile,44.73,3
B,8145,Peter Smith,"2024-05-08",mobile,519.46,4
A,8148,Sandra Burke,"2022-04-01",mobile,387.56,3
A,8156,Joanna Nelson,"2024-10-31",mobile,365.22,6
B,8157,Brian Rogers,"2020-04-16",mobile,127.47,3
B,8165,Troy King,"2021-10-16",mobile,19.15,5
B,8167,Carmen Lloyd,"2024-06-11",mobile,81.12,6
B,8173,Ronald Ramirez,"2023-02-27",mobile,33.17,3
B,8175,Sabrina Cortez,"2020-06-24",mobile,221.53,2
A,8184,Beth Webster,"2024-11-01",mobile,127.8,4
B,8185,Lori Flores,"2024-06-18",mobile,425.94,6
B,8189,Jackson Gallagher,"2021-10-17",mobile,159.15,2
A,8190,Anthony Blake,"2024-09-30",mobile,82.24,7
A,8194,Michael Mcintosh,"2024-07-20",mobile,27.55,2
A,8196,Melissa Lawrence,"2021-12-10",mobile,285.42,6
B,8201,Jasmine Gray,"2023-06-06",mobile,114.54,3
A,8204,David Morse,"2020-04-17",mobile,254.27,5
A,8206,Jasmine Simpson,"2024-11-15",mobile,185.09,3
A,8208,Pamela Morris,"2024-06-21",mobile,48.58,2
B,8209,Tasha Richardson,"2020-04-21",mobile,16.24,3
A,8212,Jacob Jordan,"2025-10-31",mobile,152.79,3
B,8221,Randall Harmon,"2023-12-22",mobile,192.14,2
A,8222,Michelle Juarez,"2025-08-09",mobile,60.66,3
B,8229,Justin Hartman,"2020-06-06",mobile,29.35,4
A,8230,Joshua Gonzalez,"2022-02-27",mobile,55.17,4
B,8235,Tracy Schwartz,"2021-07-02",mobile,236.78,5
A,8240,Patrick Lucero,"2022-12-21",mobile,906.02,5
B,8243,Stephen Jones,"2023-11-21",mobile,212.28,3
B,8251,Daniel Rice,"2020-01-02",mobile,123.56,3
B,8253,Christopher Padilla,"2023-02-11",mobile,253.98,4
A,8254,Mary Figueroa,"2023-06-17",mobile,131.99,2
A,8256,Jessica Silva,"2020-05-09",mobile,142.0,4
B,8257,Sean Franklin,"2024-12-03",mobile,264.28,5
A,8262,Kelly Cummings,"2023-10-13",mobile,84.73,3
B,8273,Michele Wilson,"2020-07-18",mobile,36.15,3
A,8286,Kristin Powers,"2025-01-21",mobile,203.16,8
B,8287,Jessica Ward,"2025-07-30",mobile,105.56,4
B,8293,James Marsh,"2023-11-28",mobile,204.02,7
A,8294,Becky Osborne,"2022-12-04",mobile,156.61,3
A,8296,Tyler Yang,"2020-08-18",mobile,33.14,3
B,8299,Shelley Frye,"2023-09-15",mobile,38.76,2
A,8300,Kelly Jackson,"2021-08-06",mobile,144.32,2
B,8303,Earl Burgess,"2023-08-18",mobile,22.14,2
A,8306,Lauren Davies,"2025-01-17",mobile,437.84,6
B,8307,Stacey Robertson,"2020-09-01",mobile,408.2,4
A,8308,Kendra Williams,"2022-08-27",mobile,38.98,4
B,8309,Nicholas Rogers,"2020-03-31",mobile,647.43,4
A,8312,Michael Harper,"2021-05-20",mobile,132.06,2
A,8322,Dr. Mark Maynard,"2023-04-03",mobile,278.65,3
B,8323,Jonathan Stephens,"2022-05-20",mobile,81.87,2
B,8327,Robin West,"2025-05-28",mobile,27.68,2
A,8328,Linda Lyons,"2025-02-03",mobile,407.4,10
B,8329,Jason Singh,"2023-12-09",mobile,312.45,7
A,8334,Elizabeth Deleon,"2021-10-15",mobile,312.64,6
B,8335,Melissa Perkins,"2021-09-23",mobile,136.63,3
B,8337,Shannon Armstrong,"2025-02-16",mobile,75.09,3
A,8340,Chelsea Chang,"2022-07-03",mobile,145.41,2
B,8343,Matthew Ingram,"2022-07-20",mobile,164.5,3
A,8354,George Taylor,"2024-03-16",mobile,53.86,3
B,8355,Chad Perry,"2022-04-15",mobile,1951.32,6
B,8357,Michelle Gonzalez,"2022-01-20",mobile,83.18,4
B,8359,Ashley Schmidt,"2023-12-24",mobile,73.2,3
A,8362,Raymond Benson,"2025-08-18",mobile,21.83,3
A,8364,Andrea Mahoney,"2021-03-25",mobile,32.3,2
B,8367,Jamie Cruz,"2024-03-04",mobile,453.46,3
A,8372,Nathan Fisher,"2025-10-21",mobile,75.62,3
A,8374,Laura Fisher,"2024-02-18",mobile,1124.83,6
B,8389,Jennifer Stokes,"2024-02-24",mobile,68.09,6
A,8408,Tommy Webster,"2021-11-14",mobile,30.38,3
A,8410,Ricky Glover,"2023-08-16",mobile,78.4,3
A,8412,Christine Savage,"2022-10-25",mobile,66.34,3
A,8414,Kelsey Ford,"2023-04-13",mobile,37.51,7
B,8417,Ms. Melissa Stewart,"2025-09-23",mobile,20.73,5
B,8421,Kimberly Russell,"2025-10-17",mobile,73.7,5
B,8447,Casey Patterson,"2023-02-23",mobile,75.25,4
A,8448,Michele Ayala,"2024-06-09",mobile,417.66,4
B,8449,Amber Nash,"2023-05-08",mobile,755.7,4
A,8450,Heidi Christensen,"2023-02-06",mobile,217.65,4
B,8455,Raymond Parker,"2022-09-15",mobile,132.26,3
A,8456,Jon Villarreal,"2023-09-25",mobile,560.48,5
B,8457,Breanna Brown,"2021-01-31",mobile,111.35,6
B,8459,Jason Cameron,"2025-10-04",mobile,164.34,3
A,8468,Andrew Martinez,"2023-08-07",mobile,162.85,5
B,8469,Susan Willis,"2021-05-01",mobile,485.52,8
B,8473,Melinda Morales,"2023-06-04",mobile,763.76,5
B,8479,Corey Branch,"2020-06-04",mobile,605.74,5
B,8483,Dennis Graham,"2021-09-01",mobile,64.86,4
A,8484,Jennifer Miller,"2022-06-27",mobile,410.19,5
B,8485,James Mckenzie,"2022-09-13",mobile,29.93,4
A,8486,Randall Schultz,"2023-03-07",mobile,20.68,5
B,8491,Aaron Johnson,"2025-08-10",mobile,602.02,6
B,8493,Trevor Young,"2025-10-23",mobile,439.0,3
A,8494,Dominic Barr,"2022-10-31",mobile,279.39,4
B,8497,Chase Stephens,"2021-05-15",mobile,125.46,2
A,8498,Joshua Maldonado,"2022-09-11",mobile,451.18,6
B,8499,Blake Wheeler,"2024-08-10",mobile,518.18,8
B,8503,Cathy Castro,"2025-09-04",mobile,113.56,2
B,8511,Lisa Floyd,"2021-07-16",mobile,47.82,4
B,8513,Kayla King,"2024-11-28",mobile,227.3,2
A,8522,Brian Vasquez,"2025-07-31",mobile,44.1,5
B,8525,Megan Kelly,"2022-05-08",mobile,68.58,6
A,8528,Carrie Wiggins,"2024-03-16",mobile,25.49,2
A,8532,Deborah Freeman,"2021-08-15",mobile,33.51,7
B,8533,Anna Johnson,"2021-06-13",mobile,14.24,3
A,8534,Joanna Wright,"2020-03-06",mobile,38.86,2
B,8535,Tony French,"2023-02-04",mobile,223.49,3
B,8537,Pamela Smith,"2021-07-20",mobile,102.34,6
A,8546,Thomas Young,"2020-06-03",mobile,251.34,3
A,8548,Renee Garcia,"2020-02-19",mobile,185.0,4
B,8549,Kim Diaz,"2023-07-29",mobile,385.38,8
A,8552,Debbie Day,"2024-02-22",mobile,472.2,3
A,8556,Lisa Khan,"2020-10-09",mobile,126.11,3
A,8562,Jerry Rose,"2022-08-25",mobile,22.22,4
A,8564,Noah Kane,"2025-08-28",mobile,18.1,3
A,8566,Jeffery Lee,"2023-08-07",mobile,104.07,2
B,8573,John Henderson,"2023-04-15",mobile,11.13,2
A,8574,Samantha Miller,"2020-06-27",mobile,713.04,4
A,8576,Shannon Martin,"2021-08-27",mobile,208.98,2
A,8586,James Russell,"2024-11-12",mobile,75.61,2
A,8588,Janet Wang,"2020-07-13",mobile,50.18,3
B,8589,Matthew Edwards,"2022-03-03",mobile,102.89,2
B,8595,Susan Richardson,"2024-01-19",mobile,18.02,3
A,8596,David Miller,"2025-03-10",mobile,243.59,2
B,8597,Matthew Drake,"2021-01-31",mobile,140.77,3
A,8598,Autumn Luna,"2025-10-05",mobile,777.9,7
A,8600,James Clark,"2024-04-17",mobile,120.39,4
B,8603,Philip Rogers,"2024-01-19",mobile,185.82,6
A,8604,Michelle Walters,"2024-12-02",mobile,97.02,2
B,8607,Ronald Miller,"2024-02-27",mobile,298.51,2
A,8608,Brandon Wilson,"2020-11-14",mobile,183.37,2
B,8613,Crystal Higgins,"2024-01-25",mobile,61.38,4
B,8617,Lindsey Flowers,"2025-03-17",mobile,273.32,4
B,8619,Aaron Ferguson,"2023-10-02",mobile,298.98,4
A,8620,Barry Torres,"2021-05-02",mobile,87.58,6
A,8622,James Baker,"2024-12-08",mobile,130.15,4
A,8626,Lauren Potter,"2021-08-23",mobile,387.23,2
A,8628,Jacqueline Morales,"2020-10-11",mobile,389.93,4
B,8629,Terry Diaz,"2020-10-24",mobile,333.64,4
A,8630,Connie Becker,"2021-09-23",mobile,114.85,4
B,8635,Sara Brown,"2024-10-18",mobile,82.03,6
B,8637,Ashley Norman,"2023-09-28",mobile,95.12,5
A,8638,Chad Smith,"2024-08-15",mobile,134.89,4
A,8642,Leslie Gill,"2022-08-27",mobile,136.62,3
B,8645,Thomas Johnson,"2020-03-18",mobile,549.49,2
A,8646,Tiffany Rangel,"2022-08-19",mobile,86.75,5
B,8647,Mark Cook,"2023-06-27",mobile,343.18,2
B,8649,Nathaniel Johnson,"2023-09-11",mobile,191.72,2
A,8654,John Williams,"2023-11-29",mobile,127.47,7
B,8655,Robert Sutton,"2024-05-01",mobile,295.7,5
A,8658,Margaret Haley,"2022-07-13",mobile,104.96,2
B,8659,Kimberly Thomas,"2021-03-25",mobile,98.08,2
B,8661,Jonathan Cook,"2023-08-16",mobile,11.67,6
B,8669,Stephanie Mooney,"2021-12-19",mobile,271.38,5
A,8670,Jenna Robbins,"2021-10-01",mobile,473.58,3
B,8671,Luis Spence,"2024-08-18",mobile,143.71,3
B,8673,Emily Ingram,"2025-06-03",mobile,1017.72,3
A,8674,Emily Coleman,"2023-01-14",mobile,314.06,5
B,8675,Victoria Green,"2022-11-07",mobile,296.12,3
B,8679,Kristina Turner,"2025-06-04",mobile,46.04,4
B,8683,Jared Miller,"2020-10-08",mobile,78.8,3
A,8686,Greg Evans,"2025-03-19",mobile,85.16,4
B,8687,Kristin Cortez,"2022-01-09",mobile,423.75,4
A,8688,Kelsey Peters,"2020-05-04",mobile,251.99,3
B,8689,Diana Bell,"2022-04-13",mobile,975.86,8
A,8692,Jordan Johnson,"2020-04-18",mobile,49.76,3
A,8694,Erica Lawson,"2020-07-10",mobile,116.49,3
B,8697,Katie Dunn,"2021-09-30",mobile,543.89,4
A,8698,Marissa May,"2024-02-16",mobile,140.34,4
A,8704,Heather Wallace,"2020-05-19",mobile,142.13,3
B,8707,Gary Mullins,"2023-02-21",mobile,60.86,3
B,8709,Robert Barber,"2020-04-02",mobile,21.83,6
B,8711,Marissa Nunez,"2023-12-22",mobile,91.5,4
B,8713,Keith Martinez,"2024-11-03",mobile,111.44,3
B,8715,Anthony Cain,"2021-01-13",mobile,11.57,2
B,8719,Paul Peck,"2022-07-05",mobile,43.05,6
A,8722,Robert White,"2020-09-29",mobile,294.31,3
A,8726,Michael Fleming,"2021-05-12",mobile,125.6,3
A,8730,Derek Benson,"2022-03-04",mobile,113.97,3
B,8733,Amanda Lambert,"2022-09-18",mobile,340.52,2
B,8739,David Wood,"2024-11-24",mobile,257.24,3
A,8744,Latoya Dodson,"2023-11-29",mobile,223.49,4
A,8752,Alex Thompson,"2021-02-22",mobile,78.8,7
B,8753,Stephanie Sanchez,"2023-07-18",mobile,106.21,3
B,8759,Robert Calhoun,"2022-08-02",mobile,270.28,7
B,8767,Paula Morrison,"2022-12-24",mobile,53.74,2
B,8769,Lance Jacobs MD,"2022-01-16",mobile,49.73,3
A,8778,Victoria Griffin,"2021-05-11",mobile,25.49,3
B,8779,James Garcia,"2022-04-11",mobile,58.02,4
A,8780,Richard Garcia,"2022-04-04",mobile,317.16,3
B,8783,Rachael Chavez,"2024-02-20",mobile,93.68,4
A,8790,Corey Robinson,"2020-07-04",mobile,217.72,6
B,8805,Robert Webb,"2022-09-13",mobile,212.9,2
A,8806,Jessica Potter,"2022-07-18",mobile,56.24,7
B,8807,Daniel Graves,"2025-04-15",mobile,298.01,3
A,8814,Shawn Smith,"2020-06-25",mobile,162.79,6
B,8819,Sarah Morgan,"2022-04-09",mobile,246.25,5
A,8822,Arthur Mcgrath,"2020-12-27",mobile,46.56,3
B,8823,Ronald Pollard,"2025-06-25",mobile,15.22,3
A,8832,Cynthia Hill,"2020-06-22",mobile,253.38,9
B,8833,Scott Owen,"2021-11-30",mobile,458.92,5
B,8837,John Ingram,"2025-09-24",mobile,24.63,4
B,8841,Luke Black,"2021-04-14",mobile,204.77,4
A,8844,Mike Oliver,"2021-12-26",mobile,121.7,5
B,8845,Deborah Johnson,"2022-09-15",mobile,246.74,3
A,8846,Laura Mercer,"2023-01-04",mobile,31.51,5
A,8848,Kylie Campbell,"2024-10-14",mobile,108.64,3
B,8849,Alicia Smith,"2021-03-17",mobile,203.78,2
B,8851,Emily Adams,"2023-01-23",mobile,41.99,5
A,8858,Victoria Brown,"2024-02-01",mobile,14.8,5
A,8864,Sophia Henry,"2023-01-16",mobile,79.7,2
B,8867,James Krause,"2023-01-19",mobile,77.72,2
A,8868,Robert Nelson,"2022-04-02",mobile,47.21,4
A,8872,Shawn Bishop,"2022-12-02",mobile,15.35,3
A,8874,Susan Reynolds,"2022-12-17",mobile,420.87,2
B,8877,Anthony Henderson,"2023-08-03",mobile,310.74,7
B,8879,Gabrielle Carlson,"2022-12-13",mobile,296.92,5
B,8881,Christopher Roman,"2025-10-30",mobile,121.57,8
B,8895,Cody Ellis,"2023-05-26",mobile,169.55,4
B,8899,Michelle Taylor,"2021-05-01",mobile,60.48,6
A,8900,Zachary Hawkins Jr.,"2024-08-20",mobile,307.49,5
B,8919,Michael Conner,"2020-12-21",mobile,583.77,8
B,8921,Carol Shaw,"2023-05-22",mobile,192.27,5
A,8922,Dr. Tammy Martin,"2023-05-02",mobile,111.82,3
B,8927,George Acosta,"2022-12-21",mobile,114.89,8
A,8928,Nicole Phillips,"2022-12-16",mobile,107.54,3
B,8929,David Edwards,"2022-04-09",mobile,35.48,6
A,8936,Catherine Nguyen,"2021-02-17",mobile,891.7,5
A,8940,Raymond Robertson,"2021-06-22",mobile,592.21,7
B,8943,Kenneth Ryan MD,"2023-12-28",mobile,43.93,6
A,8946,Gabriela Kim,"2022-05-11",mobile,39.9,5
B,8949,Kyle Blackwell,"2023-07-31",mobile,291.93,3
B,8951,Jessica Sims,"2023-02-16",mobile,92.56,4
A,8952,Jesse Avila,"2022-02-02",mobile,519.59,6
B,8953,Molly Ramirez,"2023-07-08",mobile,768.82,4
B,8955,Krystal Rodriguez,"2024-02-13",mobile,631.8,3
A,8960,Shannon Miller,"2023-11-26",mobile,425.1,4
A,8964,Brett Russell,"2020-10-04",mobile,22.02,8
B,8965,Joseph Fuentes,"2025-10-14",mobile,51.86,3
A,8968,James Moore,"2022-08-02",mobile,37.22,3
A,8974,Bruce Adams,"2023-10-24",mobile,49.91,4
B,8975,Julie Thomas,"2024-05-22",mobile,188.38,3
A,8976,Tina Wood,"2024-09-09",mobile,288.64,2
B,8979,Erika Kelly,"2020-06-20",mobile,122.84,5
B,8981,Jennifer Rojas,"2025-06-01",mobile,60.12,3
A,8982,Carrie Williams,"2020-01-29",mobile,138.49,3
B,8983,Daniel Mckee,"2024-03-12",mobile,37.65,3
B,8985,Regina Hunter,"2022-06-13",mobile,123.6,2
A,8986,Jennifer Baker,"2022-05-05",mobile,14.55,3
B,8987,Peggy Jones,"2025-05-21",mobile,491.98,4
B,8989,Veronica Howe,"2021-07-03",mobile,39.61,3
A,8994,Robert Dickerson,"2022-01-17",mobile,354.79,11
B,9003,Peter Duffy,"2023-06-26",mobile,57.56,4
B,9007,Michael Ashley,"2022-11-02",mobile,46.7,4
A,9008,Dakota James,"2023-05-19",mobile,19.7,4
B,9011,Maria Burns,"2024-02-20",mobile,13.86,2
B,9015,Crystal Steele,"2022-06-07",mobile,700.39,3
B,9017,Rachel Barrera,"2023-12-13",mobile,18.39,4
A,9018,Kathryn Thompson,"2021-01-27",mobile,1261.63,5
B,9019,Ryan Greene DDS,"2025-07-21",mobile,103.33,5
B,9021,Stephanie Brown,"2020-08-26",mobile,165.25,5
A,9024,Laura Mathis,"2024-10-26",mobile,462.14,7
A,9028,Anthony Mccarty,"2021-06-13",mobile,15.54,3
B,9035,Andrew Vega,"2021-04-22",mobile,21.29,4
A,9042,Timothy White,"2023-08-12",mobile,46.39,4
A,9044,Jacob Sherman,"2025-06-19",mobile,87.31,2
B,9045,Michael Garcia,"2022-06-04",mobile,91.6,2
B,9053,Bryan Rojas,"2022-02-04",mobile,26.67,9
A,9056,Gabrielle Contreras,"2022-03-21",mobile,343.74,7
B,9057,Allison Beck,"2020-07-03",mobile,33.97,2
A,9060,Tiffany Orozco,"2020-03-15",mobile,394.97,9
B,9061,Mrs. Alexa Garcia,"2020-05-12",mobile,217.51,2
A,9062,John Sosa,"2021-09-05",mobile,335.58,4
B,9063,Brian Black,"2023-08-17",mobile,144.15,6
B,9069,David Cannon,"2022-01-21",mobile,47.42,4
B,9077,Jennifer Olson,"2021-03-08",mobile,406.72,5
A,9082,Vanessa Warner,"2020-07-05",mobile,51.54,2
B,9083,Lance Campbell,"2020-04-09",mobile,30.12,3
A,9092,Stacey Peterson,"2025-04-02",mobile,23.35,3
B,9101,Catherine Kane,"2025-08-23",mobile,560.83,7
B,9103,Adriana Archer,"2023-12-23",mobile,317.36,2
A,9104,Scott Johnson,"2024-03-28",mobile,166.34,5
A,9110,John Anderson,"2023-11-12",mobile,32.07,2
A,9114,David Cox,"2024-04-14",mobile,195.07,4
B,9117,Erica Riley,"2022-04-09",mobile,58.73,3
B,9123,Caleb Chase PhD,"2023-06-22",mobile,42.43,4
A,9126,Donna Watson,"2025-06-13",mobile,119.57,3
B,9129,Samuel Gibbs,"2022-10-13",mobile,124.56,4
B,9133,Kari Tucker,"2021-03-24",mobile,433.31,2
A,9134,Brian Ayala,"2020-11-13",mobile,113.58,3
A,9136,Elizabeth Atkinson,"2024-04-11",mobile,301.6,4
B,9137,Jonathan Rivera,"2021-04-15",mobile,285.43,2
A,9138,Rodney Christensen,"2025-10-26",mobile,300.2,4
A,9140,Bryce Gonzalez,"2020-10-14",mobile,200.24,6
B,9141,Kevin Smith,"2021-12-01",mobile,24.08,5
B,9143,Nicole Kidd,"2023-11-01",mobile,135.91,3
B,9145,Craig Rojas,"2021-03-23",mobile,267.24,5
B,9147,Douglas Jimenez,"2025-03-12",mobile,61.97,5
A,9156,Michelle King,"2024-08-16",mobile,100.17,4
A,9162,Kristina Rangel,"2024-07-31",mobile,69.52,3
B,9163,Paul Peters,"2020-09-23",mobile,34.33,2
A,9176,Theodore Lane,"2023-12-07",mobile,443.19,5
B,9179,Edward Lindsey,"2021-05-16",mobile,253.39,4
A,9180,Laura Anderson,"2020-12-14",mobile,71.89,5
A,9182,Colleen Long,"2022-11-17",mobile,174.8,4
B,9183,Amanda Roberson,"2024-03-12",mobile,432.08,5
A,9184,Christopher Lewis,"2022-10-22",mobile,49.37,3
B,9191,Paul Parker,"2023-07-19",mobile,21.77,3
A,9194,Timothy Bernard,"2020-12-10",mobile,32.05,2
B,9195,Erik Tran,"2025-08-30",mobile,453.05,3
A,9196,Kimberly Alexander,"2024-10-16",mobile,242.04,2
B,9197,Donald Krueger,"2024-05-05",mobile,246.85,6
A,9198,Joshua Taylor,"2023-03-16",mobile,35.2,4
B,9199,Stephanie Ramirez,"2022-12-03",mobile,409.37,3
B,9201,Melissa Schneider,"2021-06-14",mobile,293.67,2
A,9204,Yvonne Powers,"2020-05-05",mobile,92.77,3
B,9211,Brian Austin,"2022-04-15",mobile,107.81,4
A,9214,Jane Gilbert,"2021-11-01",mobile,769.19,4
A,9216,Stephen Hopkins,"2022-08-23",mobile,36.81,3
A,9222,Sabrina Webb,"2024-10-11",mobile,163.45,5
B,9223,Kristen Hernandez,"2023-10-18",mobile,61.39,2
A,9224,Barbara Turner,"2025-02-11",mobile,38.7,3
B,9225,Scott Wagner,"2021-12-03",mobile,198.47,5
B,9227,Scott Brown,"2025-04-02",mobile,244.23,2
A,9230,Donald Davis,"2023-08-19",mobile,74.32,4
A,9232,Manuel King,"2023-07-24",mobile,207.47,5
A,9234,Bobby Burns,"2024-04-17",mobile,275.21,3
B,9235,Linda Moore,"2025-10-27",mobile,220.35,4
B,9239,Michael Drake,"2023-07-05",mobile,15.33,3
B,9241,Omar Scott,"2024-04-18",mobile,588.43,4
A,9242,Richard Robinson,"2023-09-24",mobile,313.12,7
B,9243,Shari Hodge,"2020-09-05",mobile,251.81,5
B,9245,Ashley Fields,"2023-07-14",mobile,158.17,3
A,9248,Gail Jackson,"2023-04-17",mobile,107.54,2
A,9250,Toni Johnson,"2025-09-15",mobile,28.89,6
B,9251,Edward Kennedy,"2022-03-06",mobile,311.22,2
A,9252,Richard Alvarez,"2021-06-26",mobile,314.69,4
B,9253,Richard Cooke,"2020-12-27",mobile,23.75,3
B,9257,Angela Alvarado,"2024-05-09",mobile,115.39,2
A,9264,Thomas Burgess,"2024-09-01",mobile,339.46,2
B,9265,Walter Gutierrez,"2020-07-25",mobile,142.07,4
A,9268,Gabriel Cantrell,"2024-12-30",mobile,130.48,8
B,9269,Adrian Watson,"2022-06-29",mobile,51.52,3
A,9276,Patrick Lawson,"2023-07-31",mobile,213.99,6
B,9285,Mr. Seth Bailey,"2022-01-14",mobile,103.26,4
B,9289,Daniel Johnson,"2023-04-03",mobile,58.26,2
A,9290,Tina Walker,"2023-07-25",mobile,135.36,6
A,9292,Leslie Walter,"2025-08-29",mobile,296.02,6
A,9294,Matthew Reed,"2023-03-07",mobile,132.74,3
A,9298,Glen Silva,"2020-02-09",mobile,27.11,2
A,9300,Christina Smith,"2024-01-30",mobile,436.46,4
A,9310,Emily King,"2022-07-07",mobile,53.75,3
A,9312,Audrey Woods,"2025-04-02",mobile,142.89,2
B,9325,Carol Wheeler,"2024-06-16",mobile,18.9,3
A,9334,Denise Booker,"2022-09-02",mobile,177.66,3
B,9335,Terri Strong,"2025-07-29",mobile,898.52,6
B,9337,Brady Harper,"2025-10-05",mobile,502.61,6
A,9338,Heather Soto,"2025-02-14",mobile,160.01,4
A,9340,Joseph Key,"2024-05-19",mobile,174.63,6
B,9343,Randy Schroeder,"2023-08-03",mobile,53.92,9
A,9344,Mark Glover,"2021-11-24",mobile,225.78,4
B,9347,Rebecca Edwards,"2023-03-11",mobile,71.9,4
A,9348,Brian Hamilton,"2025-07-23",mobile,344.5,7
A,9350,Rachael Leblanc,"2024-04-25",mobile,142.7,2
A,9352,Nicholas Smith,"2020-01-23",mobile,29.17,2
A,9354,Brandon Moon,"2023-05-18",mobile,13.9,7
B,9355,Laura Johnson,"2024-09-24",mobile,58.24,4
A,9358,Erin Smith,"2025-10-16",mobile,187.79,3
A,9360,Deborah Martinez,"2021-11-21",mobile,150.03,5
B,9361,Pamela Becker MD,"2022-04-18",mobile,183.2,5
B,9367,Mark Green,"2025-04-26",mobile,239.01,3
B,9369,Matthew Lane,"2025-10-29",mobile,239.33,2
B,9371,Tina Ward,"2022-06-12",mobile,277.24,4
A,9374,Leslie Crawford,"2024-04-27",mobile,86.46,3
B,9381,Amy Castaneda,"2025-03-31",mobile,355.06,6
B,9383,Elaine Jackson,"2021-09-08",mobile,128.56,4
B,9387,Sonya Williams,"2024-10-04",mobile,83.56,3
A,9388,Patrick Santana,"2025-01-17",mobile,65.07,2
A,9390,Melanie Padilla,"2023-05-03",mobile,71.79,4
B,9391,Joseph Kramer,"2024-03-15",mobile,270.51,5
A,9392,Denise Dawson,"2024-07-13",mobile,59.39,3
A,9394,Nicole Hurley,"2020-12-17",mobile,138.25,3
A,9398,Sherry Keller,"2023-08-12",mobile,390.6,3
B,9399,Jermaine Horton,"2022-11-23",mobile,199.35,3
A,9406,Rebecca Marshall,"2020-07-06",mobile,161.75,3
B,9411,Levi Lewis,"2025-02-23",mobile,389.7,4
B,9413,Austin Franco,"2022-09-27",mobile,637.25,3
A,9414,Kimberly Taylor,"2025-03-21",mobile,78.78,4
B,9415,Kelly Montgomery,"2023-11-02",mobile,271.59,4
A,9416,Blake Medina,"2021-12-19",mobile,89.2,4
A,9420,Gregory Powell,"2023-10-25",mobile,81.67,3
B,9421,Jordan Anderson,"2025-04-12",mobile,206.96,2
A,9422,Lawrence Miller,"2020-06-30",mobile,56.84,5
B,9423,Jacqueline Bell,"2022-02-20",mobile,623.72,3
A,9426,Jason Holmes,"2021-01-08",mobile,25.02,4
B,9431,Jessica King,"2023-06-07",mobile,67.48,4
B,9433,Desiree Beck,"2022-03-26",mobile,50.14,3
B,9437,Timothy David,"2022-03-02",mobile,27.18,4
B,9439,Sandra Evans,"2025-01-04",mobile,39.09,2
A,9440,Brian Anderson,"2022-08-26",mobile,124.65,4
B,9441,Mackenzie Griffin,"2023-10-13",mobile,49.67,5
A,9446,Javier Webb,"2022-12-04",mobile,255.45,4
A,9448,Daniel Young,"2022-02-09",mobile,139.96,4
A,9450,Benjamin Salazar MD,"2020-12-23",mobile,491.56,4
B,9465,Victor Davis,"2022-08-08",mobile,19.35,3
B,9469,Brent Davis,"2021-10-05",mobile,142.62,5
A,9472,Nicole Woods,"2025-03-03",mobile,40.82,4
A,9474,Richard Hudson,"2023-04-21",mobile,101.79,3
B,9475,Dr. Connie Clark,"2022-10-27",mobile,145.72,2
A,9476,Sandra Jenkins,"2020-09-12",mobile,109.76,4
A,9482,Samuel Gallegos,"2024-10-24",mobile,44.95,4
B,9489,Jennifer Nash,"2022-02-14",mobile,258.71,2
B,9491,Robin Harvey,"2021-10-11",mobile,13.92,2
A,9492,Cheryl Nixon,"2023-06-18",mobile,401.32,2
B,9493,Jackie Williams,"2020-10-07",mobile,721.12,2
A,9494,Alexandra Myers,"2020-04-26",mobile,634.88,3
A,9498,Bryan Bonilla,"2025-03-22",mobile,12.94,4
B,9501,Brandon Walters,"2021-04-21",mobile,276.36,5
A,9504,Heather Price,"2024-11-06",mobile,135.14,4
B,9505,Mary Spencer,"2020-06-11",mobile,534.97,5
A,9510,Rose Ruiz,"2023-02-08",mobile,666.84,4
A,9512,Katherine Francis,"2025-07-31",mobile,83.26,5
B,9515,Erica Rivera,"2025-05-29",mobile,759.5,6
B,9521,Zachary Brown,"2021-01-30",mobile,23.11,5
A,9522,Lori Holland,"2025-03-30",mobile,66.31,3
A,9524,Allen Watson,"2024-06-25",mobile,69.83,3
A,9532,James Santana,"2024-02-17",mobile,14.6,2
B,9535,Paige Williams,"2024-10-14",mobile,79.96,5
A,9536,Barbara Benson,"2025-05-14",mobile,32.98,3
B,9539,Dennis Gardner,"2024-09-08",mobile,437.45,5
B,9541,Susan Berg,"2024-02-06",mobile,577.86,3
A,9542,Katrina Frazier,"2020-11-17",mobile,804.92,6
B,9549,Christine Rivera,"2020-09-27",mobile,102.58,2
A,9550,Jaclyn Rodriguez,"2023-11-24",mobile,141.41,4
A,9552,David Martinez,"2022-02-24",mobile,48.85,2
B,9557,Jesus Phillips,"2025-01-25",mobile,103.26,8
A,9558,Monica Wright,"2020-08-23",mobile,142.87,4
A,9560,Nicholas Neal,"2024-06-01",mobile,94.81,3
B,9561,Jason Valdez,"2025-02-17",mobile,49.82,3
A,9562,Shawn Ramirez,"2020-05-05",mobile,83.26,6
B,9565,Daniel Marsh,"2020-03-29",mobile,358.71,2
B,9567,Jeanette Roberts,"2023-01-31",mobile,170.3,6
A,9572,Kimberly Hansen,"2025-06-14",mobile,108.13,3
B,9573,Katherine Lee,"2023-07-17",mobile,1978.0,6
A,9584,Benjamin Coleman,"2024-10-23",mobile,14.42,3
A,9586,Brian Gray,"2024-10-05",mobile,75.09,5
A,9588,Lydia Patterson MD,"2021-04-29",mobile,280.48,6
B,9589,Miss Kendra Vega DVM,"2021-06-06",mobile,342.25,5
A,9590,Anthony Brown,"2024-10-18",mobile,157.64,2
A,9596,Colleen Davis,"2023-02-01",mobile,254.88,2
A,9600,Kaitlyn Saunders,"2021-04-14",mobile,634.41,3
B,9601,Katie Smith,"2022-07-27",mobile,315.7,6
B,9605,Wendy Boone,"2020-03-28",mobile,94.25,2
B,9607,Kenneth Benton,"2020-10-06",mobile,262.25,4
B,9623,Stephanie Adkins,"2020-07-31",mobile,571.98,6
A,9624,Mark Mullins,"2022-11-15",mobile,520.12,5
A,9632,William Shaw,"2024-10-15",mobile,415.43,4
B,9637,Tricia Brown,"2024-01-30",mobile,47.06,2
B,9641,Michael Weiss,"2022-12-20",mobile,176.99,6
A,9646,Ryan Hanson,"2021-03-28",mobile,636.79,8
B,9651,Jason Robbins,"2021-08-16",mobile,221.56,3
A,9652,Linda Jones,"2022-07-30",mobile,51.59,5
B,9659,David Carey,"2024-04-17",mobile,35.69,5
B,9663,Barbara Johnson,"2023-04-08",mobile,277.26,4
B,9665,Stacy Hicks,"2023-11-19",mobile,73.02,3
A,9666,Cheryl Lester,"2020-04-12",mobile,38.32,3
B,9671,Blake Booker,"2024-04-15",mobile,66.22,6
B,9675,Laura Morton,"2022-10-05",mobile,1080.72,6
B,9677,Melissa Miller,"2024-11-05",mobile,30.96,2
A,9678,Ryan Hart,"2022-06-12",mobile,55.9,2
B,9679,Scott Golden,"2024-05-01",mobile,70.04,7
B,9683,Daniel Arnold,"2024-05-24",mobile,576.3,3
A,9688,Herbert Herrera,"2020-10-12",mobile,65.59,2
A,9690,Alfred Jackson,"2020-11-03",mobile,28.57,4
B,9691,Richard Carpenter,"2021-01-06",mobile,121.96,7
A,9694,Andrew Torres,"2021-09-09",mobile,164.91,6
A,9700,Evelyn Hawkins DDS,"2023-10-04",mobile,40.17,3
B,9701,Chelsea Carr,"2021-11-04",mobile,315.13,2
B,9705,Timothy Kramer,"2020-05-17",mobile,111.27,3
A,9710,James Clark,"2021-06-14",mobile,51.96,5
B,9713,Mark Cochran,"2021-05-24",mobile,315.54,8
A,9716,Olivia Johnson,"2023-08-19",mobile,32.18,3
A,9718,Whitney Holloway,"2020-04-04",mobile,1046.81,6
B,9719,Nicole Smith,"2024-06-28",mobile,274.9,4
A,9728,Christopher Franco,"2025-03-15",mobile,23.4,2
A,9732,Jennifer Anderson,"2025-10-28",mobile,95.18,2
A,9734,Joshua Stone,"2025-08-27",mobile,232.79,2
B,9735,Thomas Williams,"2024-02-24",mobile,1319.88,3
B,9737,Mary Jones,"2022-01-13",mobile,172.17,6
A,9742,Patrick Montgomery,"2022-04-16",mobile,381.83,5
B,9745,Kathleen Wood,"2025-05-13",mobile,355.26,6
A,9746,Rebecca Moore,"2022-11-20",mobile,151.84,3
A,9748,Heather Miller,"2021-12-06",mobile,275.0,4
B,9749,Patrick Maynard,"2022-09-26",mobile,456.0,4
B,9751,Connie Moore,"2024-06-19",mobile,589.45,6
B,9757,Evan Rice,"2025-10-30",mobile,147.15,5
B,9759,Beth Stone,"2021-09-09",mobile,238.78,4
A,9766,Claire Lopez,"2022-09-18",mobile,389.77,4
A,9778,Amanda Crawford,"2020-09-06",mobile,339.92,5
A,9780,Wendy Allen,"2025-02-02",mobile,288.27,5
A,9782,Parker Crawford,"2023-02-05",mobile,479.67,7
B,9785,Shannon Snow,"2023-07-22",mobile,196.65,5
A,9790,Christopher Huff,"2023-12-18",mobile,94.23,7
B,9793,Paul Robinson,"2021-03-13",mobile,21.1,3
B,9795,Haley Jackson,"2021-11-10",mobile,468.93,5
B,9799,Johnny Rogers,"2024-09-15",mobile,57.49,5
A,9804,Amanda Rowland,"2022-11-19",mobile,314.73,3
A,9806,Richard Brown,"2024-06-23",mobile,76.28,4
A,9810,Parker Williams,"2020-12-29",mobile,213.04,8
B,9815,Mary Burns,"2020-11-11",mobile,132.2,8
B,9817,Amber Allen,"2022-03-04",mobile,937.14,2
A,9818,Donna Hughes,"2021-10-20",mobile,122.25,4
B,9819,Daniel Martin,"2023-06-16",mobile,82.29,2
B,9821,Paul Garcia DDS,"2023-08-06",mobile,87.39,5
A,9826,Jeffrey Smith,"2024-04-23",mobile,310.22,5
B,9829,Jessica Morrow,"2024-12-31",mobile,131.89,3
B,9835,Steven Wilkinson,"2023-12-24",mobile,34.29,5
A,9836,Colleen Ingram,"2022-01-11",mobile,299.18,4
A,9838,Randall Proctor,"2022-01-13",mobile,315.34,4
B,9839,Gina Davis,"2021-07-16",mobile,498.92,5
A,9840,Lucas Kirby,"2020-11-04",mobile,32.23,2
B,9841,Michael Johnson,"2023-05-04",mobile,46.4,2
A,9844,Adam Chaney,"2020-07-10",mobile,629.74,3
A,9848,Debbie Espinoza,"2022-12-14",mobile,581.17,4
A,9852,Brian Foley MD,"2021-07-01",mobile,95.26,5
A,9854,Michael Davis,"2023-07-18",mobile,81.87,2
A,9856,Heather Russo,"2020-03-21",mobile,61.33,8
B,9859,Scott Harding,"2023-04-20",mobile,323.34,3
A,9864,Brendan Cabrera,"2021-05-01",mobile,257.16,3
B,9865,Mr. Timothy Stephenson,"2024-01-16",mobile,143.84,5
B,9867,Carlos Harrison,"2022-10-03",mobile,121.59,3
A,9874,Michael Anderson,"2024-08-13",mobile,135.14,3
A,9878,Shane Smith,"2024-06-30",mobile,55.64,6
B,9879,Antonio Schultz,"2024-01-25",mobile,312.46,5
A,9880,Kimberly Levy,"2024-09-25",mobile,10.97,5
A,9884,Karen Le,"2025-05-30",mobile,111.26,2
B,9895,Emily Vang,"2021-07-25",mobile,149.58,4
A,9896,Charles Morris,"2023-01-31",mobile,80.7,4
A,9908,Diana Knight,"2025-01-25",mobile,483.99,5
B,9909,Chelsea Reyes,"2025-05-04",mobile,90.91,3
A,9910,Melissa Hart,"2025-06-10",mobile,103.68,4
B,9913,Christopher Curtis,"2025-07-24",mobile,249.35,3
A,9914,Pamela Taylor,"2022-02-21",mobile,28.84,4
A,9916,Deborah Moore,"2024-08-31",mobile,195.1,3
A,9922,Cindy Phillips,"2024-06-07",mobile,544.89,6
B,9923,Zachary Moody,"2024-08-14",mobile,210.94,7
A,9930,James Stokes,"2025-07-29",mobile,105.35,4
B,9933,Mark Cruz,"2020-11-23",mobile,249.11,5
A,9938,Debra Wilson,"2020-04-06",mobile,484.36,5
A,9940,Shane Church,"2025-10-04",mobile,40.73,4
B,9941,Joseph Collins,"2020-08-10",mobile,311.88,4
A,9946,Raven Smith,"2023-01-05",mobile,344.96,6
B,9949,Carla Pierce,"2023-04-11",mobile,345.37,5
B,9953,Kathryn Carlson,"2022-07-11",mobile,97.74,7
A,9956,Daniel Robinson,"2023-10-01",mobile,33.97,3
B,9959,Katie Castro,"2020-05-07",mobile,539.62,5
B,9963,Andres Martinez,"2024-02-26",mobile,782.89,5
A,9966,Kathleen Lopez,"2024-01-04",mobile,63.25,3
A,9978,Tracy Taylor,"2023-08-29",mobile,69.77,5
A,9980,Justin Ellis,"2024-10-16",mobile,53.94,2
B,9987,Melinda Mcguire,"2020-10-03",mobile,147.14,3
A,9988,Joseph Schneider,"2021-04-10",mobile,193.0,4
B,9989,Jimmy Reeves,"2021-05-04",mobile,149.65,6
A,9990,Aaron Davis,"2024-05-11",mobile,292.68,7
A,10000,Stacy Klein,"2022-04-19",mobile,150.46,2
A,10004,Gary Black,"2021-12-15",mobile,33.36,4
A,10006,Amy Phillips,"2021-01-09",mobile,71.95,6
B,10017,Christopher Brown,"2025-07-13",mobile,115.42,4
B,10021,Maureen Soto,"2025-06-27",mobile,18.25,3
B,10023,Antonio Hamilton,"2020-02-22",mobile,96.96,3
B,10031,Daniel Lee,"2025-03-13",mobile,212.13,6
A,10032,Robin Kim,"2024-08-26",mobile,171.01,3
A,10036,Robert Lambert,"2021-07-09",mobile,79.76,5
B,10037,James Rojas,"2022-05-14",mobile,80.09,2
A,10042,Heather Lewis,"2023-11-15",mobile,680.25,5
B,10043,Charles Ross,"2020-01-22",mobile,1083.73,3
B,10045,Courtney Pace,"2022-11-11",mobile,539.1,2
B,10047,Daniel Cruz,"2025-07-13",mobile,17.19,4
A,10048,Erica Valdez,"2020-01-04",mobile,361.44,5
B,10057,Randy Santana,"2020-08-02",mobile,324.22,5
B,10059,Carrie Stanton,"2020-01-06",mobile,302.89,2
B,10061,Stephen Cox,"2020-09-13",mobile,405.54,8
B,10065,Kristina Johnson,"2022-01-22",mobile,89.37,4
B,10067,Melissa Larsen,"2022-12-25",mobile,23.23,2
A,10068,Cassandra Butler,"2022-02-08",mobile,30.71,4
A,10070,Natasha Vega,"2022-02-10",mobile,635.84,7
A,10078,Andrew Roach,"2025-04-12",mobile,38.71,4
B,10093,Molly Patel,"2021-10-10",mobile,258.59,6
B,10095,Christopher Johnson,"2022-01-07",mobile,190.47,7
A,10096,Sheila Day,"2020-02-20",mobile,60.64,5
B,10097,Cindy Turner,"2020-06-02",mobile,44.2,4
B,10101,Ryan Chung,"2025-02-12",mobile,112.0,3
A,10104,Lauren Clark,"2021-04-11",mobile,397.31,3
B,10107,Thomas Mitchell,"2025-07-19",mobile,36.96,4
B,10111,Dr. Sandra Diaz,"2023-12-13",mobile,221.61,5
B,10119,Kenneth Crawford,"2021-12-05",mobile,171.07,4
B,10121,Dr. Kevin Dunn MD,"2022-04-12",mobile,104.89,2
A,10134,Andrea Phillips,"2022-06-20",mobile,64.18,4
B,10137,Jesse Vega,"2024-01-16",mobile,115.83,4
B,10139,April Rivera,"2021-04-17",mobile,904.31,7
B,10141,Cory Norton PhD,"2024-01-03",mobile,179.84,4
B,10145,Travis Davis,"2020-12-07",mobile,333.37,6
A,10146,Tina Ford,"2021-06-10",mobile,24.95,5
B,10149,Scott Elliott,"2022-12-14",mobile,221.61,5
A,10152,Louis Baker,"2024-04-05",mobile,387.14,4
B,10153,Kimberly Thomas,"2025-06-19",mobile,222.93,3
A,10154,Gary Watson MD,"2022-09-25",mobile,272.62,2
B,10155,Phillip Thomas,"2021-12-03",mobile,151.33,4
A,10156,Charlotte Mccoy,"2021-12-20",mobile,463.52,6
A,10158,Tammy Smith,"2021-05-19",mobile,79.46,2
A,10160,Emily Mclean,"2020-01-17",mobile,86.73,3
B,10161,Michelle Adams,"2020-01-10",mobile,55.02,2
B,10165,James Rosario,"2022-12-26",mobile,29.83,2
A,10166,Jamie Nash,"2023-10-08",mobile,19.46,4
A,10172,Alexis Wilson,"2021-09-18",mobile,232.48,4
B,10173,Jasmine Carter,"2021-10-15",mobile,450.42,5
A,10174,Bobby Holloway,"2025-06-03",mobile,70.59,4
B,10175,Gary Benjamin,"2025-10-12",mobile,21.51,2
A,10176,Christopher Vang Jr.,"2020-06-04",mobile,34.54,3
A,10184,Judy Jones,"2025-08-07",mobile,126.68,5
A,10188,Michele Hill,"2021-11-01",mobile,66.6,5
B,10191,Nancy Roberts,"2020-08-02",mobile,226.84,2
B,10195,Olivia Hall,"2020-07-07",mobile,92.22,7
A,10204,Erik Cardenas,"2025-07-24",mobile,22.96,2
A,10208,Robert Werner,"2023-07-22",mobile,12.68,4
A,10210,Kenneth Weber,"2025-03-14",mobile,98.21,3
A,10212,Chad Riley,"2022-10-22",mobile,78.93,7
B,10213,Tina Stokes,"2025-06-01",mobile,235.22,4
A,10214,Richard Chan,"2021-03-29",mobile,57.2,3
B,10215,Jeffrey Perry,"2024-04-11",mobile,272.63,4
A,10218,Jennifer Krueger,"2020-01-10",mobile,67.27,3
B,10221,Darrell Graham,"2024-04-16",mobile,91.99,2
A,10226,Sarah Jennings,"2024-06-05",mobile,58.82,4
A,10232,Sean Jackson,"2020-02-11",mobile,29.61,6
A,10234,David Washington,"2025-08-25",mobile,131.61,5
B,10237,Brian Brown,"2025-06-17",mobile,164.45,3
A,10240,Alexandra Osborne,"2023-07-23",mobile,224.58,3
B,10245,Andrea Anderson,"2023-12-17",mobile,511.01,2
A,10248,Lauren Rodriguez,"2025-09-09",mobile,304.83,6
A,10252,Raymond Alvarado,"2021-12-23",mobile,72.94,3
A,10254,Arthur Young,"2022-07-31",mobile,66.31,5
A,10258,Justin Stone,"2023-04-28",mobile,103.48,7
A,10266,Lawrence Johnson MD,"2025-09-16",mobile,1994.32,2
A,10268,Gina Buchanan,"2024-04-24",mobile,150.59,4
B,10271,William Tapia,"2025-10-02",mobile,284.64,4
A,10272,Kendra Gutierrez,"2022-07-10",mobile,139.32,2
A,10274,Steven Hale,"2025-04-30",mobile,280.43,3
A,10284,Stephen Hale,"2022-09-28",mobile,114.53,4
B,10285,Nicole Mack,"2023-07-13",mobile,90.83,5
B,10287,Theodore Vazquez,"2022-12-28",mobile,47.0,5
A,10288,Samuel Kemp,"2022-12-15",mobile,27.51,2
A,10294,Brian Williams,"2024-03-09",mobile,381.81,6
B,10311,Patrick Clark,"2022-05-17",mobile,98.12,2
A,10314,Benjamin Carson,"2020-01-26",mobile,108.81,3
A,10320,Jose Mcconnell,"2020-08-23",mobile,119.14,4
B,10333,Nathan Burke,"2021-08-31",mobile,287.4,5
A,10334,Jamie Berry,"2021-09-22",mobile,393.84,3
A,10338,Daniel Choi,"2022-07-21",mobile,39.58,5
A,10342,David Mckay,"2020-09-05",mobile,1773.07,2
A,10346,Brenda Wise,"2021-07-31",mobile,63.69,3
B,10355,Ana Zimmerman,"2025-10-01",mobile,206.8,2
A,10358,Kenneth James,"2020-04-07",mobile,140.78,4
B,10359,Keith Morgan,"2023-10-30",mobile,692.36,5
A,10360,Katie Marshall,"2020-03-27",mobile,100.24,2
A,10362,Steven Smith,"2025-03-18",mobile,203.36,2
B,10365,Michelle Rodriguez,"2022-12-04",mobile,308.08,2
B,10379,Andrew Hawkins,"2023-05-03",mobile,53.61,5
A,10380,Yolanda Jones,"2023-11-16",mobile,225.15,2
A,10386,Jennifer Alvarez,"2022-08-02",mobile,91.96,4
B,10395,Lisa Reyes,"2025-01-04",mobile,22.16,3
A,10396,Jason Andrews,"2025-08-24",mobile,37.18,3
B,10397,Victoria Mcgrath,"2021-01-20",mobile,104.75,5
B,10401,Seth Wiggins,"2020-06-15",mobile,548.13,6
A,10404,William Quinn,"2022-09-22",mobile,25.53,3
A,10406,Adam Sanders,"2024-10-22",mobile,304.73,5
B,10407,Sheena Johnson,"2020-04-28",mobile,205.27,6
B,10409,Matthew Day,"2020-09-15",mobile,339.12,3
A,10410,Mary Goodwin,"2022-11-20",mobile,92.32,3
A,10412,Michael Hart,"2020-04-16",mobile,70.49,6
B,10413,Blake Chambers,"2020-07-17",mobile,42.62,2
A,10414,Natasha Velasquez,"2023-09-08",mobile,342.18,2
B,10423,Edward Reed,"2024-01-10",mobile,197.84,3
A,10430,Paul Burton,"2022-12-19",mobile,67.89,5
A,10432,Audrey Ortiz,"2021-07-04",mobile,187.06,3
B,10433,Ann Zavala,"2023-08-29",mobile,27.15,3
B,10439,James Cruz,"2022-12-16",mobile,12.73,6
A,10448,Craig Haas,"2022-07-27",mobile,178.93,6
B,10449,Benjamin Wiley,"2024-08-23",mobile,272.16,5
B,10451,Michelle Taylor,"2025-10-13",mobile,87.59,4
B,10453,Heather Cook,"2025-09-07",mobile,11.92,5
A,10454,Mrs. Donna Peterson,"2022-03-18",mobile,28.04,2
B,10457,Regina Weaver,"2023-03-06",mobile,120.26,4
B,10461,Terry Ward,"2022-08-14",mobile,37.51,4
B,10463,Lindsey Shaw,"2023-01-11",mobile,1151.25,4
A,10472,Nicholas Davis,"2023-12-09",mobile,65.7,7
B,10473,Michelle Goodwin,"2020-09-12",mobile,35.56,2
B,10475,Julie Lindsey,"2020-01-14",mobile,186.98,4
A,10478,Melissa Davis,"2021-09-05",mobile,34.18,3
A,10484,Scott Lopez,"2020-11-23",mobile,281.13,3
B,10487,Jacob Lee,"2024-07-18",mobile,454.41,5
B,10491,George Boyd,"2024-04-09",mobile,281.25,7
B,10493,Devon Brown,"2021-08-05",mobile,848.27,7
A,10498,Marc Duran,"2025-04-13",mobile,145.18,2
B,10501,Brian Baker,"2020-04-11",mobile,82.6,10
B,10505,Joshua Mejia,"2020-05-16",mobile,298.63,2
B,10511,Diane Klein,"2023-06-20",mobile,144.95,2
A,10518,Jonathan Pace,"2023-10-16",mobile,132.39,3
A,10522,Elizabeth Ramos,"2020-05-28",mobile,152.88,6
A,10524,Nicholas Nixon,"2021-02-08",mobile,16.73,4
A,10526,Mr. James Shannon,"2023-01-11",mobile,24.91,2
A,10528,Samantha Strong,"2020-08-16",mobile,95.0,2
A,10534,Leah Goodman,"2020-07-20",mobile,69.66,5
B,10537,Cynthia Bell,"2020-03-04",mobile,466.19,8
A,10542,Debra Martinez,"2024-09-19",mobile,82.22,2
A,10544,Molly Rivera,"2020-02-19",mobile,333.69,6
B,10545,Carrie Hunt,"2021-01-06",mobile,191.53,7
B,10547,James Blankenship,"2022-11-29",mobile,471.48,6
B,10549,Stanley Walsh,"2022-10-03",mobile,501.88,10
B,10561,Jasmine Alexander,"2023-08-16",mobile,220.59,7
A,10566,Karen George,"2022-06-04",mobile,65.67,4
A,10570,Suzanne Cobb,"2024-05-25",mobile,119.76,4
B,10573,Michael Mathews,"2025-05-01",mobile,71.9,2
A,10576,Erik Conley,"2024-09-26",mobile,19.95,3
B,10581,Brandon Anderson,"2022-06-20",mobile,87.18,3
A,10582,Christine Greene,"2024-01-12",mobile,183.06,4
B,10583,Rebecca Gomez,"2025-09-29",mobile,344.3,6
A,10586,Alison Curtis,"2020-11-07",mobile,76.66,2
A,10590,Rachael Wu,"2022-04-21",mobile,217.56,6
A,10592,Nathan Brown MD,"2020-01-10",mobile,112.23,3
B,10593,Jenna Holland,"2025-05-23",mobile,182.94,3
B,10601,Eric Curry,"2023-07-05",mobile,76.0,5
A,10602,Michele Hill,"2020-11-25",mobile,53.19,3
B,10603,Jeremiah Thomas,"2022-08-30",mobile,65.85,4
B,10605,Adam Norman,"2020-10-08",mobile,295.88,3
A,10620,Michelle Martinez,"2023-10-23",mobile,233.54,5
B,10623,Ronald Rivas,"2020-10-23",mobile,105.38,3
B,10629,Pamela Martin,"2020-04-19",mobile,127.26,2
B,10631,Christine Reese,"2020-12-25",mobile,568.36,3
A,10632,Michael Reynolds,"2025-07-04",mobile,64.43,5
B,10637,Ryan Paul Jr.,"2023-01-01",mobile,37.74,9
B,10643,Dorothy Green,"2024-11-30",mobile,202.52,4
B,10645,Fernando Davis,"2025-09-23",mobile,18.39,5
A,10646,Paige Hernandez,"2021-10-24",mobile,119.51,4
B,10647,Nicole Murphy,"2024-03-30",mobile,50.88,4
A,10652,Kelly Huff,"2025-08-21",mobile,153.6,3
B,10655,Holly Adams,"2022-02-04",mobile,156.53,4
A,10656,Kelly Martin,"2024-11-11",mobile,338.07,6
A,10664,Karen Moon,"2020-01-26",mobile,14.6,2
B,10665,Thomas Church,"2025-05-31",mobile,560.29,4
B,10669,Marcus Arellano,"2020-12-17",mobile,11.46,3
B,10671,James Stewart,"2025-09-03",mobile,215.91,7
A,10674,Michael Barnes,"2022-01-27",mobile,216.61,5
B,10675,Kyle Garza,"2023-06-07",mobile,112.89,6
A,10676,Karla Everett,"2021-04-16",mobile,475.22,6
B,10681,Kristina Woodard,"2023-04-04",mobile,334.44,7
B,10683,Samantha Padilla,"2024-07-29",mobile,137.67,4
B,10689,Taylor Rodriguez,"2025-01-19",mobile,647.89,5
B,10691,Norma Lopez,"2021-07-15",mobile,471.37,6
A,10694,Amanda White,"2022-04-12",mobile,233.02,5
A,10698,Cynthia Mcclure,"2023-03-26",mobile,184.93,3
B,10699,Natalie Cohen,"2022-01-31",mobile,239.02,3
A,10700,Debra Rodriguez,"2021-06-15",mobile,37.65,4
A,10716,Briana Powell,"2023-05-20",mobile,60.04,5
A,10718,Jessica Freeman,"2022-01-14",mobile,130.24,4
A,10720,Brent Dunn,"2023-01-19",mobile,13.67,2
A,10726,Kent Mueller,"2022-04-17",mobile,77.42,3
A,10728,Benjamin Cook,"2025-02-07",mobile,346.74,2
B,10737,Sarah Fleming,"2020-09-30",mobile,84.22,4
B,10741,Bryan Zavala,"2022-10-19",mobile,90.22,3
A,10744,Donna Davis,"2021-09-10",mobile,25.32,5
B,10745,Willie Browning,"2021-08-07",mobile,36.81,3
B,10749,Samantha Stout,"2023-04-18",mobile,194.1,5
B,10753,Francisco Rodriguez,"2021-05-21",mobile,250.51,4
A,10754,Brittany Campbell,"2025-10-03",mobile,159.47,3
A,10756,Amber Hill,"2023-01-09",mobile,87.32,4
B,10757,Mason Jacobs,"2024-05-05",mobile,219.98,2
B,10759,Lacey Krueger,"2021-07-07",mobile,13.63,2
A,10760,Michael Howell,"2021-09-11",mobile,50.83,7
B,10761,Stephen Beck,"2021-05-17",mobile,38.4,3
A,10762,Xavier Cameron,"2023-04-08",mobile,244.12,3
A,10764,Steven Hamilton,"2024-03-20",mobile,256.64,3
B,10767,Darrell Hall,"2022-10-26",mobile,384.33,4
B,10769,Jeffrey Greer,"2024-01-30",mobile,15.07,3
A,10778,Kerri Matthews,"2022-12-03",mobile,44.08,3
A,10784,April Chapman,"2025-09-30",mobile,681.56,5
B,10787,Jennifer Lopez,"2021-04-18",mobile,31.33,3
A,10792,Amanda Mendez,"2021-12-01",mobile,384.62,5
A,10794,Brianna Trevino,"2021-09-09",mobile,224.02,4
A,10796,Timothy Rodriguez,"2021-01-24",mobile,313.96,3
B,10799,Melissa Reynolds,"2020-10-28",mobile,37.65,5
A,10806,Alex Hughes,"2025-05-04",mobile,262.53,4
B,10807,Mark Sexton,"2021-09-11",mobile,770.03,4
B,10809,Paul Price,"2020-11-20",mobile,198.84,3
A,10812,Glenn Bush,"2020-06-06",mobile,133.83,3
B,10813,Charles Hernandez,"2023-08-09",mobile,216.64,7
A,10816,Michael Lee,"2023-11-29",mobile,133.22,7
B,10817,Kathryn Crawford,"2024-03-19",mobile,181.14,4
B,10823,Adriana Burton,"2025-02-25",mobile,65.7,2
A,10824,David Moore,"2024-07-10",mobile,17.52,2
B,10829,Michelle Williams,"2020-08-06",mobile,375.97,2
A,10832,Audrey Bradley,"2022-03-16",mobile,267.93,8
B,10841,Barbara Ware,"2022-04-30",mobile,137.32,2
A,10842,Rhonda Shaw,"2023-12-11",mobile,111.35,5
B,10843,Steven Jackson,"2025-01-20",mobile,477.15,4
B,10845,Cole Williams,"2022-04-11",mobile,577.26,7
B,10851,Emily Jones,"2022-07-27",mobile,201.62,3
A,10852,William Schneider,"2023-08-10",mobile,498.77,7
A,10854,Jennifer Carson,"2024-01-02",mobile,51.88,4
B,10863,Deborah Anderson,"2020-12-28",mobile,211.38,3
A,10864,Dustin Porter,"2023-09-04",mobile,59.0,3
B,10875,Patricia Hayes,"2021-05-11",mobile,40.34,5
A,10876,Kathryn Stewart,"2024-06-05",mobile,70.54,2
B,10877,Catherine Daniels,"2023-05-05",mobile,110.27,2
A,10880,Julie Rivera,"2020-06-26",mobile,630.11,5
A,10882,Brooke Smith,"2022-10-07",mobile,66.01,5
A,10884,Kirsten Faulkner,"2020-12-15",mobile,261.07,4
A,10890,William Merritt,"2020-06-07",mobile,108.28,3
B,10895,Leah Barry,"2025-02-13",mobile,1495.53,7
A,10898,Kimberly Garza,"2020-06-15",mobile,557.29,8
B,10899,Peter Wright,"2025-05-17",mobile,184.88,3
B,10903,Richard Anderson,"2024-07-22",mobile,252.49,7
A,10904,Patricia Robertson,"2020-07-08",mobile,229.76,2
A,10912,Susan Ramos,"2024-01-21",mobile,193.28,2
A,10914,Courtney Nash,"2021-09-21",mobile,173.75,2
A,10916,Kimberly Johnson,"2021-04-15",mobile,233.83,10
B,10917,Sabrina Reid,"2023-06-18",mobile,597.16,3
A,10926,Helen Taylor,"2021-09-10",mobile,629.41,4
B,10931,Heather Andersen,"2021-02-11",mobile,36.07,5
B,10937,Neil Neal,"2021-05-18",mobile,276.04,5
A,10938,Miguel Hanson,"2024-06-27",mobile,33.03,5
A,10942,Robert Thomas,"2025-09-27",mobile,364.69,6
B,10945,Evelyn Barnes,"2023-05-25",mobile,136.55,3
B,10947,Alison Kennedy,"2020-12-14",mobile,161.49,6
A,10948,Jasmin Hendrix,"2022-03-01",mobile,19.1,5
B,10953,Barry Moore,"2024-09-12",mobile,279.66,4
B,10955,Kristy Greer,"2022-08-30",mobile,95.16,2
A,10956,Karen Boyd,"2021-04-30",mobile,97.26,8
A,10958,Megan Williams,"2022-06-16",mobile,27.66,2
B,10961,Luke Blake,"2023-04-10",mobile,49.0,2
A,10964,Stephen Robertson,"2021-12-29",mobile,47.21,3
A,10966,Kimberly Stanley,"2025-03-16",mobile,73.56,4
B,10967,Robert Small,"2025-02-14",mobile,131.7,5
B,10969,Ryan Gallagher,"2022-12-20",mobile,41.35,3
B,10973,Manuel Hernandez,"2025-01-03",mobile,909.35,4
B,10975,Robert Macdonald,"2022-05-13",mobile,128.34,4
A,10978,Linda Martinez,"2022-05-18",mobile,82.47,3
A,10980,Susan Chen,"2025-10-24",mobile,161.39,3
B,10981,Terry Smith,"2023-07-10",mobile,39.58,3
A,10986,Benjamin Carr,"2020-04-14",mobile,260.19,4
A,10988,Tyler Campbell,"2025-04-02",mobile,132.79,3
A,10992,Alicia Vargas,"2023-04-12",mobile,327.73,5
B,10993,Dana Anderson,"2021-07-25",mobile,261.42,4
A,10996,Benjamin Rodriguez,"2022-02-09",mobile,200.95,2
B,10997,Jessica Harris,"2021-12-13",mobile,432.7,4
B,11001,Jocelyn Soto,"2020-07-19",mobile,729.74,3
B,11003,Wayne Underwood,"2022-08-16",mobile,313.96,3
B,11005,Scott Dixon,"2024-05-12",mobile,128.26,3
B,11009,Chad Soto,"2021-02-07",mobile,144.47,5
A,11010,Christian Whitaker,"2024-01-13",mobile,139.92,4
B,11011,Traci Myers,"2020-06-18",mobile,201.22,4
B,11013,Ryan Newman,"2020-09-19",mobile,74.86,3
B,11019,Theodore Johnson,"2023-07-25",mobile,296.97,6
A,11020,Erica Doyle,"2020-07-07",mobile,287.73,4
B,11023,Joseph Matthews,"2021-11-21",mobile,84.05,5
B,11027,Dawn Romero,"2023-03-16",mobile,206.94,6
B,11029,Rebecca Medina,"2025-09-21",mobile,285.65,2
B,11033,Julie Solomon,"2020-12-30",mobile,47.97,5
A,11040,Danielle Potter,"2020-10-28",mobile,530.61,7
B,11043,Lori Marshall,"2023-09-24",mobile,129.78,4
B,11047,Laura Mason,"2020-06-02",mobile,58.69,6
A,11048,Mark Martin,"2022-07-31",mobile,485.34,8
B,11049,Heather Simmons,"2024-08-19",mobile,49.57,5
A,11050,Scott Allen,"2024-04-03",mobile,65.64,4
A,11052,Dawn Trujillo,"2021-08-07",mobile,72.89,5
A,11054,Steven Reyes,"2025-01-22",mobile,105.89,4
A,11066,Jeremy Riddle,"2022-03-12",mobile,17.62,4
A,11074,Sydney Smith,"2020-11-30",mobile,58.99,7
B,11075,Lisa Nguyen,"2024-10-03",mobile,238.24,4
B,11079,Marcus Hawkins,"2024-09-03",mobile,119.14,2
A,11094,Heather Gilbert,"2021-03-10",mobile,75.09,7
A,11096,Karen Baker,"2021-01-07",mobile,146.57,2
A,11102,Elizabeth Gates,"2022-04-13",mobile,89.25,7
A,11106,Emily Rogers,"2021-04-25",mobile,106.6,2
B,11107,Joy Garcia,"2023-11-23",mobile,250.49,8
B,11109,Todd Jacobs,"2022-05-01",mobile,224.14,6
A,11110,Lindsay Stewart,"2020-04-12",mobile,25.94,5
B,11111,Chad Santiago,"2021-12-02",mobile,56.49,3
A,11112,Amanda Williams,"2024-07-25",mobile,256.92,2
A,11116,Natalie Casey,"2022-02-26",mobile,402.4,6
B,11119,Elizabeth Meyer,"2020-03-12",mobile,81.02,5
A,11120,Molly Green,"2023-03-20",mobile,72.22,4
A,11126,Joel Jones,"2023-12-30",mobile,641.39,6
A,11128,Zachary Matthews,"2025-07-19",mobile,231.42,3
B,11131,Sean Mcmahon,"2025-01-30",mobile,49.21,4
A,11134,Mr. Jason Thomas,"2025-03-12",mobile,279.73,4
A,11138,Adrian Holder,"2022-02-11",mobile,42.24,3
A,11148,Jennifer Green,"2020-11-03",mobile,52.39,5
B,11151,Thomas Marsh,"2021-10-11",mobile,153.58,3
B,11159,Nicole Young,"2021-06-04",mobile,101.91,3
A,11162,Andrea White,"2023-03-09",mobile,48.24,3
A,11166,Brian Hart,"2022-02-09",mobile,211.73,3
B,11169,Shelby Hall,"2022-10-20",mobile,190.25,4
A,11172,William Yang,"2025-03-06",mobile,2085.29,6
B,11177,Angel Dalton,"2025-04-25",mobile,58.99,2
A,11178,Jose White,"2025-06-21",mobile,141.17,6
B,11179,Peter Lucas,"2021-09-11",mobile,102.64,3
B,11181,Mary James,"2024-10-20",mobile,321.65,3
A,11184,Cynthia White,"2020-05-03",mobile,211.72,3
A,11186,Taylor Williams,"2023-07-15",mobile,65.64,5
A,11190,Angel Lee,"2022-04-12",mobile,174.05,7
B,11191,Dennis Mendoza,"2020-12-10",mobile,26.99,4
B,11193,Andrew Williams,"2022-12-22",mobile,11.02,2
A,11198,Vincent Martinez,"2024-08-22",mobile,71.88,5
A,11204,Amanda Harrison,"2024-01-10",mobile,26.38,3
B,11205,Sheryl Ramos,"2025-03-09",mobile,26.4,2
B,11207,Randy Garcia,"2021-08-05",mobile,70.3,2
A,11214,Morgan Thomas,"2023-08-09",mobile,498.16,5
A,11222,Charles Brown,"2021-08-09",mobile,182.18,6
B,11227,Kenneth Davila,"2020-08-20",mobile,377.01,5
B,11231,Ashley Wilson,"2020-06-23",mobile,373.24,5
B,11237,Justin Randolph,"2021-07-31",mobile,261.89,3
A,11240,Ashley Smith,"2023-05-20",mobile,109.89,4
B,11245,Michelle Collins,"2020-08-22",mobile,132.66,4
A,11246,John Torres,"2020-03-28",mobile,67.82,4
A,11254,Caitlyn Deleon,"2022-04-09",mobile,588.81,5
B,11259,Tiffany Sullivan,"2023-10-23",mobile,276.88,5
B,11261,Jonathan Silva,"2023-04-12",mobile,593.49,3
B,11265,Brian Gray,"2020-08-18",mobile,845.49,5
A,11266,Elizabeth Cervantes,"2022-03-15",mobile,86.14,2
B,11267,Brenda Castro MD,"2025-04-26",mobile,133.98,6
A,11272,Michelle Evans,"2023-01-19",mobile,45.74,3
B,11283,Christopher Gonzalez,"2020-01-29",mobile,2364.76,8
B,11285,Brandon Patterson II,"2023-03-10",mobile,235.72,4
A,11286,Daniel Sandoval,"2021-03-30",mobile,133.59,5
B,11293,Craig Wolf,"2021-04-19",mobile,209.53,3
B,11295,Lisa Smith,"2022-02-28",mobile,45.5,6
B,11299,William Gray,"2022-04-25",mobile,139.9,6
B,11301,James Reed,"2022-12-27",mobile,50.86,4
B,11305,John Price,"2023-08-31",mobile,87.26,5
A,11306,James Jones,"2022-07-21",mobile,105.75,5
B,11311,Adam Reed,"2020-12-28",mobile,250.18,3
A,11312,Kristin Stewart,"2023-07-17",mobile,16.05,4
A,11316,Phillip Gutierrez,"2025-06-13",mobile,264.28,5
B,11319,Richard Mcbride,"2020-03-26",mobile,250.58,8
A,11332,Mary Hurst,"2024-06-26",mobile,139.7,7
A,11336,Dr. Sarah Collins MD,"2022-05-09",mobile,183.82,2
B,11341,Robert Scott,"2024-04-17",mobile,408.61,6
B,11347,Wendy Mcfarland,"2023-03-05",mobile,125.35,5
B,11353,Justin Grant,"2023-03-06",mobile,141.32,4
A,11354,Louis Garrison,"2021-05-20",mobile,100.88,2
B,11361,Rebecca Lindsey,"2022-07-07",mobile,51.26,3
B,11363,Gina Donaldson,"2023-05-14",mobile,39.11,6
A,11364,Scott Phillips,"2023-02-14",mobile,68.0,6
B,11365,Cheyenne Page,"2023-02-03",mobile,373.02,2
A,11374,Jesse Smith,"2023-05-21",mobile,163.11,3
B,11375,Shelby Robertson,"2021-12-10",mobile,24.63,4
A,11378,Douglas Thomas,"2025-10-11",mobile,19.05,4
B,11381,Jerry Gardner,"2023-06-28",mobile,65.47,4
A,11382,Jose Owens,"2023-02-10",mobile,79.83,5
B,11383,Yolanda Adams,"2022-12-10",mobile,55.01,5
A,11384,Audrey Beasley,"2022-07-11",mobile,25.42,5
B,11387,Greg Scott,"2020-01-15",mobile,488.67,5
B,11389,Dylan Williams,"2022-05-20",mobile,361.76,3
A,11390,Lisa Melendez,"2025-04-28",mobile,120.31,3
A,11394,Sandra Quinn,"2025-06-04",mobile,294.26,7
B,11397,Geoffrey Harding,"2020-05-27",mobile,110.32,6
A,11400,Denise Villarreal MD,"2021-10-21",mobile,478.09,6
B,11401,Brittany Morris,"2024-10-07",mobile,54.46,6
A,11404,Alexander Anderson,"2021-10-30",mobile,137.3,6
A,11408,Melissa Arias MD,"2022-09-22",mobile,48.32,2
A,11410,Cindy Martin,"2025-08-19",mobile,44.88,4
A,11416,Amanda Kemp,"2020-02-10",mobile,229.44,2
A,11418,Kayla Wang,"2022-09-30",mobile,179.06,2
A,11436,Taylor Higgins,"2023-10-25",mobile,107.6,4
A,11438,Megan Johnson,"2021-09-10",mobile,16.33,3
A,11444,Kristen Rodriguez,"2022-04-02",mobile,422.09,7
A,11446,Raymond Wilson,"2020-08-23",mobile,1123.78,5
A,11448,Sarah Thomas,"2020-05-31",mobile,188.49,2
B,11451,Cassandra Parker,"2023-05-06",mobile,116.62,6
B,11457,Jessica Hamilton,"2025-04-09",mobile,35.74,3
A,11458,Lisa Young,"2024-08-03",mobile,235.2,4
A,11460,Gilbert Taylor,"2023-01-31",mobile,118.66,3
A,11462,Rachel Humphrey,"2023-04-26",mobile,61.38,5
A,11464,Patricia Young,"2025-03-31",mobile,356.31,5
B,11465,William Burke,"2025-07-19",mobile,407.47,5
A,11466,Michael Cooke,"2023-01-01",mobile,113.77,6
A,11470,James Diaz,"2024-05-07",mobile,428.47,10
B,11471,James West,"2021-08-26",mobile,231.65,3
A,11472,Jennifer Barton,"2021-12-03",mobile,470.11,3
A,11480,Timothy Scott,"2025-04-09",mobile,94.22,3
B,11489,Alexandria Turner,"2023-02-24",mobile,133.52,6
B,11499,Brian Villarreal,"2022-03-07",mobile,82.71,7
A,11502,Heather Jackson,"2025-02-21",mobile,718.77,4
B,11503,Carrie Walton,"2023-08-19",mobile,127.45,6
A,11504,Michelle Jones,"2025-04-17",mobile,183.35,2
B,11507,Annette Lang,"2024-08-02",mobile,42.09,3
A,11510,Roger Smith,"2024-09-20",mobile,125.26,3
B,11513,Dave Sanchez,"2021-08-11",mobile,291.18,5
A,11514,Angela Oconnell,"2025-01-28",mobile,113.93,4
A,11528,Jamie Williamson,"2021-05-30",mobile,26.6,3
A,11530,Robert Cooley,"2023-04-14",mobile,105.42,5
B,11535,Wendy Gutierrez,"2023-10-28",mobile,464.53,3
B,11539,Jason Thompson,"2021-08-19",mobile,27.22,4
A,11540,Tiffany Ramirez,"2022-09-23",mobile,162.78,3
B,11541,Jodi Moore,"2024-05-28",mobile,189.25,5
A,11542,Luke Lopez,"2021-04-27",mobile,381.11,4
A,11550,Kimberly Medina,"2024-04-10",mobile,32.02,3
B,11553,Brittany Murray,"2023-11-22",mobile,733.71,4
A,11554,Daniel Haynes,"2021-09-07",mobile,297.98,5
A,11556,Alan Ward,"2025-01-07",mobile,316.63,3
A,11558,Rebecca Sullivan,"2022-07-31",mobile,111.21,5
A,11560,Benjamin Aguilar,"2023-08-18",mobile,84.34,4
A,11564,Holly Drake,"2024-08-13",mobile,254.67,6
A,11566,Nathan Hernandez,"2024-01-20",mobile,31.92,4
B,11567,Nicholas Moran,"2024-08-31",mobile,108.09,3
A,11574,Courtney Johnson,"2020-10-10",mobile,470.58,2
B,11577,Holly Hogan,"2023-07-17",mobile,48.01,5
B,11583,Christopher Werner,"2022-08-03",mobile,51.76,2
A,11590,Kelly Davis,"2022-10-23",mobile,59.86,3
A,11592,Greg Hurley,"2021-08-26",mobile,74.47,2
B,11593,Ruben Rodgers,"2024-07-27",mobile,209.57,4
B,11603,Rachel Frederick,"2022-09-17",mobile,86.59,4
A,11606,Julie Williams DDS,"2021-08-25",mobile,965.48,5
B,11613,Alicia Bryant,"2025-03-05",mobile,85.26,3
B,11615,Robert Lang,"2021-07-26",mobile,183.06,3
B,11617,Bethany Johnson,"2024-01-28",mobile,211.19,6
A,11624,Krista West,"2023-11-16",mobile,222.39,4
B,11625,Brianna Contreras,"2020-07-31",mobile,947.73,3
A,11628,Eric Watson,"2021-09-27",mobile,875.1,6
B,11629,Kevin Sexton,"2025-01-25",mobile,35.1,2
B,11631,Christina Flores,"2022-10-16",mobile,122.8,2
A,11634,Kayla Reynolds,"2021-03-10",mobile,374.79,4
B,11637,Patricia Lewis,"2023-04-27",mobile,60.03,3
A,11638,Casey Fletcher,"2021-09-13",mobile,585.22,5
A,11642,Katherine Williams,"2020-06-15",mobile,220.54,6
B,11643,John Williams,"2024-07-07",mobile,116.88,6
A,11646,Brian Welch,"2020-04-02",mobile,95.19,3
B,11661,Nicholas Smith,"2023-09-01",mobile,247.57,4
A,11662,Stephanie Lyons,"2023-08-13",mobile,500.94,7
B,11663,Cassandra Roman DDS,"2025-02-18",mobile,52.83,4
B,11669,Allen Silva,"2025-07-30",mobile,216.14,3
B,11671,Russell Taylor,"2023-06-25",mobile,70.67,3
B,11683,Devin Rodriguez,"2023-07-10",mobile,36.51,5
B,11689,Amy Rodriguez,"2022-11-06",mobile,60.98,4
A,11690,Marc Robinson,"2020-05-19",mobile,18.71,2
B,11693,Tyler Wade,"2020-03-08",mobile,58.39,2
B,11699,Matthew Smith,"2023-08-05",mobile,333.55,5
B,11707,Jonathan Morris,"2024-01-06",mobile,183.6,7
A,11714,Sheila Contreras,"2025-02-09",mobile,228.42,4
B,11715,Angela Henry,"2024-09-27",mobile,39.61,2
B,11733,Tiffany Campbell,"2020-12-01",mobile,184.06,3
B,11735,Thomas Christian,"2025-05-21",mobile,66.72,2
A,11740,Christopher Barrett,"2023-03-03",mobile,147.78,4
A,11744,Megan Bradford,"2023-05-15",mobile,246.98,3
B,11747,Jennifer Garrison,"2020-09-03",mobile,757.45,7
B,11749,Donna Vance,"2025-04-29",mobile,185.59,6
A,11756,Sarah Perez,"2025-06-13",mobile,597.13,4
B,11763,Joseph Edwards,"2021-10-01",mobile,68.26,2
B,11777,Dr. Ryan Fleming Jr.,"2022-03-06",mobile,260.59,3
B,11779,John Patel Jr.,"2024-11-06",mobile,500.44,3
B,11781,Brian Ford,"2021-09-05",mobile,264.69,5
A,11784,Jonathan Quinn,"2024-11-04",mobile,67.45,4
B,11785,Mark James,"2021-09-17",mobile,62.61,4
B,11787,Donald Miller,"2021-08-28",mobile,343.06,4
A,11790,Brian Banks,"2022-09-05",mobile,61.55,3
B,11791,William Mcgrath,"2024-09-04",mobile,199.56,3
A,11796,Patrick Butler,"2023-06-13",mobile,768.67,5
B,11797,Christopher Moreno,"2023-03-04",mobile,214.4,8
A,11800,Douglas Santos,"2021-09-08",mobile,75.86,4
A,11802,Andrew Peterson,"2020-09-14",mobile,133.27,2
A,11810,Edward Williams,"2025-02-26",mobile,144.47,5
B,11813,Joshua Ross,"2022-03-11",mobile,74.58,3
A,11818,Kimberly Miller,"2021-05-08",mobile,16.58,3
A,11824,Matthew Johnson,"2021-05-01",mobile,303.13,4
A,11828,Allison Sweeney,"2021-11-10",mobile,128.09,3
A,11832,Ashley Thomas,"2024-01-22",mobile,371.42,7
B,11839,Cynthia Fisher,"2021-12-20",mobile,32.04,2
B,11843,Anthony Williams,"2022-01-09",mobile,119.47,3
A,11850,Lori Rivera,"2022-06-08",mobile,180.6,4
A,11852,April Davis,"2024-06-22",mobile,37.55,5
A,11856,Jerome Ware,"2025-01-11",mobile,259.3,5
A,11858,Kyle Tran,"2020-06-28",mobile,115.59,3
B,11859,Matthew Lawson,"2023-05-19",mobile,38.86,3
A,11862,Anne Suarez,"2021-08-17",mobile,26.75,6
A,11868,Angela Jones,"2023-10-01",mobile,292.9,4
A,11870,Taylor Smith,"2020-08-30",mobile,415.02,7
A,11874,Mrs. Angela Peters,"2020-08-29",mobile,109.12,6
A,11876,Robin Lamb MD,"2021-06-05",mobile,15.33,4
A,11878,William Simpson,"2024-08-31",mobile,132.91,4
A,11882,Dr. Theodore Lewis DDS,"2023-04-14",mobile,67.11,3
B,11885,Randy Griffin,"2020-08-04",mobile,44.53,3
B,11895,Jennifer Myers,"2024-03-08",mobile,313.85,8
A,11898,Michael Mccarty,"2022-11-27",mobile,376.28,5
A,11900,Ian Preston,"2025-07-10",mobile,43.88,6
B,11901,Christian Juarez,"2022-11-01",mobile,73.76,6
A,11904,Jade Davis,"2021-01-06",mobile,185.61,4
A,11908,Mr. Thomas Johnson,"2024-01-12",mobile,101.73,2
B,11909,Jonathan Shepherd,"2023-01-22",mobile,128.33,4
A,11912,Kendra Wood,"2020-05-22",mobile,189.25,3
A,11916,Kevin Andrews,"2023-08-02",mobile,331.25,4
A,11920,Caitlin Cochran,"2022-09-25",mobile,160.71,3
B,11923,Andrew Berger,"2024-09-06",mobile,346.17,2
A,11924,Joe Wilson,"2025-01-11",mobile,201.79,3
B,11925,Juan Stewart,"2022-04-21",mobile,222.05,4
A,11926,Katrina Hernandez,"2020-07-08",mobile,41.26,4
A,11934,Martha Ortega,"2020-10-29",mobile,118.57,3
B,11935,Mark Bentley,"2023-03-15",mobile,98.49,4
A,11948,Nicole Martinez,"2024-04-14",mobile,113.88,4
B,11953,Kristopher Robinson,"2020-02-15",mobile,330.78,4
B,11955,Lynn Hughes,"2025-07-01",mobile,361.43,3
A,11960,Michael Ross,"2024-07-06",mobile,969.94,6
A,11970,Cindy Williams,"2024-11-19",mobile,405.66,6
B,11977,Yvette Dominguez,"2021-06-04",mobile,221.17,4
A,11978,Maria Lane,"2020-02-04",mobile,10.6,3
A,11986,Kaitlin Friedman,"2020-09-24",mobile,209.91,5
A,11994,Ryan Parker,"2023-12-03",mobile,621.57,3
B,11995,Troy Hayes,"2024-01-08",mobile,119.27,3
B,11997,Bryan Dawson,"2024-06-10",mobile,204.15,3
A,11998,Megan Rios DDS,"2022-07-17",mobile,42.3,3
A,12004,Chad Smith,"2023-05-17",mobile,418.17,4
A,12006,Jessica Payne,"2020-06-21",mobile,86.53,2
A,12010,Dr. Patrick Morse Jr.,"2020-12-18",mobile,378.58,3
B,12015,Jennifer Mcintosh,"2023-09-12",mobile,76.6,6
B,12021,Brian Short,"2020-09-12",mobile,107.46,2
A,12022,Charles Velasquez,"2020-09-18",mobile,309.56,5
A,12024,Courtney Webb,"2020-10-18",mobile,99.15,2
A,12026,Lindsey Stanley,"2021-03-09",mobile,97.73,8
B,12029,Rhonda Stewart,"2023-07-01",mobile,36.32,3
B,12031,Nicholas Garcia,"2025-06-03",mobile,430.92,6
B,12033,Patricia Parker,"2024-11-10",mobile,72.79,6
B,12035,Brittany Madden,"2023-09-12",mobile,37.98,3
A,12038,Tiffany Wheeler,"2025-09-30",mobile,49.2,2
A,12044,James Craig,"2025-05-25",mobile,231.98,3
B,12045,Jasmine Davis,"2021-11-19",mobile,222.15,5
B,12049,Kimberly White,"2024-03-23",mobile,44.4,2
A,12052,Allison Martinez,"2023-08-18",mobile,244.19,4
B,12057,Karen Mendoza,"2023-03-02",mobile,11.67,4
A,12058,Jean Brown,"2024-08-04",mobile,462.85,4
B,12059,Patrick Clark,"2024-01-09",mobile,134.89,6
A,12062,Christina Ruiz,"2021-04-24",mobile,162.44,6
A,12064,Sara Miller,"2023-02-28",mobile,183.05,4
A,12068,Lindsay Mcgee,"2022-05-19",mobile,111.85,2
B,12075,Anthony Cobb,"2020-03-19",mobile,58.88,4
B,12077,Kelly Wilkins,"2021-02-22",mobile,220.05,2
A,12078,Jennifer Murray,"2023-04-28",mobile,343.48,3
B,12081,Martin Simon,"2024-11-20",mobile,90.8,4
A,12084,Timothy Velez,"2025-03-26",mobile,109.51,4
B,12091,Jacqueline Velasquez,"2021-09-06",mobile,52.54,5
A,12092,James Johnson,"2022-03-23",mobile,53.39,2
B,12093,John Perez,"2020-08-03",mobile,230.81,4
A,12096,Juan Lane IV,"2025-05-14",mobile,243.69,5
A,12100,Daniel Hoffman,"2023-09-15",mobile,285.82,2
A,12102,Rebecca Fleming,"2023-08-07",mobile,101.26,3
B,12105,Joseph Price,"2025-02-02",mobile,510.65,4
B,12107,Sandra Stewart,"2022-08-20",mobile,66.67,2
B,12109,Rebecca Patterson,"2022-06-06",mobile,63.55,3
B,12113,Dillon Bean,"2023-08-02",mobile,95.1,5
A,12114,Katelyn Melton,"2020-10-26",mobile,558.53,6
B,12117,Leslie Mcgee,"2024-09-15",mobile,1136.28,6
B,12129,Troy Snyder,"2020-06-29",mobile,313.81,5
A,12130,Sarah Brown,"2020-11-09",mobile,80.22,2
A,12136,David Hall,"2024-05-28",mobile,238.37,4
B,12137,Jasmine Mcguire,"2020-02-15",mobile,66.46,4
B,12139,Stephanie Lopez,"2024-03-30",mobile,319.91,5
A,12140,Robert Wilson,"2021-09-03",mobile,19.1,3
B,12143,Carrie Jones,"2021-11-04",mobile,195.45,5
A,12148,Janet Glover,"2020-07-16",mobile,179.83,4
A,12154,Mary English DVM,"2025-08-04",mobile,195.72,3
A,12156,Tyler Proctor,"2023-03-16",mobile,15.51,4
B,12165,Megan Stevens,"2020-08-05",mobile,89.17,3
B,12169,Courtney Walker,"2023-09-11",mobile,24.45,6
A,12172,Michaela Little,"2025-01-23",mobile,167.7,3
A,12186,Rachel Garrison,"2021-07-21",mobile,269.78,8
A,12188,Jose Johnson,"2021-07-15",mobile,165.98,7
B,12189,Jeffrey Rubio,"2024-01-07",mobile,13.82,3
A,12190,Ronald Wise,"2023-01-20",mobile,270.0,3
B,12191,Robert Collins,"2025-05-07",mobile,317.46,7
B,12193,Donna Woods,"2023-07-22",mobile,22.06,5
A,12196,Brooke Mitchell,"2024-01-22",mobile,103.93,3
B,12197,Jordan Mullen,"2021-10-02",mobile,575.4,3
B,12199,Kurt Lowe,"2020-06-23",mobile,400.66,6
A,12200,Barry Mayer,"2022-08-21",mobile,251.65,4
B,12207,Mr. Clayton Escobar,"2025-10-02",mobile,121.42,4
A,12210,Darren Olsen,"2025-03-26",mobile,1081.57,3
B,12211,Anita Garcia,"2023-04-09",mobile,112.16,2
B,12213,Julie Smith,"2023-11-21",mobile,568.99,6
A,12216,Terri Lewis,"2025-06-12",mobile,17.26,4
A,12218,David Patterson,"2023-08-01",mobile,629.5,5
A,12222,Robert Fitzpatrick,"2023-12-15",mobile,23.23,3
B,12223,Jason Ward,"2025-05-20",mobile,139.72,4
A,12226,Mario Luna,"2023-05-07",mobile,248.46,4
B,12227,Gordon Ward,"2020-11-01",mobile,513.17,7
A,12230,Kendra Fisher,"2024-03-25",mobile,241.57,3
A,12236,Pamela Chambers,"2024-09-20",mobile,195.7,3
A,12240,Elizabeth Ramirez,"2020-01-13",mobile,318.61,3
A,12242,Dr. Jennifer Contreras,"2025-08-29",mobile,391.43,6
B,12253,Cody Cruz,"2023-08-01",mobile,12.8,3
B,12255,Michael Russell,"2020-06-21",mobile,53.97,6
B,12261,Beth Wagner,"2023-01-18",mobile,150.8,4
A,12262,Tyler Carter,"2025-05-25",mobile,77.26,2
B,12263,Micheal Hodges,"2024-08-14",mobile,181.51,3
A,12264,Roy Jackson,"2023-08-19",mobile,39.25,2
A,12266,Christopher Gomez,"2024-06-03",mobile,124.93,4
A,12272,Katherine Price,"2024-08-10",mobile,20.19,3
B,12277,Terrance Norton,"2021-05-09",mobile,48.02,4
A,12278,David Roach,"2025-09-27",mobile,404.16,4
B,12287,Rebecca Chaney,"2025-06-05",mobile,505.23,5
B,12291,Kevin Wheeler,"2020-01-23",mobile,16.25,5
A,12296,Steve Bridges,"2025-07-02",mobile,1000.74,5
A,12298,Joshua Merritt,"2021-10-15",mobile,103.04,5
B,12299,Jennifer Smith,"2020-06-09",mobile,199.17,4
A,12300,Edward Graham,"2023-12-04",mobile,218.57,5
A,12302,Andrea Frank,"2021-03-05",mobile,98.19,4
A,12304,David Bradley,"2021-06-04",mobile,21.26,3
B,12305,Jill Crane,"2025-09-03",mobile,176.02,3
B,12307,Sharon Browning,"2021-11-06",mobile,10.64,3
A,12308,Benjamin Lin,"2024-10-13",mobile,101.03,2
A,12310,Martin Johnson,"2021-12-25",mobile,402.49,2
B,12311,Benjamin Thompson,"2022-05-29",mobile,13.13,4
A,12312,Kristina Ward,"2021-10-01",mobile,82.61,5
A,12324,Stephanie Ochoa,"2025-03-08",mobile,20.66,6
B,12325,Kristi Clay,"2021-11-23",mobile,367.88,4
A,12330,Melissa Dunn,"2023-05-09",mobile,12.37,4
B,12335,Michael Caldwell,"2025-09-06",mobile,63.28,5
B,12337,Ashley Yu,"2023-10-28",mobile,77.58,3
B,12339,Jonathan Wilson,"2020-01-28",mobile,100.37,4
B,12341,Michael Flores,"2021-01-17",mobile,884.06,4
B,12343,Karen Valentine,"2024-12-29",mobile,55.18,4
B,12347,Catherine Lopez,"2025-05-12",mobile,186.4,6
A,12348,Donald Martin,"2023-04-02",mobile,63.52,3
A,12350,Gregory Stokes,"2023-05-23",mobile,76.13,2
B,12351,Justin Pierce,"2020-03-03",mobile,171.24,3
A,12356,Jerry Kennedy,"2025-02-23",mobile,13.63,2
A,12358,Mr. Edward Bird,"2021-10-11",mobile,150.21,2
B,12363,Brent Turner,"2024-01-31",mobile,649.73,5
A,12364,Melanie Lee,"2024-11-05",mobile,313.15,8
B,12373,Sherry Freeman,"2025-01-30",mobile,294.27,7
B,12375,David Rogers,"2025-04-01",mobile,269.97,3
A,12378,David Crawford,"2021-07-26",mobile,157.79,8
B,12381,Thomas Jones,"2024-01-26",mobile,261.7,6
A,12382,Taylor Hill,"2024-03-16",mobile,122.09,5
B,12385,Pamela Morrison,"2021-12-31",mobile,161.6,3
A,12392,Mia Cain,"2024-11-12",mobile,512.33,3
A,12400,Heather Hood,"2021-11-17",mobile,91.9,6
A,12402,Melvin Ramirez,"2024-03-06",mobile,81.1,7
A,12406,John Hayden,"2023-11-06",mobile,330.84,2
B,12407,Paul Mullen,"2024-02-18",mobile,716.62,4
A,12408,Robert Frey,"2021-06-03",mobile,31.66,4
A,12412,Patty Parker,"2024-01-07",mobile,157.84,5
B,12415,Thomas Dixon,"2020-12-08",mobile,336.0,3
A,12416,Sarah Rice,"2025-03-13",mobile,51.01,7
A,12420,Eric Savage,"2022-10-20",mobile,16.45,2
A,12422,Erik Rush,"2025-09-19",mobile,35.14,3
B,12423,Kristina Lee,"2020-02-01",mobile,83.49,2
A,12428,Rachel Cook,"2021-10-08",mobile,240.51,2
A,12430,Joshua Simmons,"2020-01-07",mobile,188.93,3
A,12432,Elizabeth Campbell,"2021-04-02",mobile,195.08,2
B,12433,Amy Baker,"2020-04-20",mobile,142.07,2
B,12435,Mitchell Stewart,"2024-08-05",mobile,50.84,3
B,12437,Amanda Bishop,"2021-07-16",mobile,151.8,9
B,12443,Amy Gomez,"2023-09-16",mobile,214.55,6
A,12444,Brianna Wilson,"2024-08-02",mobile,195.71,2
B,12447,Derek Taylor,"2020-04-09",mobile,42.61,6
A,12448,Edward Dunn,"2025-05-29",mobile,1066.11,3
A,12450,Jill Jones,"2022-11-26",mobile,457.33,3
B,12451,Richard Wright,"2022-07-17",mobile,222.37,4
B,12453,Catherine Hill,"2025-01-01",mobile,561.53,4
A,12456,Mr. George Payne,"2024-08-09",mobile,51.43,3
A,12460,Jesse Mcdonald,"2021-04-02",mobile,58.09,2
B,12461,Calvin Salinas,"2024-07-09",mobile,186.3,4
A,12462,Ricky Gaines,"2024-07-04",mobile,234.8,5
B,12463,Stephanie Fox,"2021-01-03",mobile,198.96,3
A,12464,Todd Williams,"2023-12-12",mobile,356.08,3
A,12466,Joe Brown,"2024-01-17",mobile,233.62,2
A,12468,Carol Martinez,"2023-11-27",mobile,60.73,2
B,12469,Justin Walls,"2020-02-11",mobile,221.7,5
A,12472,Diane Le,"2024-11-01",mobile,172.11,4
B,12475,Robert Steele,"2022-11-22",mobile,204.92,4
B,12479,Jamie Chapman,"2024-07-13",mobile,121.73,4
B,12481,Paul Tucker,"2025-09-06",mobile,145.16,3
B,12483,Donna Fisher,"2020-10-19",mobile,110.22,3
A,12488,Henry Sanchez,"2021-11-19",mobile,55.75,3
B,12489,Taylor Anderson,"2024-02-09",mobile,154.39,5
A,12492,Michelle Davis,"2021-06-06",mobile,204.12,4
B,12497,Laura Hunt,"2023-08-14",mobile,27.14,4
B,12505,Kimberly Fisher,"2024-10-25",mobile,103.55,4
B,12513,Colleen Weiss,"2021-03-07",mobile,56.3,3
A,12514,Mrs. Amanda Lee,"2020-02-26",mobile,119.19,3
B,12515,Christopher Stuart,"2023-07-26",mobile,19.33,5
B,12521,Tracey Mills,"2025-04-16",mobile,490.01,4
A,12524,Linda Roberts,"2022-03-13",mobile,438.84,4
A,12530,Jason Meyers,"2021-09-22",mobile,357.77,6
A,12532,Daniel Keller,"2021-09-26",mobile,211.74,3
B,12535,Kelsey Sanchez,"2023-04-12",mobile,19.81,3
A,12536,Michael Moore,"2022-10-04",mobile,156.07,3
B,12543,Michelle Williams,"2020-01-07",mobile,160.68,3
B,12545,Erik Watts,"2025-04-07",mobile,42.63,2
A,12546,Stephanie Henderson,"2025-02-14",mobile,51.82,3
B,12555,Elizabeth Campos,"2022-01-12",mobile,109.36,7
A,12556,Kristen Houston,"2025-10-12",mobile,43.59,4
B,12559,Kathleen Garner,"2023-05-26",mobile,116.2,5
A,12560,Brandy Gordon,"2022-07-12",mobile,24.7,2
B,12569,Robin Robles,"2020-12-19",mobile,56.15,2
B,12573,Carol Martin,"2020-12-31",mobile,39.3,3
B,12577,Dominique Wilkinson,"2024-10-11",mobile,192.07,3
B,12581,Michael Perez,"2024-07-27",mobile,34.92,4
A,12582,Stanley Mueller,"2023-11-08",mobile,171.55,3
A,12584,William Smith,"2024-03-06",mobile,218.32,2
B,12587,Zachary Jones,"2023-05-10",mobile,382.69,2
B,12591,Allen Rush,"2020-02-09",mobile,153.73,3
A,12592,James Hernandez,"2025-10-07",mobile,180.28,2
B,12593,Wendy Welch,"2022-09-06",mobile,493.61,6
A,12596,Brandon Hoover,"2024-03-20",mobile,465.18,5
B,12599,Joseph Richards,"2023-08-05",mobile,437.19,6
B,12601,Michael Barnes,"2025-05-02",mobile,179.14,4
B,12603,Jennifer Phillips,"2023-11-30",mobile,387.2,8
B,12605,Michael Bean,"2021-05-08",mobile,40.69,3
A,12606,Emily Mullen,"2022-04-21",mobile,18.56,4
B,12613,Janet Terry,"2020-06-26",mobile,72.69,6
A,12616,William Rush,"2022-04-26",mobile,229.0,2
B,12619,Judith Taylor,"2021-07-20",mobile,106.96,3
A,12620,Douglas Elliott,"2021-02-04",mobile,47.44,3
A,12622,Dillon Miller,"2022-12-24",mobile,40.69,3
A,12626,Bryan Rivera,"2024-01-30",mobile,74.76,6
B,12637,Chad Leonard,"2024-09-03",mobile,425.22,5
B,12643,Theodore Cooper,"2025-09-25",mobile,129.66,4
A,12646,Dawn Jones,"2024-08-05",mobile,1111.63,4
B,12647,Alexander Davis,"2020-04-07",mobile,303.2,3
B,12649,Kathy Gonzales,"2024-12-19",mobile,158.19,6
A,12652,Jeremy Woodard,"2022-10-19",mobile,34.84,5
B,12655,Kelly Rosales,"2024-06-15",mobile,65.91,3
B,12659,Latasha Hampton,"2021-07-20",mobile,76.91,5
A,12660,Joel Vega,"2020-12-25",mobile,230.72,2
B,12663,Ryan Torres,"2021-05-27",mobile,32.53,4
A,12664,Joseph Macdonald,"2023-01-31",mobile,668.08,6
A,12666,Lindsay Rowe,"2025-10-22",mobile,314.51,3
A,12670,Neil Reilly,"2022-01-18",mobile,118.62,3
B,12673,Robert Hunter,"2024-09-15",mobile,189.37,4
B,12679,Christopher Walker,"2023-10-26",mobile,216.5,3
B,12685,Matthew Elliott,"2025-03-20",mobile,385.98,3
B,12689,Michael Cooper,"2021-05-11",mobile,647.31,3
A,12692,Tracey Moran DVM,"2024-12-29",mobile,452.33,3
B,12693,Jane Davis,"2024-04-12",mobile,116.3,2
B,12699,William Clarke,"2024-03-13",mobile,64.26,4
A,12700,William Campbell,"2022-04-25",mobile,383.96,3
A,12702,Aaron Mckinney,"2021-03-28",mobile,461.62,3
A,12704,Timothy Wright,"2021-01-28",mobile,75.21,2
B,12707,Melissa Clark,"2024-11-24",mobile,49.55,4
A,12712,Christopher Duncan,"2022-03-30",mobile,104.63,6
B,12713,Rhonda Shannon,"2024-06-09",mobile,32.32,3
A,12716,Justin Peters,"2022-03-15",mobile,484.73,5
A,12718,Adam Wilson,"2023-10-21",mobile,174.92,4
B,12721,Nichole Alexander,"2023-01-22",mobile,118.63,8
A,12724,Tracy Dyer,"2022-08-17",mobile,158.65,2
A,12726,William Conner,"2023-11-15",mobile,195.54,2
A,12732,Ashley Murray,"2025-07-29",mobile,243.45,4
B,12737,Jamie Cruz,"2024-04-14",mobile,38.13,3
B,12739,Doris Brown,"2022-10-17",mobile,110.99,3
B,12741,Amy Wilkins,"2022-11-25",mobile,54.72,3
B,12743,Jeffrey Williams,"2023-08-01",mobile,374.17,4
A,12744,Nicole Miller,"2022-06-27",mobile,116.74,4
A,12752,Haley Wilson,"2020-06-12",mobile,63.71,5
B,12755,Shane Smith,"2025-01-05",mobile,58.8,2
A,12758,Calvin Flores,"2024-10-08",mobile,85.85,2
B,12765,James Vargas,"2025-02-10",mobile,60.73,3
A,12766,Sylvia Hicks,"2025-01-04",mobile,427.74,4
A,12768,Stephanie Barnett,"2025-02-08",mobile,155.41,6
A,12772,Amanda Thompson,"2020-01-19",mobile,20.11,2
A,12774,Susan Barnes,"2020-12-09",mobile,19.52,5
A,12778,Lynn Clark,"2020-05-20",mobile,384.23,3
B,12783,Tiffany Long,"2025-09-29",mobile,124.82,2
A,12784,Carmen Jenkins,"2024-03-22",mobile,60.55,6
B,12785,Kristin Bray,"2024-03-27",mobile,64.77,4
A,12786,Erik Duncan,"2023-05-31",mobile,27.28,5
A,12790,William Kent,"2022-10-05",mobile,39.86,5
B,12793,Tina Mooney,"2022-12-12",mobile,60.97,4
A,12796,Rachel Lewis,"2024-09-02",mobile,233.79,3
B,12801,Jennifer Pierce,"2025-10-25",mobile,58.78,5
A,12804,Xavier Davis,"2022-10-13",mobile,156.88,2
A,12808,Andrea Wilcox,"2023-01-22",mobile,25.17,4
B,12809,Matthew Haynes,"2020-03-14",mobile,179.06,2
B,12811,Mr. Michael Davenport,"2021-05-03",mobile,56.88,2
A,12812,Craig Davis,"2024-01-16",mobile,174.9,4
A,12814,Eric Thomas,"2022-09-08",mobile,42.34,4
B,12815,Stacy Mcfarland,"2023-05-01",mobile,176.15,3
A,12816,Jeffery Orr,"2023-02-04",mobile,151.29,5
B,12817,Tina Massey,"2025-06-23",mobile,292.92,5
A,12818,Kelsey Adams,"2023-10-06",mobile,104.18,6
B,12819,Mark Guzman,"2021-02-02",mobile,244.2,2
B,12821,Patty Garcia,"2022-10-18",mobile,256.54,3
A,12822,Cody Vance,"2025-08-03",mobile,584.12,4
B,12825,Matthew Wilson,"2022-03-19",mobile,215.53,3
A,12828,Jane Wallace,"2024-09-24",mobile,57.33,4
B,12829,Adam French,"2023-11-17",mobile,90.43,8
A,12832,Russell Garcia,"2025-02-20",mobile,1500.62,3
A,12840,Madison Finley,"2021-12-29",mobile,415.23,3
A,12844,Jonathon Booth,"2022-06-24",mobile,204.12,5
B,12845,Angela Henry,"2021-12-31",mobile,236.41,3
A,12846,Laurie Wilson,"2021-06-23",mobile,54.43,3
B,12849,Cynthia Lewis,"2025-01-28",mobile,291.95,2
B,12851,Jennifer Jensen,"2024-07-01",mobile,129.38,6
B,12855,Rhonda Romero,"2023-02-20",mobile,379.38,3
A,12866,Jill Thornton,"2024-08-07",mobile,23.9,4
A,12870,Dr. Meghan Miller MD,"2022-11-22",mobile,21.09,5
B,12873,Donna Fletcher,"2025-04-25",mobile,404.46,2
B,12879,Catherine Fields,"2020-06-01",mobile,59.75,4
B,12881,Crystal Morris,"2022-11-19",mobile,435.19,5
A,12884,Casey Ramirez,"2025-09-15",mobile,43.5,3
A,12888,Jasmine Bell,"2021-12-19",mobile,505.82,3
A,12900,Jennifer Taylor,"2021-12-08",mobile,187.06,3
A,12902,Charles Walker,"2022-02-16",mobile,69.64,3
B,12903,Michael Klein,"2023-04-15",mobile,31.26,4
A,12904,Jessica Nelson,"2024-08-02",mobile,623.0,6
B,12905,Michael Russell,"2024-06-15",mobile,234.5,4
A,12908,Marcus Montes,"2022-04-16",mobile,247.72,3
B,12909,Rebecca Reid,"2020-02-28",mobile,116.17,2
A,12910,Henry Greene,"2023-04-19",mobile,20.95,6
B,12911,Michelle Nash,"2025-03-08",mobile,251.85,3
A,12918,Amy Clark,"2021-01-19",mobile,372.08,3
B,12925,Melissa Johnson,"2023-03-20",mobile,69.35,3
B,12929,Sheila Juarez,"2023-05-10",mobile,148.0,8
A,12930,Nicholas Heath,"2021-02-05",mobile,1095.43,6
B,12931,Christine Rush,"2022-04-09",mobile,286.83,6
A,12934,Christopher Reynolds,"2020-11-28",mobile,119.89,6
B,12937,Darren Caldwell,"2021-07-25",mobile,206.17,4
B,12939,Ellen Cunningham,"2021-12-26",mobile,553.46,5
A,12940,Carol Guerrero,"2022-08-13",mobile,117.1,3
B,12941,Sara Johnson,"2023-06-28",mobile,120.39,5
B,12953,Nicholas Coleman,"2021-10-04",mobile,77.6,4
B,12957,Sandra Watts,"2020-10-05",mobile,49.06,5
A,12962,Maria King,"2021-03-01",mobile,78.89,2
A,12964,James Fleming,"2022-05-29",mobile,113.06,6
B,12967,Michael Schroeder,"2023-08-27",mobile,164.02,7
A,12968,Jasmine Morales,"2020-01-11",mobile,129.72,7
B,12969,Johnathan Nichols,"2025-09-30",mobile,982.53,4
A,12972,Andrew Daniels,"2023-10-15",mobile,68.92,3
A,12974,Allison Meza,"2020-09-20",mobile,367.11,3
B,12975,Andrea Garza,"2020-01-05",mobile,57.57,2
A,12978,Andrea James,"2022-07-22",mobile,47.16,5
A,12982,Wesley Sutton,"2023-09-29",mobile,292.78,6
B,12983,Walter Davis,"2020-03-29",mobile,27.45,3
A,12988,Noah Wagner,"2022-09-02",mobile,193.88,5
B,12991,Danielle Montgomery,"2023-04-26",mobile,296.97,8
B,12997,Stephanie Jenkins,"2022-06-25",mobile,1672.49,5
B,12999,Robert Hess,"2023-07-29",mobile,97.59,2
A,13002,Jessica West,"2021-06-20",mobile,274.27,4
A,13004,Robert Duncan,"2022-09-06",mobile,317.14,4
B,13005,Christian Morgan,"2024-02-28",mobile,180.66,4
A,13006,Jeremy Jones,"2023-10-02",mobile,130.24,2
B,13009,Scott Downs,"2021-02-26",mobile,72.48,3
B,13011,Parker Wiggins,"2024-07-16",mobile,36.7,3
B,13015,David Smith,"2020-03-09",mobile,174.77,4
A,13016,Christopher Fields,"2021-12-20",mobile,63.37,4
B,13017,Jennifer Simpson,"2022-06-15",mobile,199.63,3
A,13018,Gina Gilbert,"2024-12-09",mobile,69.95,4
A,13020,Diana Nicholson,"2022-02-11",mobile,840.49,4
A,13022,Dennis Jenkins,"2020-06-13",mobile,46.9,4
B,13023,Maria Williams,"2025-09-28",mobile,60.68,5
B,13025,Joseph Key,"2021-06-10",mobile,26.51,2
A,13026,Rebecca Larsen,"2025-09-22",mobile,119.48,2
A,13032,Catherine Casey,"2023-09-13",mobile,150.92,2
A,13036,April Smith,"2024-08-19",mobile,158.76,2
B,13043,Mike Sullivan,"2023-10-27",mobile,67.01,5
B,13047,John Huerta,"2025-06-07",mobile,1268.65,6
B,13051,Steven Campbell,"2025-05-30",mobile,324.61,3
A,13052,Lori Blake,"2021-05-02",mobile,165.8,6
B,13053,Jeanette Mckay,"2022-11-26",mobile,99.12,3
A,13054,Christina Dawson,"2020-06-05",mobile,51.57,5
B,13055,Jessica Cox,"2020-11-24",mobile,25.58,2
B,13057,Melissa Rice,"2024-10-28",mobile,67.4,5
B,13061,Kevin Hughes,"2021-09-19",mobile,149.28,9
A,13062,Benjamin Willis,"2020-11-11",mobile,108.51,4
B,13067,Jennifer Williams,"2022-07-13",mobile,667.24,2
A,13068,Larry Cabrera,"2022-03-28",mobile,32.05,2
A,13072,Keith Thomas,"2025-03-26",mobile,74.1,3
A,13074,Michael Zimmerman,"2021-08-09",mobile,39.08,6
A,13076,Norma Mann,"2021-09-28",mobile,178.21,5
A,13080,Corey Sherman,"2024-04-26",mobile,602.42,3
B,13085,Melissa Macdonald,"2023-04-07",mobile,24.89,2
B,13103,Christina Grant,"2020-01-18",mobile,107.09,5
B,13107,Daniel Diaz,"2024-11-02",mobile,62.33,4
A,13108,Erin Wilson DDS,"2020-03-13",mobile,898.25,4
B,13109,Robert Curtis Jr.,"2023-07-03",mobile,287.9,4
B,13115,Karen Meyer,"2021-08-02",mobile,37.17,3
A,13122,Jordan Ortiz,"2020-01-11",mobile,46.18,2
A,13126,Melinda Campbell,"2023-02-02",mobile,211.96,8
B,13131,Terry Shaw,"2025-08-30",mobile,13.84,6
A,13146,Jason Turner,"2021-11-03",mobile,145.75,7
B,13147,Jeffery Munoz,"2022-06-09",mobile,110.36,3
A,13158,Savannah Salinas,"2021-08-11",mobile,226.82,3
A,13160,Michael Chambers,"2023-10-30",mobile,72.3,7
B,13167,Victoria Hicks,"2025-04-02",mobile,78.03,3
B,13175,Amy Malone,"2025-09-15",mobile,101.84,3
B,13181,Scott Klein,"2020-11-08",mobile,35.6,3
A,13190,Dawn Gonzalez,"2025-06-11",mobile,35.14,4
B,13193,Shawn Stewart,"2023-12-07",mobile,49.17,6
B,13205,Rebecca Petty,"2023-03-08",mobile,181.91,4
A,13208,Tyler Davis,"2024-10-08",mobile,19.15,4
A,13210,Debra Martin,"2025-04-24",mobile,971.75,4
B,13215,Brian Olson,"2020-12-21",mobile,525.44,5
A,13224,Lisa Jackson,"2020-11-09",mobile,63.56,5
A,13226,Beth Taylor,"2023-03-06",mobile,78.78,2
A,13232,Eric Gomez,"2020-09-24",mobile,383.06,6
A,13238,Alicia Parker,"2024-11-10",mobile,64.77,3
B,13239,Belinda Johnson,"2022-12-19",mobile,98.24,2
B,13243,Allen Davis,"2022-09-03",mobile,73.78,2
A,13250,Juan Gonzalez,"2022-06-06",mobile,653.02,4
A,13262,Darryl Morton,"2022-10-13",mobile,53.91,4
A,13264,Arthur Marsh,"2021-04-22",mobile,246.8,7
B,13269,Mark Romero,"2022-07-18",mobile,125.7,2
B,13275,Melanie Meyer,"2025-07-07",mobile,221.49,4
A,13278,Stephanie Yang,"2022-12-10",mobile,635.24,3
A,13282,Robert Thompson,"2021-11-23",mobile,710.86,6
B,13283,Antonio Ortega,"2020-11-10",mobile,170.35,3
A,13286,Abigail Robles,"2022-12-24",mobile,98.78,4
A,13288,Heather Butler,"2023-12-20",mobile,240.98,4
B,13295,Eric Rojas,"2020-04-23",mobile,102.09,2
A,13298,Eduardo Leon,"2020-05-29",mobile,56.47,3
B,13303,Luis Porter,"2021-12-31",mobile,633.4,5
A,13306,Jacob Hernandez,"2020-10-11",mobile,449.64,6
B,13307,Connie Lee,"2021-07-20",mobile,264.93,7
A,13312,Dr. Joshua Welch,"2024-07-14",mobile,89.62,3
B,13313,Ryan Ramirez,"2021-02-14",mobile,87.7,2
A,13322,Robin Weaver,"2021-03-11",mobile,109.72,2
B,13325,Vanessa Adams,"2021-08-15",mobile,180.89,7
B,13329,Diane Rivera,"2020-07-06",mobile,266.86,5
A,13332,Christine Jordan,"2020-05-28",mobile,179.64,7
B,13333,Amanda Allen,"2022-09-02",mobile,149.54,3
A,13334,Russell Medina,"2025-08-17",mobile,140.29,2
B,13335,Joseph Oconnor,"2025-08-18",mobile,92.87,5
B,13339,Taylor Carlson,"2020-06-10",mobile,95.1,5
A,13340,Richard Parker,"2023-11-28",mobile,94.2,5
B,13343,Michael Blair,"2020-10-25",mobile,308.21,2
A,13344,Brenda Henderson,"2024-01-01",mobile,187.04,4
A,13354,Lisa Walters,"2024-06-22",mobile,190.31,5
A,13356,Abigail Dunn,"2024-02-22",mobile,45.58,5
A,13358,Megan Wiggins,"2023-02-28",mobile,14.4,7
A,13360,Vanessa Williams,"2023-08-10",mobile,77.73,4
B,13361,April Austin,"2022-04-25",mobile,331.59,5
A,13364,Danielle Lee,"2021-07-31",mobile,233.16,3
A,13366,Katherine Miller,"2024-02-10",mobile,23.11,4
A,13368,Lucas Ruiz,"2023-10-23",mobile,610.52,6
A,13370,Caleb Hodge,"2020-04-30",mobile,187.14,5
B,13371,Charles Castro,"2021-10-18",mobile,516.13,7
B,13373,Katie Glover,"2025-05-01",mobile,30.12,6
B,13375,Cheryl Yang,"2022-10-28",mobile,39.84,3
A,13376,Jessica Romero,"2025-01-31",mobile,115.11,3
A,13380,Calvin Richard,"2020-10-19",mobile,27.05,4
A,13382,Melissa Golden,"2025-07-23",mobile,41.41,2
B,13383,George Maldonado,"2023-05-25",mobile,181.85,3
A,13386,Katrina Thomas,"2020-07-13",mobile,156.37,2
B,13387,William Torres,"2024-06-21",mobile,42.09,4
A,13388,Jody Moore,"2020-03-25",mobile,76.52,2
B,13389,Linda Barnes,"2021-10-11",mobile,822.65,6
B,13393,John Shepard,"2021-05-30",mobile,214.44,4
B,13397,Jenna Mccullough,"2022-11-06",mobile,96.87,4
A,13398,Eric Lewis,"2024-08-19",mobile,24.04,3
B,13403,Nicholas Leon,"2021-12-10",mobile,158.22,3
A,13404,John Butler,"2021-08-10",mobile,147.58,3
B,13407,Tiffany Jordan,"2024-03-14",mobile,59.24,2
B,13419,Tina Lynch,"2022-05-24",mobile,80.07,5
A,13420,James Scott,"2020-08-17",mobile,36.17,5
A,13422,Jason Bennett,"2022-05-16",mobile,288.56,6
A,13424,Christopher Dennis,"2024-08-19",mobile,28.57,4
A,13428,William Lambert,"2021-01-20",mobile,56.24,4
A,13430,Mary Chase,"2020-07-18",mobile,66.28,3
B,13435,Ryan Roberts,"2023-03-30",mobile,162.63,4
A,13438,Dr. Jennifer Dillon MD,"2023-03-25",mobile,55.05,4
B,13439,Lucas Lopez,"2020-10-31",mobile,39.45,2
A,13440,Zachary Green,"2020-02-24",mobile,76.11,7
A,13450,Cory Burnett,"2023-08-19",mobile,76.97,5
B,13451,Amy Miller,"2023-03-04",mobile,113.46,6
B,13453,Daniel Fisher,"2020-02-03",mobile,235.71,3
B,13455,Stacey Lopez,"2024-02-25",mobile,71.06,5
B,13457,Andrew Martinez,"2023-07-20",mobile,641.7,2
B,13463,Janet Pruitt,"2025-07-31",mobile,147.19,4
B,13465,Mark Obrien,"2020-04-04",mobile,795.02,6
A,13466,Monica White,"2023-05-24",mobile,51.58,6
B,13467,Sharon Hoffman,"2025-05-07",mobile,213.99,3
A,13470,Jessica Cole,"2023-10-02",mobile,397.26,4
B,13471,Dr. Michael Lewis,"2024-02-02",mobile,41.26,2
A,13474,David Johnson,"2025-05-13",mobile,148.38,3
B,13475,Ricky Moore,"2024-02-22",mobile,109.05,6
A,13480,Veronica Mccoy,"2021-12-31",mobile,174.9,6
B,13481,Ricky Moran,"2025-09-25",mobile,45.43,3
A,13484,Krystal Becker,"2021-10-26",mobile,87.58,3
B,13497,Joseph Cabrera,"2022-11-20",mobile,479.23,5
A,13502,Kara Miller,"2023-11-23",mobile,421.03,6
A,13504,Katherine Johnson,"2023-12-20",mobile,210.96,4
B,13505,Mario Schroeder,"2022-08-11",mobile,76.34,3
A,13506,Daniel Rodriguez,"2025-04-16",mobile,52.63,4
B,13511,Gabriela Garrett,"2023-02-23",mobile,77.5,6
A,13512,Suzanne Hodges,"2021-09-09",mobile,108.39,5
B,13513,Darrell Carson,"2022-05-03",mobile,877.02,5
A,13518,Brian Rodriguez,"2021-03-27",mobile,75.07,3
A,13522,Jose Green,"2023-05-09",mobile,163.48,4
A,13530,Christina Gray,"2021-05-26",mobile,140.74,2
B,13531,Laurie Potter,"2023-04-03",mobile,184.72,3
B,13539,Tamara Washington,"2021-10-17",mobile,56.63,3
B,13545,Carol Martin,"2022-05-15",mobile,111.74,4
A,13546,Duane Jackson,"2021-11-11",mobile,262.03,4
B,13547,Craig Moyer,"2024-11-20",mobile,326.62,4
A,13552,John Taylor,"2023-05-11",mobile,499.84,3
B,13555,Jessica Stark,"2021-11-07",mobile,56.3,2
B,13561,Christina Calhoun,"2022-04-08",mobile,958.4,4
A,13568,Misty Acosta,"2025-08-05",mobile,224.0,5
A,13570,Oscar Murphy,"2025-01-17",mobile,79.12,6
B,13575,Sandy Dillon,"2024-07-27",mobile,346.25,7
B,13579,Marcus Hartman,"2021-02-24",mobile,73.73,5
B,13583,Lori Holt,"2025-10-06",mobile,86.34,4
B,13585,Thomas Maddox MD,"2024-04-10",mobile,161.92,4
B,13589,Kelly Olsen DVM,"2021-11-12",mobile,160.02,6
B,13591,Ronald Scott,"2020-06-12",mobile,133.87,3
A,13594,Kendra Sutton,"2021-06-02",mobile,90.58,6
B,13595,Emma Hess,"2020-07-03",mobile,258.75,6
A,13596,Matthew Griffith,"2022-03-10",mobile,56.42,3
A,13602,Mrs. Shirley Williams,"2021-08-15",mobile,822.05,9
A,13608,Mrs. Linda Mcintyre,"2024-06-25",mobile,178.22,3
B,13609,Candice Baker,"2024-12-22",mobile,100.53,2
A,13610,Jorge Avila PhD,"2021-05-04",mobile,289.31,3
A,13614,Mark Sanford,"2023-07-26",mobile,303.43,2
A,13618,Alison Gay,"2025-02-22",mobile,44.78,5
B,13621,Justin Little,"2021-06-25",mobile,2487.41,3
A,13622,Taylor Mullen,"2021-05-09",mobile,574.18,4
B,13625,Crystal Eaton,"2024-12-23",mobile,28.89,3
A,13626,Sarah Washington,"2025-03-10",mobile,132.75,6
A,13628,Shannon Miller,"2020-09-22",mobile,258.87,4
A,13632,Robert Harris,"2023-10-07",mobile,635.38,3
A,13640,Brenda Garcia,"2023-05-06",mobile,15.8,3
B,13643,Brandon Anderson,"2024-12-09",mobile,43.04,2
A,13644,Michael Oconnor,"2023-10-21",mobile,430.7,4
A,13646,James Cohen,"2024-02-24",mobile,63.01,3
A,13648,Danielle Herrera,"2021-02-26",mobile,434.59,5
B,13653,Janice Porter,"2023-12-31",mobile,151.33,3
A,13654,Jacob Salazar,"2024-07-31",mobile,19.7,3
B,13657,Kenneth Harris,"2023-06-15",mobile,306.22,7
A,13658,Melissa Cross,"2020-06-26",mobile,427.29,4
B,13659,Robert Sampson,"2020-06-22",mobile,165.06,2
B,13663,Brandy Flowers,"2023-03-28",mobile,25.4,2
A,13664,Brian Kelly,"2025-03-01",mobile,120.47,5
A,13672,Paul Gutierrez,"2025-07-07",mobile,67.16,3
B,13673,Janet Durham,"2025-02-23",mobile,61.46,2
A,13678,Valerie Porter,"2021-12-25",mobile,29.51,3
B,13679,Steven Bender,"2025-10-11",mobile,658.44,2
B,13683,Ethan Martinez,"2025-04-21",mobile,125.41,5
B,13687,Jessica Ward,"2025-03-06",mobile,42.83,6
B,13691,Donald Anthony,"2025-07-22",mobile,133.31,3
B,13693,Ashley Rivas,"2025-07-07",mobile,568.31,5
A,13696,Melinda Horton,"2021-08-15",mobile,144.05,4
A,13698,Dr. Scott Martin,"2021-02-13",mobile,234.48,3
B,13699,Sergio Cooper,"2020-12-01",mobile,97.91,3
A,13702,Steven Hicks,"2020-02-17",mobile,276.38,4
A,13706,Douglas Anderson,"2024-02-15",mobile,104.42,5
A,13708,Zachary Castaneda,"2024-02-04",mobile,52.39,4
B,13713,Carolyn Lopez,"2023-08-15",mobile,605.13,3
B,13717,James Lee,"2020-03-11",mobile,58.97,3
B,13719,Jacob Brown,"2024-04-21",mobile,39.65,2
A,13720,Timothy Rhodes,"2023-06-17",mobile,215.57,5
B,13721,Alexandra Blackwell,"2021-07-04",mobile,150.32,3
A,13722,Danny Harvey,"2020-03-05",mobile,475.77,4
B,13725,Martha Hicks,"2024-07-11",mobile,1678.36,2
B,13731,Derrick Padilla,"2021-09-28",mobile,935.54,8
A,13732,Joseph Tran,"2025-05-07",mobile,40.68,6
A,13734,Courtney Kelly,"2020-08-27",mobile,63.53,3
A,13738,Shelley Smith,"2023-04-24",mobile,371.01,8
A,13740,Angela Fernandez,"2020-06-01",mobile,70.97,3
B,13743,Breanna Ibarra,"2022-08-06",mobile,148.14,4
B,13747,Robert Bell,"2023-07-11",mobile,947.43,6
A,13748,Brittany Bennett,"2025-04-18",mobile,68.2,3
A,13752,John Haynes,"2021-09-24",mobile,50.15,6
B,13759,Tammy Douglas,"2020-10-31",mobile,216.97,3
B,13761,Amanda Ware,"2021-05-11",mobile,110.33,4
A,13764,Dr. Shawn Brown,"2023-03-12",mobile,278.14,3
B,13783,Ashley Cook,"2022-03-16",mobile,120.19,3
A,13784,Joseph Tucker,"2024-04-26",mobile,117.56,4
B,13791,Leslie Torres,"2023-03-23",mobile,10.63,3
A,13792,Jimmy Rogers,"2020-06-30",mobile,48.16,4
B,13805,Sarah Sanders,"2023-07-26",mobile,113.81,4
A,13818,Gary Jones,"2020-07-05",mobile,240.28,3
B,13819,Daniel Brown,"2021-11-13",mobile,186.4,6
B,13821,Jose King,"2022-07-29",mobile,387.51,4
A,13822,Kelly Hudson,"2021-12-27",mobile,64.04,4
B,13823,Scott Howard,"2023-02-25",mobile,251.99,4
A,13826,Eric Stokes,"2025-09-17",mobile,28.04,4
B,13833,Kelli Carpenter,"2020-10-30",mobile,88.51,5
A,13838,Shawn Washington,"2021-09-28",mobile,282.08,8
B,13845,Keith Smith,"2020-06-16",mobile,113.01,6
A,13854,Michael Coleman,"2020-12-02",mobile,844.82,5
A,13858,Raymond Munoz,"2025-05-22",mobile,140.93,4
A,13860,Kelly Wang,"2024-03-26",mobile,99.14,5
B,13863,Denise Johnson,"2020-01-28",mobile,181.9,3
A,13866,James Peterson,"2021-03-28",mobile,87.18,2
B,13869,Michael Lopez,"2025-08-14",mobile,340.35,5
A,13870,Andrew Mckinney,"2023-08-04",mobile,150.1,4
B,13871,Gregory Gray III,"2024-01-29",mobile,457.48,4
B,13873,John Reed,"2024-12-12",mobile,81.74,4
B,13879,Lauren Perez,"2020-05-31",mobile,399.83,6
A,13880,Tommy Schmidt,"2020-11-11",mobile,565.03,3
B,13881,Karen Sharp,"2022-06-15",mobile,406.2,4
A,13886,Kristina Williams,"2020-12-01",mobile,77.07,3
B,13887,William Wade,"2021-02-05",mobile,138.93,2
A,13888,Gregory Garcia,"2020-10-10",mobile,131.0,3
A,13890,Stephen Hudson,"2022-10-13",mobile,242.51,6
A,13894,Elizabeth Taylor,"2020-08-14",mobile,2099.35,5
A,13898,Jennifer Ashley MD,"2020-02-19",mobile,132.74,4
A,13902,Sandra Carter,"2022-06-19",mobile,405.19,10
B,13905,Bryce Sutton,"2023-11-19",mobile,45.47,2
A,13906,Ryan Morgan,"2024-08-13",mobile,163.74,2
A,13908,Courtney Turner,"2024-02-08",mobile,743.04,5
A,13912,Jeffrey Lynn,"2020-02-27",mobile,111.11,2
B,13913,Katrina Buchanan,"2020-12-05",mobile,302.72,2
A,13914,Gregory Johnson,"2023-06-25",mobile,462.69,4
A,13916,Paige Davidson,"2020-09-12",mobile,27.05,3
B,13919,Gordon Mcgee,"2022-03-17",mobile,180.96,4
B,13921,Joshua Bailey,"2024-04-18",mobile,282.39,5
A,13922,Joseph Walsh,"2022-12-22",mobile,115.83,5
A,13932,Eric Reed,"2022-10-24",mobile,332.02,5
B,13933,Nathan Warren,"2020-08-08",mobile,722.07,8
A,13950,Richard Richards,"2021-04-28",mobile,145.77,4
B,13953,Tanya Ramirez,"2023-05-09",mobile,609.51,3
A,13954,Jennifer Schroeder,"2021-04-12",mobile,78.12,4
A,13958,Larry Jordan,"2020-12-10",mobile,130.73,3
A,13960,Nancy Smith,"2023-05-15",mobile,174.44,4
A,13962,Eric Flores,"2025-03-10",mobile,212.42,4
A,13964,Ann Chan,"2024-05-14",mobile,275.85,9
B,13965,Mark Lynch,"2022-05-01",mobile,786.75,3
A,13968,Travis Young,"2020-07-19",mobile,172.88,4
B,13973,Eric Johnson,"2024-05-08",mobile,58.93,2
A,13980,Marcus Hurley,"2022-11-09",mobile,147.3,5
A,13982,Joe Barnes,"2020-04-29",mobile,219.88,3
A,13988,Dawn Scott,"2025-06-21",mobile,531.3,6
B,13989,Teresa Gregory,"2022-07-31",mobile,11.02,5
B,13991,Ricky Li,"2025-10-25",mobile,40.69,4
A,13992,Joshua Cooper,"2025-09-30",mobile,49.29,2
B,13993,John Ramirez,"2021-11-25",mobile,324.73,5
B,13997,Kimberly Weaver,"2024-05-19",mobile,69.99,3
A,13998,Lori Cameron,"2023-08-27",mobile,271.46,6
B,13999,Pamela Gallagher,"2024-11-09",mobile,941.0,4
B,14003,Judith Bell,"2022-02-27",mobile,149.34,3
B,14009,Lisa Collins,"2025-01-02",mobile,73.37,2
A,14010,Shawn Larson,"2025-07-12",mobile,262.57,9
A,14012,Brent Brown,"2023-03-01",mobile,30.97,5
A,14020,Audrey Daniels,"2024-07-03",mobile,32.05,3
A,14026,Aaron Ewing,"2025-07-21",mobile,99.4,4
B,14037,Kayla Nelson,"2023-12-17",mobile,157.15,4
A,14038,Deanna Hunt,"2020-12-24",mobile,82.37,6
B,14039,Katie Flowers,"2024-04-12",mobile,354.92,3
B,14045,Mathew Tanner,"2022-08-24",mobile,16.53,2
B,14047,Tammy Smith,"2025-10-18",mobile,586.09,5
B,14049,William Juarez,"2022-07-09",mobile,234.83,7
A,14058,Danielle Martin,"2023-02-13",mobile,28.96,3
B,14059,Jeffrey Lawson,"2021-02-14",mobile,226.12,5
B,14065,Rebecca Davis,"2022-10-05",mobile,111.38,2
B,14067,Courtney Hodge,"2020-12-01",mobile,111.88,5
B,14071,Michael Khan,"2021-03-25",mobile,256.16,3
A,14072,Jason Wilson,"2020-11-11",mobile,116.33,4
A,14074,Steven Lee,"2025-04-12",mobile,75.47,5
A,14078,Thomas Jones,"2020-04-21",mobile,118.73,8
A,14082,Alex Carey,"2025-05-04",mobile,329.59,5
A,14084,Charles Allen,"2023-04-28",mobile,293.2,4
A,14086,Andrew Young,"2023-12-18",mobile,27.35,6
A,14092,Leslie Diaz,"2023-04-25",mobile,173.92,2
A,14094,Rose Bennett,"2020-04-07",mobile,21.93,2
B,14095,Melissa Jefferson,"2020-12-24",mobile,14.02,2
B,14097,Patricia Scott,"2021-10-20",mobile,47.85,3
A,14098,Kelli Bradley,"2022-04-10",mobile,133.03,5
A,14102,Kelly Jensen,"2021-07-12",mobile,33.76,3
B,14103,Christopher Barrett,"2023-09-04",mobile,112.28,4
B,14107,Tiffany Barajas,"2023-11-30",mobile,609.57,5
B,14111,Matthew Gallegos,"2024-01-05",mobile,320.41,5
B,14113,Nicole Manning,"2020-07-04",mobile,24.28,4
A,14118,Katrina Mcfarland,"2024-09-06",mobile,193.47,4
B,14119,Sandra Montgomery,"2021-10-28",mobile,82.16,2
A,14120,John Foster,"2020-10-04",mobile,22.22,3
B,14123,Sara Griffin,"2021-12-05",mobile,229.2,5
B,14125,Brian Moon,"2024-05-11",mobile,267.49,2
B,14127,Darren Bowen,"2025-01-06",mobile,128.16,5
A,14128,Ann Robinson,"2025-07-07",mobile,112.45,9
B,14133,Joshua Cook,"2022-07-02",mobile,68.76,3
B,14135,Micheal Howell,"2020-03-27",mobile,2588.95,6
A,14136,Jennifer Kirby,"2020-09-24",mobile,41.13,4
B,14137,Brett Bates,"2021-01-20",mobile,221.3,4
A,14138,Norma Smith,"2021-01-07",mobile,35.75,2
B,14141,Michelle Ramirez,"2021-01-31",mobile,56.11,4
B,14145,Holly Allen,"2021-08-25",mobile,38.77,6
B,14149,Anne May,"2022-06-02",mobile,101.15,6
A,14152,Matthew Daniels,"2022-12-10",mobile,229.27,2
B,14153,Jamie Leon,"2022-11-03",mobile,747.76,5
B,14155,Stephanie Parks,"2023-04-29",mobile,87.03,3
A,14160,Angela Johnson,"2020-09-29",mobile,76.48,2
A,14166,Frank Long,"2025-05-10",mobile,163.87,3
A,14168,Casey Jackson,"2020-07-29",mobile,83.25,2
B,14169,Ashley Brewer,"2023-07-04",mobile,586.1,2
B,14171,Christopher Williams MD,"2021-05-14",mobile,449.05,2
A,14174,Joanna Wood,"2022-10-08",mobile,57.46,2
B,14175,Katherine Ross,"2024-10-05",mobile,40.61,3
B,14177,Jose Ortega,"2022-02-19",mobile,84.02,3
A,14188,Kelsey Brown,"2021-05-09",mobile,233.62,3
B,14191,Brenda Booth,"2022-01-22",mobile,64.52,3
A,14194,Pamela Rogers,"2022-11-06",mobile,78.75,6
A,14196,Linda Cantu,"2023-05-24",mobile,265.45,4
B,14197,Sarah Davis,"2023-02-06",mobile,169.28,2
A,14200,Amanda Young,"2023-05-02",mobile,161.4,5
B,14201,Elizabeth Sanchez,"2022-05-13",mobile,39.23,3
B,14203,Matthew Flores,"2024-12-08",mobile,157.64,4
A,14204,Mary Martin,"2025-07-12",mobile,65.48,2
B,14205,Karen Santiago,"2025-02-23",mobile,127.85,5
A,14206,Kenneth Jones,"2024-04-21",mobile,351.86,5
B,14207,Rebecca Hawkins,"2020-08-29",mobile,72.64,4
A,14210,Garrett Higgins,"2021-09-17",mobile,563.83,6
B,14213,Sara Fisher,"2023-06-26",mobile,180.89,3
B,14215,Tammy Ramos,"2022-07-22",mobile,249.54,2
A,14216,Jordan Matthews,"2024-04-06",mobile,138.92,4
B,14219,Benjamin Smith,"2021-01-02",mobile,382.77,6
B,14221,Sherry Carey,"2023-11-16",mobile,189.06,2
A,14222,Shannon Norton,"2023-05-22",mobile,55.39,4
A,14224,Jacqueline Wright,"2024-12-05",mobile,364.31,5
B,14225,Emily Brown,"2021-04-08",mobile,339.16,6
A,14226,Kari Russo,"2024-06-02",mobile,64.83,7
A,14230,Victoria Olson,"2025-02-02",mobile,59.55,2
B,14231,Leah Marks,"2025-10-14",mobile,482.64,4
A,14232,Ashley Miller,"2020-05-29",mobile,378.76,7
B,14233,Anthony Adkins,"2020-12-24",mobile,246.74,2
B,14235,Jason Johnson,"2023-03-01",mobile,55.45,4
A,14238,Mrs. Kristen Robinson DDS,"2021-04-21",mobile,229.88,5
B,14239,Jason Jones,"2022-10-07",mobile,16.43,2
A,14244,Peggy Mercado,"2024-07-27",mobile,155.68,3
A,14246,Kristina Mcgee,"2021-02-18",mobile,27.69,2
B,14247,Brad Cole,"2024-07-20",mobile,224.97,6
A,14248,Mr. Michael Garrett,"2024-07-19",mobile,374.79,5
B,14249,Kenneth Rogers,"2024-11-01",mobile,26.02,6
B,14253,April Howard,"2021-07-16",mobile,565.87,5
A,14256,Caitlin Pineda,"2020-01-14",mobile,71.59,3
B,14259,Natasha Lewis MD,"2023-09-14",mobile,118.56,3
A,14260,Wendy Ruiz,"2025-08-20",mobile,182.1,5
B,14261,Joseph Moore,"2022-04-17",mobile,48.38,3
A,14262,Nicole Smith,"2023-02-08",mobile,139.5,3
A,14266,Melissa Rodriguez,"2023-10-18",mobile,65.56,4
A,14270,Sarah Dominguez,"2020-10-15",mobile,223.72,7
A,14274,Jason Burnett,"2024-12-20",mobile,128.09,6
B,14281,Lori Hill,"2020-12-23",mobile,41.74,3
B,14289,Gregory Smith,"2023-07-17",mobile,67.57,9
A,14290,Latoya Hodge,"2025-03-22",mobile,56.23,2
A,14294,Jessica Rodriguez,"2020-05-31",mobile,40.23,3
A,14298,Jon Harrison,"2021-07-11",mobile,156.51,3
B,14301,Spencer Ramirez,"2020-11-25",mobile,106.7,2
A,14304,Nicholas Henry,"2025-07-20",mobile,109.11,5
A,14308,Susan Johnson,"2024-03-06",mobile,137.2,4
B,14311,Linda Cervantes,"2021-05-25",mobile,544.69,6
A,14318,Andrew Benson,"2020-08-13",mobile,318.95,4
B,14319,James Grimes,"2022-09-29",mobile,154.71,4
A,14320,Kristy Bates,"2024-05-10",mobile,132.1,5
A,14326,Dr. Luke Wilkins,"2020-07-11",mobile,623.7,2
A,14328,Scott Chambers,"2020-10-17",mobile,561.16,5
B,14329,Sheri Wilson,"2021-04-01",mobile,111.28,4
B,14333,Kimberly Kim,"2024-05-04",mobile,168.93,3
B,14335,Jason Walsh,"2024-09-13",mobile,104.36,2
A,14338,Eric Brown,"2020-04-24",mobile,116.25,4
B,14345,Sara Martin,"2020-06-23",mobile,172.97,6
B,14347,Roy Clark,"2025-09-29",mobile,278.79,5
B,14349,Philip Brown,"2022-11-21",mobile,94.68,3
A,14354,Kevin Douglas,"2021-03-20",mobile,573.16,6
B,14357,Stephanie Adams,"2023-09-07",mobile,145.04,5
A,14358,Roger Rubio,"2022-08-29",mobile,189.94,6
B,14359,Christopher Williams,"2020-06-04",mobile,209.5,5
A,14360,Sheri Sanchez,"2025-08-22",mobile,264.0,7
B,14365,Brandi Smith,"2021-12-25",mobile,182.04,5
A,14366,Gregory Hays,"2020-07-27",mobile,261.95,5
B,14367,Amy Boone,"2022-02-16",mobile,105.32,4
B,14371,Mrs. Michelle Berry DDS,"2020-05-16",mobile,244.63,4
A,14372,Jennifer Franklin,"2025-03-26",mobile,212.52,4
A,14374,Michael Wright,"2021-03-31",mobile,117.14,3
A,14376,Joy Dickerson,"2021-07-22",mobile,805.01,7
B,14385,Cynthia Macdonald,"2024-07-28",mobile,265.16,7
A,14388,Taylor Norton DDS,"2022-12-16",mobile,262.46,5
A,14400,Ann Goodman,"2021-06-07",mobile,965.06,7
A,14404,Daniel Stark,"2025-01-10",mobile,66.05,4
B,14409,Gregory Aguilar,"2025-10-03",mobile,276.82,6
A,14418,Dustin Carter,"2020-06-10",mobile,36.09,4
B,14419,Christina Snow,"2021-03-02",mobile,17.93,2
B,14421,Tammy Adams,"2020-10-01",mobile,745.7,4
A,14424,Eileen Lopez,"2020-08-09",mobile,257.99,5
B,14425,Connie Dickerson,"2025-08-28",mobile,136.67,3
B,14433,Cynthia Burns,"2021-03-14",mobile,103.55,4
A,14438,Michael Chaney,"2025-01-11",mobile,127.09,3
B,14439,Sharon Harris,"2020-11-23",mobile,665.47,4
A,14440,Miss Mary Simmons,"2025-09-24",mobile,408.69,4
B,14441,Carol Martin MD,"2024-07-02",mobile,150.65,3
B,14449,Robert Hernandez,"2023-04-22",mobile,13.71,3
A,14456,Troy Black,"2021-07-28",mobile,264.05,3
A,14464,Jason Gould,"2025-02-28",mobile,614.64,3
B,14465,Leslie Mitchell,"2025-09-13",mobile,87.84,2
A,14470,Kelly Johnson,"2023-12-31",mobile,331.39,5
B,14473,Tina Guerrero,"2023-08-06",mobile,295.94,6
A,14474,Robert Powell,"2021-12-07",mobile,220.97,9
A,14478,Molly Powell,"2023-03-10",mobile,283.5,5
B,14481,Ronald Allen,"2020-11-01",mobile,233.44,3
A,14482,Nicholas Rice,"2020-02-21",mobile,24.33,4
A,14486,Connie Robinson,"2022-01-02",mobile,25.73,5
B,14489,John Parker,"2024-11-10",mobile,104.13,2
B,14495,Jessica Romero,"2020-12-16",mobile,1924.76,2
B,14501,Michele Hunt MD,"2023-04-09",mobile,209.03,4
A,14512,Nathan Tran,"2022-10-22",mobile,26.1,2
A,14518,John Sanchez,"2023-10-04",mobile,32.9,2
B,14519,Sandy Murphy,"2023-01-27",mobile,23.56,3
A,14520,Sean Lee,"2025-09-27",mobile,87.66,4
A,14522,Tamara Mccoy,"2022-12-16",mobile,270.26,3
A,14524,Jose Little,"2025-04-07",mobile,61.33,3
A,14526,Jerome Parker,"2021-01-04",mobile,102.76,4
B,14527,Robert Harris,"2025-01-16",mobile,104.12,5
A,14528,Terry Gibson,"2024-09-09",mobile,72.44,3
B,14537,Sara Hall,"2023-06-25",mobile,103.79,2
B,14539,Kaylee Reese,"2025-02-16",mobile,210.58,4
A,14544,Brian Yang,"2023-12-08",mobile,207.08,5
B,14547,Ann Jackson,"2022-02-01",mobile,283.74,4
B,14549,Jonathan Martinez,"2022-06-03",mobile,199.8,4
B,14551,Thomas Thompson,"2023-12-26",mobile,48.47,3
A,14558,David Bauer,"2024-12-31",mobile,24.28,5
A,14562,Alicia Davis,"2024-12-27",mobile,219.45,3
B,14565,Brittany Mills,"2024-01-21",mobile,40.09,2
A,14568,Carmen Campbell,"2023-05-04",mobile,168.94,9
A,14570,Marco Gordon,"2024-01-23",mobile,127.18,2
A,14572,Stephen Prince,"2025-10-31",mobile,128.31,6
B,14573,Scott Davis,"2021-12-11",mobile,40.22,4
A,14574,Paula Baker,"2024-07-31",mobile,30.5,3
A,14586,Jeffrey Munoz,"2025-07-21",mobile,112.38,4
B,14587,Gina Thompson,"2021-09-27",mobile,123.5,2
A,14590,Kelly Alvarez,"2021-07-06",mobile,78.14,2
B,14591,Tyler Bailey,"2020-07-29",mobile,685.11,4
A,14592,Michelle Little,"2023-10-03",mobile,21.6,4
A,14596,Martin Sanchez,"2025-09-29",mobile,149.53,4
B,14599,Craig Rodgers,"2024-01-17",mobile,207.18,3
A,14600,James Avila,"2022-10-11",mobile,649.8,5
A,14602,Tiffany Gonzalez,"2024-11-08",mobile,58.84,2
A,14604,Theresa Gonzales,"2024-09-10",mobile,468.99,4
B,14607,Debbie Stewart,"2024-05-23",mobile,83.38,3
B,14611,Matthew Mendez,"2020-08-13",mobile,75.36,5
B,14613,Lindsay Bond,"2020-10-03",mobile,83.31,2
B,14615,Carolyn Stein,"2024-08-22",mobile,605.33,5
A,14618,Joshua Davis,"2024-11-05",mobile,287.52,8
A,14622,Victoria Jones,"2022-06-27",mobile,26.72,4
B,14623,Kyle Scott,"2023-08-16",mobile,388.47,3
B,14625,Matthew Kennedy,"2024-02-05",mobile,386.13,3
B,14627,Jesus Johnson,"2022-02-19",mobile,146.85,4
A,14628,Daniel Woodard,"2024-12-25",mobile,63.61,3
A,14630,Michael Anderson,"2021-01-17",mobile,85.82,3
B,14631,Matthew Floyd,"2020-03-03",mobile,224.73,2
B,14633,Kevin Martinez,"2023-09-14",mobile,391.71,6
A,14634,Jason Johnson,"2024-09-20",mobile,605.85,3
B,14635,Tyler Smith,"2024-02-10",mobile,86.26,5
B,14639,Sheila Edwards,"2025-06-04",mobile,48.19,5
A,14640,Karen Poole,"2021-05-12",mobile,400.46,4
B,14641,Stephanie Lester,"2022-04-10",mobile,69.06,5
A,14642,Jay Evans,"2020-02-27",mobile,211.22,5
B,14647,Megan Fisher,"2025-03-05",mobile,386.78,5
A,14648,Michael Morgan,"2020-08-01",mobile,83.68,3
A,14650,Paige Perry,"2022-06-18",mobile,224.34,4
A,14652,Javier Flores,"2020-03-12",mobile,187.78,5
B,14653,Robert Sanchez,"2025-04-16",mobile,432.43,5
B,14655,Brian Simon,"2022-12-20",mobile,147.22,4
A,14656,Tammy Singh,"2024-08-28",mobile,394.25,4
A,14658,Derek Hoffman MD,"2024-05-04",mobile,196.22,3
A,14664,Melissa Harper,"2023-05-12",mobile,255.14,3
B,14665,Brian Hopkins,"2020-10-08",mobile,710.23,4
A,14668,Suzanne Howard,"2021-08-18",mobile,263.02,10
B,14669,Roger Lee,"2023-09-14",mobile,291.33,6
A,14672,Jonathan Clements,"2021-08-18",mobile,1316.47,4
A,14676,Sophia Hodge,"2024-08-19",mobile,48.4,2
A,14684,Alicia Brewer,"2022-01-05",mobile,138.51,4
A,14688,Erik Rojas,"2020-11-26",mobile,43.64,2
B,14689,Ian Thomas,"2023-09-18",mobile,494.27,8
A,14690,Lisa Fitzgerald,"2020-06-07",mobile,32.62,3
A,14692,Jamie Zimmerman,"2022-03-06",mobile,113.82,2
B,14693,Angelica Mccarthy,"2021-12-26",mobile,69.83,4
A,14694,Cynthia Jimenez,"2022-10-18",mobile,118.16,3
A,14696,Paula Boyd,"2023-01-21",mobile,102.74,7
A,14702,Kim Lara,"2024-12-18",mobile,117.99,4
A,14710,Billy Thomas,"2024-06-20",mobile,91.72,3
A,14714,Rachel Scott,"2024-11-02",mobile,290.86,5
B,14715,Erin Anderson,"2023-12-10",mobile,215.5,4
A,14716,Bonnie Pena,"2023-01-21",mobile,33.24,4
A,14718,Christopher Moses,"2020-08-25",mobile,291.24,6
A,14720,Michele Mitchell,"2024-08-17",mobile,27.91,4
A,14730,Courtney Kidd,"2020-01-19",mobile,60.97,5
B,14731,Kimberly Middleton,"2020-11-06",mobile,82.41,5
A,14732,Eddie Perez,"2021-03-30",mobile,261.19,2
A,14734,William Burns,"2020-04-27",mobile,43.22,5
A,14736,Tanya Sanders,"2021-08-30",mobile,194.13,4
B,14737,Tina Gordon,"2024-04-28",mobile,272.99,5
B,14739,Mario Brown,"2020-07-14",mobile,103.0,3
A,14740,Danny Morris,"2022-10-17",mobile,205.73,3
B,14743,Sarah Carter,"2020-10-06",mobile,82.08,4
A,14748,Sherry Gray,"2023-09-07",mobile,181.54,3
A,14752,Tyler Shields,"2023-09-21",mobile,682.19,10
A,14754,Preston Tucker,"2021-02-04",mobile,64.73,5
B,14755,Betty Jones,"2025-07-16",mobile,49.16,2
A,14764,Danielle Mays,"2020-01-25",mobile,353.25,3
A,14766,Alexander Mckinney,"2022-06-24",mobile,40.34,4
A,14768,Lisa Benson,"2020-05-03",mobile,40.15,3
A,14772,Karen Kim,"2025-09-04",mobile,219.02,4
B,14773,Eric Garcia,"2020-09-04",mobile,147.81,5
A,14778,Brittney Cox,"2021-08-01",mobile,290.67,4
A,14806,Nicole Pierce,"2025-08-03",mobile,110.19,3
B,14811,Teresa Smith,"2022-10-14",mobile,17.58,2
B,14817,Jessica Brown,"2022-07-19",mobile,533.52,6
A,14818,Katelyn Davis,"2021-04-16",mobile,90.34,4
A,14822,David Fuller,"2022-07-19",mobile,124.7,3
B,14829,Sarah Deleon,"2025-09-21",mobile,50.76,3
B,14833,Walter Campbell,"2022-06-02",mobile,428.36,5
A,14836,Ryan Robinson,"2020-12-08",mobile,334.04,2
B,14837,William Henderson Jr.,"2023-05-30",mobile,478.36,4
A,14842,Dr. Lorraine Willis,"2020-05-31",mobile,140.28,5
A,14844,Philip Wheeler,"2022-08-02",mobile,101.14,6
B,14845,Chelsea George,"2022-06-10",mobile,178.49,6
B,14849,Mr. Darrell Thomas,"2022-06-30",mobile,237.75,6
A,14854,Julie Hill,"2022-05-13",mobile,180.31,5
B,14855,Maria Dawson,"2024-01-06",mobile,33.71,2
A,14860,Kevin White,"2024-09-25",mobile,243.2,3
A,14862,Charles Montgomery,"2025-03-04",mobile,43.48,3
B,14873,Edwin Williams,"2024-02-08",mobile,33.33,2
B,14875,Luis Miller,"2025-06-05",mobile,159.8,5
B,14879,Sean Myers,"2020-10-10",mobile,94.17,3
A,14880,William Edwards,"2022-07-02",mobile,752.46,5
B,14883,Brenda Reynolds,"2020-10-20",mobile,32.04,5
A,14888,Maria Fisher,"2022-12-08",mobile,102.06,5
B,14889,Vincent White,"2022-09-03",mobile,96.29,4
B,14891,Caitlin Taylor,"2022-02-25",mobile,96.46,3
B,14893,Roberto Jones,"2025-03-12",mobile,476.5,6
B,14895,Phillip Poole,"2023-10-01",mobile,35.78,4
B,14897,Anita Wells,"2021-12-29",mobile,86.56,2
A,14900,Joseph Nelson,"2021-09-11",mobile,117.25,4
A,14904,Riley Day,"2024-10-11",mobile,405.52,5
B,14907,Julie Diaz,"2025-02-12",mobile,251.1,5
A,14908,Daniel Davidson,"2020-03-17",mobile,159.52,10
B,14915,Kevin Diaz,"2021-05-08",mobile,313.17,4
B,14919,Sheila Vazquez,"2021-07-05",mobile,284.44,6
A,14922,Peter Ferguson,"2022-11-14",mobile,211.12,5
B,14923,Heather Mccormick,"2023-01-20",mobile,135.95,2
A,14932,Mary Todd,"2020-09-18",mobile,52.33,6
A,14938,Wayne Pierce,"2024-06-24",mobile,27.91,2
B,14939,Adam Barton,"2025-09-16",mobile,133.02,4
A,14942,Bryan Becker,"2023-04-28",mobile,279.35,4
B,14953,Mary Hayes,"2020-12-27",mobile,169.77,2
A,14960,Samantha Beck,"2024-01-21",mobile,179.51,3
B,14963,Michael Vincent,"2022-12-31",mobile,190.35,6
A,14964,Denise Johnson,"2021-09-09",mobile,134.65,7
B,14967,Kenneth Allen,"2024-10-20",mobile,135.97,2
B,14973,Annette Johnson,"2020-06-08",mobile,25.79,4
B,14979,Joy Day,"2023-10-27",mobile,11.82,5
A,14980,Timothy Tucker,"2022-08-15",mobile,17.03,3
A,14984,Eric Hernandez,"2020-12-19",mobile,266.25,6
A,14988,Paula Daniel,"2024-12-17",mobile,537.24,2
B,14989,Shannon Thompson,"2024-04-15",mobile,168.35,5
B,14991,Todd Berry,"2023-09-21",mobile,180.09,2
A,14994,Andrew Pennington,"2022-08-12",mobile,115.79,5
B,14995,Donald Jordan,"2025-09-24",mobile,60.48,2
A,14996,Shelby Ford,"2021-12-08",mobile,213.44,2
B,15001,Lisa Burke,"2024-03-28",mobile,57.45,4
B,15003,Daniel Mitchell,"2022-03-09",mobile,64.13,3
B,15011,Sherri Green,"2025-06-09",mobile,21.81,5
A,15018,Lucas Morgan,"2025-05-17",mobile,371.53,4
B,15019,Laura Cunningham,"2025-08-22",mobile,198.42,5
A,15020,William Davis,"2021-01-03",mobile,115.51,3
B,15021,Matthew Lee,"2025-02-13",mobile,82.58,2
B,15025,Johnny Edwards,"2021-11-14",mobile,69.64,5
A,15028,Paul Graham,"2025-04-06",mobile,165.97,3
A,15036,Connor Coffey,"2020-05-28",mobile,153.6,4
B,15037,Joshua Love,"2025-06-13",mobile,67.86,3
B,15039,Kathleen Vance,"2022-01-06",mobile,1020.9,2
B,15045,Jeffrey Jones,"2022-03-09",mobile,53.09,7
B,15047,John Smith,"2020-05-17",mobile,57.81,2
B,15053,James Rodriguez,"2022-08-27",mobile,12.37,5
A,15056,Yolanda Robertson,"2022-04-25",mobile,421.64,6
A,15058,Shelley York,"2025-08-19",mobile,196.18,6
A,15062,Brandi Fleming,"2023-05-22",mobile,37.85,3
B,15071,Joseph Kelley,"2022-02-07",mobile,16.49,2
A,15076,Amber Jones,"2022-05-27",mobile,10.97,4
B,15077,Richard Young,"2024-04-26",mobile,36.62,5
A,15078,Tammy Roberts,"2024-11-07",mobile,26.85,2
A,15090,Timothy Zimmerman,"2021-04-08",mobile,202.0,8
A,15098,Brian King,"2025-02-17",mobile,46.71,3
B,15099,Gina Wells,"2022-02-03",mobile,396.12,9
B,15101,Jose Lambert,"2020-03-12",mobile,90.31,2
A,15102,Mathew George,"2023-11-21",mobile,39.84,4
A,15104,Jessica Moore,"2021-01-27",mobile,256.52,4
A,15108,Peter Acosta,"2021-05-21",mobile,1409.51,6
B,15111,Clifford Ramirez,"2020-06-13",mobile,92.11,4
A,15112,Brett Lee,"2020-08-08",mobile,74.14,3
B,15117,Nancy Mckinney,"2021-09-24",mobile,115.16,5
B,15119,William Sanders,"2022-04-16",mobile,41.81,4
A,15120,Benjamin Luna,"2022-02-14",mobile,60.8,3
A,15122,James Greer,"2023-06-18",mobile,58.83,5
A,15124,Dustin Hamilton,"2024-10-08",mobile,202.44,4
B,15127,Jasmine Dean,"2023-02-28",mobile,28.08,4
A,15128,Samuel Bailey,"2020-02-21",mobile,342.2,2
B,15129,Stephanie Rubio,"2022-04-16",mobile,234.26,4
A,15130,Michael Pierce MD,"2020-06-16",mobile,474.21,6
A,15136,Kimberly Williams,"2023-02-05",mobile,300.32,6
B,15139,Kenneth Allen,"2020-03-14",mobile,175.16,5
A,15142,William Tyler,"2025-08-15",mobile,184.6,3
A,15144,Justin Weaver,"2020-09-01",mobile,16.97,7
B,15153,Willie Newton,"2024-10-29",mobile,94.43,6
A,15162,Kevin Green,"2025-09-23",mobile,127.29,6
A,15172,Pamela Lynch,"2025-01-02",mobile,225.14,5
B,15177,Adam Henry,"2024-03-13",mobile,242.69,4
A,15178,Ashley Reyes,"2021-04-30",mobile,57.33,2
B,15179,Deborah Orozco,"2025-10-30",mobile,101.06,3
A,15182,Mr. Jonathan Rice,"2022-12-01",mobile,29.93,5
A,15184,Jason Knapp,"2021-12-15",mobile,121.74,4
B,15185,Daniel Peters,"2023-07-08",mobile,181.95,4
A,15186,Thomas Ramos,"2024-06-29",mobile,109.48,6
B,15187,James Russo,"2024-10-03",mobile,234.62,4
B,15189,Stephanie Prince,"2022-10-26",mobile,331.45,7
B,15195,Phillip Clark,"2024-12-04",mobile,1132.71,4
A,15196,Scott Parker,"2025-06-15",mobile,333.69,3
A,15202,Wesley Alexander,"2021-11-30",mobile,60.58,5
B,15205,Elizabeth Rivera,"2023-11-24",mobile,397.1,5
B,15211,Michael Curry,"2022-05-24",mobile,51.19,3
B,15213,Erin Wolfe,"2024-06-19",mobile,234.1,7
A,15214,Jasmine Mclaughlin,"2024-09-25",mobile,1002.36,6
B,15215,Kelsey Neal,"2020-01-14",mobile,295.75,4
B,15219,Eric Phillips,"2022-07-03",mobile,145.78,7
A,15228,William Stanley,"2021-12-31",mobile,317.6,6
B,15231,Chelsea Lee,"2020-04-29",mobile,40.96,4
B,15233,Christina Bennett,"2020-01-09",mobile,161.6,6
A,15238,Alisha Cummings,"2021-07-17",mobile,60.64,5
B,15239,Jennifer Rivera,"2024-05-09",mobile,368.35,9
A,15240,Dawn Estrada,"2022-03-29",mobile,20.73,4
A,15242,Anna Kramer,"2021-03-19",mobile,125.53,2
B,15243,Jamie Jackson,"2024-12-10",mobile,129.51,4
A,15244,Mary Rose,"2023-02-24",mobile,36.85,3
B,15245,Rita Phillips,"2021-08-24",mobile,1189.56,4
A,15246,Sandra Holt,"2024-08-22",mobile,14.56,2
A,15252,Misty Brown,"2020-03-15",mobile,92.17,2
B,15253,Richard Ramirez,"2022-07-18",mobile,282.79,2
B,15255,Kristie Montes,"2023-08-28",mobile,280.94,3
B,15257,Alexandra Perez,"2020-02-24",mobile,286.82,2
A,15262,Lisa Ruiz,"2024-08-01",mobile,306.9,5
B,15267,Jeremy Garcia,"2022-05-11",mobile,420.63,3
B,15271,Tony Ramirez,"2021-03-24",mobile,78.33,5
A,15274,Jasmine Mitchell,"2025-06-04",mobile,91.98,2
A,15276,Reginald Johnson,"2020-09-20",mobile,53.92,3
B,15277,Lisa Newton,"2023-06-18",mobile,144.97,3
B,15281,Terry Ewing,"2023-05-14",mobile,280.04,4
B,15283,Edward Hendricks,"2024-04-13",mobile,403.75,4
B,15291,Jennifer Jones,"2021-11-12",mobile,371.99,5
A,15292,Jason Pitts,"2022-04-02",mobile,267.72,6
B,15293,Samantha Cooper,"2020-04-01",mobile,45.2,5
B,15297,Sarah Johnson,"2020-01-02",mobile,39.09,4
B,15299,Heather White,"2023-06-22",mobile,105.52,3
A,15300,Katherine Jimenez,"2022-12-27",mobile,514.16,5
B,15311,Daniel Wiley,"2025-05-08",mobile,247.37,2
B,15315,Kathryn Anderson,"2020-08-27",mobile,426.85,3
B,15317,John Johnson,"2025-09-13",mobile,68.89,3
A,15320,Dean Lynch,"2024-06-09",mobile,17.19,4
A,15322,David Nelson,"2023-09-17",mobile,15.01,4
B,15325,Sandra Conway,"2024-07-18",mobile,234.33,4
B,15333,Miguel Horn,"2024-02-04",mobile,39.84,3
A,15334,Deborah Dennis,"2024-05-30",mobile,406.96,2
B,15335,Jessica Conley,"2021-03-02",mobile,280.76,3
A,15336,Alexander Hunter,"2023-11-21",mobile,106.41,4
B,15337,Russell Johnson,"2024-10-20",mobile,73.75,3
B,15339,Ralph Foster,"2020-11-20",mobile,28.55,4
B,15341,Daniel Wallace,"2022-06-25",mobile,354.05,4
B,15347,Marissa Weiss,"2021-03-29",mobile,166.05,3
A,15352,Jeffery Lopez,"2023-09-28",mobile,92.16,4
B,15353,Heidi Wilson,"2023-11-04",mobile,168.79,3
A,15354,Lisa Roberts,"2020-01-16",mobile,40.27,2
A,15356,Janet Clark,"2022-04-23",mobile,63.4,4
B,15357,Lauren Hamilton,"2024-05-14",mobile,217.78,3
B,15361,Daniel Edwards,"2022-03-06",mobile,239.45,4
B,15365,Jennifer Lewis,"2025-06-21",mobile,71.48,4
B,15369,Robin Houston,"2022-11-26",mobile,31.48,2
B,15371,Christopher Dawson,"2025-06-07",mobile,65.48,3
B,15373,Allison Escobar,"2022-08-04",mobile,129.74,5
A,15374,Joyce Sherman,"2021-10-22",mobile,137.89,4
A,15376,Douglas Hudson,"2023-04-11",mobile,51.14,5
B,15377,Michael Taylor,"2020-11-16",mobile,121.34,4
A,15378,Amanda Davis,"2020-09-11",mobile,99.18,7
A,15384,Crystal Newton,"2025-09-21",mobile,177.84,3
B,15385,Sheryl Rodriguez,"2020-09-19",mobile,136.05,4
B,15391,Julie Harmon,"2025-01-23",mobile,29.96,2
B,15393,Misty Douglas,"2023-04-24",mobile,32.05,7
B,15399,Jeremy Robinson,"2024-05-29",mobile,13.8,3
A,15400,Ralph Green,"2022-04-09",mobile,61.64,5
A,15402,Nicholas James,"2025-04-17",mobile,251.72,2
B,15403,Holly Hunt,"2022-10-02",mobile,195.6,4
B,15405,Lisa Ramirez,"2023-04-12",mobile,57.52,4
B,15417,Kelly Nguyen,"2022-07-26",mobile,174.99,8
B,15423,Linda Ramos,"2021-09-15",mobile,492.49,6
B,15425,Miguel Kidd,"2020-12-15",mobile,88.47,8
B,15429,Randy Patrick,"2022-01-24",mobile,182.6,6
A,15430,Tiffany Whitaker,"2022-04-27",mobile,59.96,5
A,15436,Christopher Robinson Jr.,"2025-04-06",mobile,110.69,5
A,15440,Donald Brown,"2025-02-20",mobile,222.77,4
B,15441,Linda Flores,"2023-08-04",mobile,104.83,2
A,15446,Hailey Johnson,"2020-03-12",mobile,605.06,6
A,15448,Mark Dominguez PhD,"2025-01-07",mobile,13.8,4
B,15449,Thomas Thomas,"2024-06-10",mobile,243.73,9
A,15452,Casey Schmitt,"2022-03-21",mobile,311.56,4
A,15456,Whitney Richards MD,"2020-11-12",mobile,55.73,2
B,15459,Matthew Dennis,"2023-11-26",mobile,98.01,5
A,15460,Amy Perez,"2023-01-19",mobile,349.19,5
B,15461,Micheal Lambert,"2022-06-03",mobile,282.79,4
B,15465,David Townsend,"2022-09-23",mobile,29.99,2
A,15468,Rose Cunningham,"2022-06-07",mobile,252.01,4
B,15469,Melinda Santiago,"2021-01-19",mobile,79.8,3
A,15478,Patricia Sutton,"2022-03-17",mobile,295.29,5
A,15480,Nicole Nicholson,"2021-09-14",mobile,316.34,5
B,15481,Daniel Diaz,"2022-06-01",mobile,263.14,3
B,15483,Richard Koch,"2022-11-28",mobile,193.86,3
A,15484,Taylor Juarez,"2024-07-05",mobile,123.41,3
A,15490,Erica Wang,"2024-08-31",mobile,368.67,4
A,15492,Deborah Lopez,"2023-09-02",mobile,73.24,3
B,15493,Lori Adkins,"2020-10-22",mobile,870.81,3
A,15500,Erin Jackson,"2023-04-15",mobile,32.13,3
A,15502,Patrick Anderson,"2021-10-17",mobile,370.87,7
B,15505,Cynthia Kennedy,"2022-06-16",mobile,561.51,3
A,15508,Nicholas Perry,"2020-08-29",mobile,387.1,5
B,15511,Mike Crawford,"2023-07-24",mobile,173.21,4
B,15513,Travis Graves,"2024-10-07",mobile,47.18,3
B,15517,Anna Whitaker,"2020-06-12",mobile,1017.8,2
B,15523,Shane Morris,"2022-05-24",mobile,219.76,8
B,15531,Christopher Black,"2024-04-07",mobile,43.18,3
A,15538,Meagan Smith,"2025-05-08",mobile,576.1,4
B,15539,Mr. Michael Long,"2023-05-29",mobile,22.41,2
A,15540,Casey Zimmerman,"2025-01-20",mobile,210.73,4
A,15544,Ronald James,"2023-05-23",mobile,81.14,4
B,15545,Monique Dean,"2023-03-03",mobile,75.71,5
B,15547,Kelly Combs,"2025-04-18",mobile,344.04,5
A,15548,Amanda Brock,"2020-03-10",mobile,81.32,2
B,15551,Matthew Parker,"2023-04-24",mobile,60.55,2
A,15554,James Michael,"2023-08-06",mobile,32.18,3
A,15556,Bobby Craig,"2023-08-17",mobile,31.31,2
A,15558,Sean Hodges,"2025-05-10",mobile,81.4,6
A,15562,Kaylee Bailey,"2021-10-28",mobile,541.31,2
B,15563,Lisa Davila,"2022-12-30",mobile,42.24,2
A,15572,David Smith,"2020-02-07",mobile,296.41,3
A,15574,Michael Garrett,"2025-07-01",mobile,103.88,2
A,15580,Anthony Johnson,"2024-07-02",mobile,185.98,6
A,15582,Lori Johnson,"2023-02-23",mobile,260.54,2
B,15597,Kristen Wagner,"2023-02-07",mobile,854.59,7
A,15598,James Chung,"2022-10-22",mobile,188.73,4
B,15601,Kelsey Cook,"2024-03-14",mobile,155.55,2
A,15608,David Garcia,"2022-06-23",mobile,136.75,2
B,15609,Donald Goodwin,"2021-03-09",mobile,19.56,2
A,15612,Laura Day,"2020-08-07",mobile,280.91,4
B,15613,Teresa Henry,"2025-10-01",mobile,365.02,3
B,15619,Lindsay Orozco,"2020-04-04",mobile,45.19,4
A,15620,Crystal Molina,"2024-07-23",mobile,151.44,4
B,15625,Victoria Mcclain,"2021-12-18",mobile,27.68,2
B,15627,Adam Lopez,"2021-02-08",mobile,36.06,4
B,15631,Bonnie Shaffer,"2020-03-31",mobile,182.98,5
B,15633,Alyssa Smith,"2024-04-09",mobile,41.56,6
B,15635,Ricardo Sanchez,"2025-07-09",mobile,142.24,2
A,15638,Stacy Gonzalez,"2024-12-26",mobile,399.05,4
B,15641,Lauren Garcia,"2024-10-12",mobile,46.61,2
A,15646,Amber Stewart,"2023-02-05",mobile,34.34,3
B,15647,Christina Diaz,"2022-07-17",mobile,427.98,4
A,15650,Nathan Sandoval,"2020-03-24",mobile,150.99,3
B,15659,Jeremy Shaw,"2024-11-08",mobile,448.49,2
A,15662,Gary Hodges,"2024-02-17",mobile,99.12,3
B,15663,Tina Walls,"2025-02-15",mobile,324.61,4
A,15664,Deborah Evans,"2024-12-13",mobile,306.51,5
B,15665,Timothy Shaffer,"2022-06-19",mobile,376.75,5
A,15666,Corey Jones,"2025-05-01",mobile,357.17,3
B,15667,Karen Thomas,"2020-03-13",mobile,57.56,5
B,15671,Mr. Mark Vargas DDS,"2022-11-16",mobile,35.49,5
B,15673,Vincent Fitzgerald,"2024-03-23",mobile,233.63,4
B,15675,Pamela Todd,"2024-04-13",mobile,100.37,4
B,15677,Shari Lynch,"2024-02-02",mobile,995.27,3
B,15681,Collin Ortega,"2024-10-23",mobile,29.05,5
A,15682,Daniel Burch,"2020-09-30",mobile,321.63,2
A,15690,David Hall,"2021-02-09",mobile,361.7,3
B,15691,Charles Frederick,"2020-04-14",mobile,92.87,4
A,15692,Manuel Brown,"2021-02-25",mobile,230.68,4
A,15694,Glenn Mclean,"2023-05-26",mobile,129.85,7
A,15698,Jason Wade,"2024-04-04",mobile,33.6,3
B,15701,Gary Grant Jr.,"2023-06-01",mobile,375.91,3
B,15703,Justin Duncan,"2020-03-08",mobile,457.91,4
B,15707,Jeffrey Thomas,"2025-07-25",mobile,220.79,6
A,15714,Brian Taylor,"2023-09-28",mobile,28.12,6
A,15716,Anthony Green,"2022-03-02",mobile,74.36,8
A,15718,Anthony Burns,"2020-04-25",mobile,229.33,9
B,15719,Clayton Brown,"2021-09-02",mobile,22.8,5
A,15720,Jessica Powell,"2020-10-02",mobile,100.88,2
B,15721,Yesenia Schneider,"2025-07-09",mobile,228.15,8
A,15722,Glenn Santos,"2025-08-01",mobile,52.66,3
B,15723,Christopher Prince,"2021-01-06",mobile,226.32,4
A,15724,Kayla Ward,"2025-07-02",mobile,211.39,5
A,15728,Steven Mckinney,"2025-07-27",mobile,84.83,5
B,15733,Hannah Smith,"2020-03-02",mobile,441.69,2
B,15735,David Santiago,"2021-08-08",mobile,106.99,2
B,15741,Mary Smith,"2025-01-29",mobile,258.44,6
A,15744,Laurie Stephens,"2025-09-13",mobile,263.67,6
A,15746,Joseph Potter,"2024-10-26",mobile,296.66,5
A,15750,Evan Williams,"2023-05-04",mobile,547.34,4
A,15754,Mathew Barajas,"2022-12-04",mobile,185.96,4
B,15755,Stephanie Medina,"2022-12-22",mobile,95.62,3
A,15756,Laurie Snyder,"2024-10-21",mobile,713.77,8
A,15762,April Jenkins,"2021-01-26",mobile,315.76,3
A,15764,Christian Riggs,"2024-08-12",mobile,14.61,6
B,15771,Allison Harris,"2022-06-17",mobile,49.92,5
B,15775,Jonathan Walker,"2023-06-13",mobile,107.0,6
A,15776,Morgan Vega,"2023-04-05",mobile,336.3,2
A,15780,Cheryl Branch,"2023-10-24",mobile,72.29,7
B,15781,Mr. Colin Sharp,"2025-04-02",mobile,77.31,5
B,15783,Steven Munoz,"2024-09-13",mobile,49.97,2
B,15785,Steven Black,"2022-09-10",mobile,111.14,2
A,15794,David Randall,"2020-05-17",mobile,98.12,3
B,15797,Mark Yoder,"2024-11-11",mobile,210.04,4
B,15799,Michael Weber,"2024-08-30",mobile,193.01,6
A,15800,Whitney Andrews,"2021-05-23",mobile,132.43,3
A,15806,Mary Fields,"2023-05-17",mobile,353.38,4
B,15809,Robert Coleman,"2022-07-22",mobile,220.81,6
B,15813,Heather Russell,"2020-06-12",mobile,11.72,3
B,15817,John Price,"2024-08-25",mobile,104.4,3
A,15818,Amanda Davis,"2022-03-28",mobile,132.27,2
B,15821,Russell Flores,"2025-07-01",mobile,14.07,2
A,15824,Richard Martin,"2020-03-10",mobile,45.78,2
A,15830,Angela Baird,"2020-03-31",mobile,294.01,2
B,15833,Jessica Hamilton,"2021-02-04",mobile,951.09,4
A,15834,John Hale,"2022-08-12",mobile,60.74,3
B,15835,Rebecca Garcia,"2025-04-27",mobile,254.9,2
A,15838,Cassandra Mills,"2023-12-19",mobile,21.6,7
B,15841,William Johnson,"2024-08-09",mobile,30.26,3
A,15842,Rhonda Estes,"2024-07-05",mobile,176.12,6
B,15845,Brandy Flynn,"2024-09-20",mobile,546.78,4
A,15846,Michael Obrien,"2021-07-12",mobile,71.52,5
B,15847,Howard Craig,"2023-04-05",mobile,121.16,3
B,15849,Anthony Taylor,"2025-01-31",mobile,185.13,5
A,15850,Jordan Rivera,"2023-03-27",mobile,47.12,2
B,15857,Mr. Kenneth Johnson,"2022-10-30",mobile,58.26,5
A,15858,Anna Hopkins,"2020-10-02",mobile,1852.26,5
B,15859,Andrew Palmer,"2022-07-05",mobile,35.6,5
A,15862,John Hall,"2025-09-23",mobile,113.43,4
B,15863,John Valdez,"2024-03-13",mobile,223.87,3
A,15866,Laura Matthews,"2023-10-30",mobile,98.06,3
B,15873,Jerry Alexander,"2022-12-25",mobile,109.31,3
A,15878,Jose Wilcox,"2025-02-28",mobile,113.34,3
A,15880,Daisy Hamilton,"2023-04-22",mobile,276.32,5
A,15886,Yolanda Wolfe,"2022-12-11",mobile,57.68,2
B,15891,Michael Miller,"2025-02-03",mobile,157.13,3
A,15896,Rebecca Russell,"2023-09-20",mobile,345.03,2
A,15898,Charles Coleman,"2022-09-07",mobile,706.38,7
B,15899,David Cantu,"2023-07-02",mobile,177.45,4
A,15900,Monique Martinez,"2022-01-04",mobile,23.31,3
A,15908,Karen Davenport,"2025-01-02",mobile,97.49,3
A,15912,Samantha Myers,"2020-07-17",mobile,400.92,6
A,15918,Shelley Carpenter,"2021-07-08",mobile,153.52,4
B,15921,Donald Mckinney,"2023-04-07",mobile,614.12,7
A,15922,David Molina,"2020-02-17",mobile,349.98,4
B,15927,David Holland,"2021-01-15",mobile,136.31,7
B,15929,Laura Sims,"2020-12-06",mobile,207.65,5
B,15931,Jared Hampton,"2025-08-24",mobile,16.46,2
A,15934,Julie Lewis,"2021-03-02",mobile,105.34,3
A,15936,Caleb King,"2021-01-13",mobile,91.6,6
A,15940,Anita Williams,"2022-07-17",mobile,396.1,6
B,15941,Mark Bailey,"2025-03-19",mobile,569.64,5
A,15944,David Hoffman,"2020-11-28",mobile,295.23,6
A,15946,Jeremy Moore,"2020-01-24",mobile,26.73,2
B,15951,Mrs. Brittney Luna MD,"2023-04-09",mobile,804.27,3
B,15953,Anthony Gonzalez,"2024-02-20",mobile,335.79,5
B,15955,Taylor Solis MD,"2020-11-03",mobile,25.38,3
B,15961,Lisa Miller,"2022-08-16",mobile,169.0,4
B,15963,Vincent Banks,"2023-09-25",mobile,159.07,2
B,15973,Paula Mason,"2023-10-12",mobile,120.09,8
A,15974,Ashley Tate,"2020-02-27",mobile,307.87,2
B,15975,Douglas Kelly,"2020-12-05",mobile,52.13,6
B,15981,Shannon Harrison,"2021-05-26",mobile,392.5,2
A,15982,Darryl Pratt,"2025-01-05",mobile,46.4,3
B,15983,Frank Russo,"2024-02-08",mobile,109.71,3
A,15984,Jason Mason,"2024-02-09",mobile,60.51,3
A,15986,Brenda Jones,"2020-09-24",mobile,269.15,5
A,15990,Leah Tanner,"2021-08-19",mobile,141.49,2
A,15992,Jimmy James,"2021-08-27",mobile,147.29,3
A,15998,Sherry Nguyen,"2024-12-06",mobile,155.88,3
B,16005,Sonya Turner,"2021-02-20",mobile,133.07,5
A,16012,Diana Jackson,"2024-06-18",mobile,153.83,3
A,16014,Linda Rodriguez,"2021-03-20",mobile,85.28,2
A,16020,Christopher Wells,"2022-04-02",mobile,81.79,3
B,16021,Stephen Padilla,"2023-09-20",mobile,135.48,2
A,16024,Kimberly Peters,"2025-05-08",mobile,302.3,6
B,16029,Nathan Velasquez,"2020-07-15",mobile,357.91,4
B,16033,Anthony Jones,"2021-09-16",mobile,176.45,2
B,16035,John Jones,"2020-02-04",mobile,98.47,10
B,16039,Abigail Weaver,"2024-04-22",mobile,94.14,6
A,16042,Bryan Bond,"2022-06-18",mobile,34.74,2
B,16043,Charles Lewis,"2024-02-19",mobile,222.78,4
A,16046,Mary Fox,"2025-01-04",mobile,602.48,5
B,16047,Kenneth Carroll,"2023-12-13",mobile,1033.15,4
B,16049,Timothy Hart,"2022-01-26",mobile,302.44,7
A,16070,Katherine Chapman,"2020-03-05",mobile,184.2,3
A,16074,Dana Baxter,"2021-10-26",mobile,89.43,3
B,16075,Robert Vasquez,"2023-07-12",mobile,75.24,7
B,16077,Lorraine Jordan,"2022-08-31",mobile,65.11,6
A,16078,Robert Lucas,"2024-04-15",mobile,158.89,2
B,16079,Tyrone Blake,"2020-07-04",mobile,118.86,4
B,16081,Erica Reilly,"2022-04-04",mobile,387.53,4
A,16084,Tonya James,"2020-07-07",mobile,25.25,4
B,16085,Amy Moody DDS,"2023-10-30",mobile,193.22,2
B,16087,Phillip Stein,"2024-09-21",mobile,387.15,2
A,16088,Jaime Thompson,"2024-07-09",mobile,317.12,2
B,16089,Daniel Butler,"2022-08-16",mobile,198.15,4
B,16093,Shelby Robinson,"2022-11-14",mobile,29.12,5
B,16095,Sergio Odom,"2024-12-21",mobile,372.35,7
B,16097,Jose Shaw,"2023-01-05",mobile,185.21,4
A,16098,Stacy Johnson,"2023-03-19",mobile,189.86,4
B,16099,Derek Miller,"2020-04-26",mobile,101.48,5
B,16101,Jeremy Merritt,"2021-08-28",mobile,43.24,2
A,16102,Heather Pruitt,"2020-11-30",mobile,255.43,5
B,16107,Sara Thompson,"2022-02-02",mobile,157.44,4
A,16108,Richard Grimes,"2022-06-24",mobile,254.48,7
B,16109,Cynthia Williams,"2021-04-07",mobile,377.01,7
A,16114,Julie Flores,"2022-04-01",mobile,323.1,6
B,16117,Catherine Thomas,"2023-09-25",mobile,470.32,3
A,16118,Ryan Robinson,"2023-11-25",mobile,168.36,2
B,16119,Nancy Roach,"2025-01-06",mobile,167.84,2
B,16129,Christopher Hart,"2022-12-20",mobile,399.42,2
B,16137,Carlos Clark,"2025-03-11",mobile,156.62,5
A,16138,Stephen Harrington,"2022-05-13",mobile,214.45,4
A,16140,Richard Brooks,"2023-08-08",mobile,100.93,5
A,16142,Stephanie Flores,"2021-12-17",mobile,328.21,7
A,16146,Brandon Mcdaniel,"2024-06-15",mobile,169.07,3
A,16150,Debra Coleman,"2023-05-27",mobile,351.22,6
B,16155,Amy Robinson,"2023-05-08",mobile,10.25,5
B,16159,Steve Thompson,"2023-05-09",mobile,432.77,6
B,16165,Darin Newman,"2022-02-04",mobile,176.65,6
A,16168,Chad Rodgers,"2024-03-14",mobile,36.25,4
A,16170,Jon Davis,"2024-06-21",mobile,125.66,3
B,16171,Amanda Molina,"2024-02-04",mobile,289.52,2
A,16178,Kristy Chambers,"2020-06-10",mobile,61.13,3
A,16184,Laura Green,"2023-04-04",mobile,99.52,2
B,16189,Ralph Weaver,"2023-12-14",mobile,156.3,3
B,16205,Kimberly Young,"2022-02-28",mobile,76.45,5
A,16206,Sandra Hernandez,"2024-12-05",mobile,181.8,3
B,16209,Michelle Schaefer,"2024-05-09",mobile,152.2,2
B,16221,Lauren Smith,"2023-11-08",mobile,144.16,7
A,16230,Thomas Thomas,"2020-11-13",mobile,418.25,5
A,16236,Trevor Barnes,"2024-10-04",mobile,65.91,2
B,16237,Dr. Tyler Garrett,"2025-06-26",mobile,62.14,4
A,16238,Shane Stone,"2024-08-21",mobile,122.25,3
B,16239,David Mcgee,"2023-11-24",mobile,285.55,4
A,16242,Timothy Henry,"2024-11-09",mobile,326.5,4
B,16245,Misty Barnes,"2024-10-16",mobile,172.69,7
B,16253,Cynthia Young,"2025-08-24",mobile,218.79,4
A,16260,Nicholas Baker,"2025-10-31",mobile,318.58,6
A,16264,Garrett Martinez,"2024-01-19",mobile,154.19,4
A,16266,Brittney Gonzalez,"2025-07-01",mobile,74.16,5
A,16270,Michelle Thompson,"2021-08-26",mobile,119.89,4
B,16273,Mitchell Moore,"2020-10-30",mobile,42.91,2
A,16278,Timothy Stein,"2024-01-23",mobile,331.24,4
B,16279,Leon Lawrence,"2020-03-12",mobile,23.43,2
A,16282,Brittney Roth,"2025-03-14",mobile,167.29,7
A,16288,Jenna Durham,"2020-03-27",mobile,241.56,4
A,16292,Tiffany Riley,"2025-10-27",mobile,79.16,4
B,16297,Susan Clark,"2024-03-16",mobile,44.06,2
A,16302,Theresa Miller,"2023-01-23",mobile,17.42,6
A,16304,Andrew Mann,"2022-10-16",mobile,41.24,6
A,16306,Michelle Skinner,"2020-06-07",mobile,49.52,4
B,16309,Anna Chavez,"2021-03-31",mobile,72.75,4
B,16311,Amy Wall,"2023-03-14",mobile,159.1,3
A,16320,Mrs. Roberta Gutierrez,"2025-02-22",mobile,16.73,7
A,16324,Rachel Reed,"2022-11-21",mobile,54.65,7
A,16326,Michael Barnes,"2023-08-04",mobile,260.98,3
B,16329,Robin Clements,"2023-10-05",mobile,150.06,3
B,16331,Andrea Hawkins,"2021-02-18",mobile,40.09,4
A,16332,Felicia Willis,"2020-08-09",mobile,127.52,2
B,16333,Kaitlin Goodman,"2024-12-21",mobile,93.66,3
A,16334,Mark Roy,"2024-12-02",mobile,126.95,5
B,16335,Jenny Ward,"2021-11-17",mobile,689.14,5
B,16339,Lisa Velez,"2023-07-11",mobile,225.88,3
A,16340,Yolanda Ward,"2020-11-10",mobile,12.05,5
B,16341,Jason Randall,"2023-10-06",mobile,390.6,5
A,16348,Brian Anderson,"2023-09-11",mobile,265.98,2
B,16349,Andrew Brown,"2022-02-21",mobile,127.04,2
A,16350,Natasha Martinez,"2021-08-25",mobile,108.78,5
B,16351,Alexis Baker,"2022-06-02",mobile,251.73,3
B,16353,Shawn Brown,"2021-04-07",mobile,334.43,4
A,16354,Molly Mcclain,"2023-07-12",mobile,140.0,6
B,16361,David Castillo,"2023-07-23",mobile,13.67,4
B,16363,Johnny Hall,"2022-01-18",mobile,100.3,7
A,16370,Joshua Miller,"2025-06-12",mobile,482.25,2
B,16375,Courtney Rivera,"2023-11-17",mobile,27.79,4
B,16377,Danny Strickland,"2025-03-27",mobile,317.07,8
B,16383,Aaron Wright,"2021-03-31",mobile,94.44,5
B,16387,Gabriel Cox,"2023-09-05",mobile,102.98,3
A,16390,Joyce Khan,"2020-05-08",mobile,83.86,3
A,16396,Jamie Allen,"2024-03-06",mobile,236.96,4
B,16397,Jason Palmer,"2022-11-02",mobile,59.05,8
B,16399,Alexis Rodriguez,"2025-01-01",mobile,107.27,4
B,16401,Rachel Russell,"2023-05-29",mobile,633.45,4
B,16407,Kimberly Donovan,"2024-06-08",mobile,81.51,4
B,16409,Heather Campbell,"2023-05-15",mobile,64.51,4
B,16415,Justin Oconnor,"2022-07-31",mobile,56.86,3
B,16423,Kenneth Williams,"2021-01-24",mobile,127.42,3
B,16435,Yolanda Mitchell,"2024-06-25",mobile,200.02,3
A,16438,Caleb Gay,"2024-09-22",mobile,221.92,4
A,16440,Brandon Lopez,"2025-09-26",mobile,44.65,4
B,16447,Christine Scott,"2025-01-24",mobile,42.57,2
A,16448,Patrick Cunningham,"2025-06-30",mobile,769.75,5
B,16451,Traci Reynolds,"2025-03-05",mobile,160.28,2
A,16454,Kelly Smith DDS,"2022-11-13",mobile,264.58,4
A,16456,Rebecca Moss,"2020-05-17",mobile,143.0,3
B,16459,Crystal Bailey,"2023-02-26",mobile,467.67,3
A,16460,Jacob Hill,"2022-06-09",mobile,116.86,6
A,16472,Mary Ward DVM,"2020-01-01",mobile,34.13,2
B,16475,Ryan Potter,"2023-08-04",mobile,67.98,3
A,16476,Dr. Kevin Boyd,"2022-12-25",mobile,18.03,3
B,16481,Kristen Mills,"2021-04-24",mobile,209.66,6
B,16483,Diamond Howard,"2024-01-11",mobile,113.45,4
A,16484,Christopher Williams,"2024-10-12",mobile,106.08,2
B,16485,David Clayton,"2020-02-10",mobile,184.41,6
A,16498,Dana Williams,"2023-10-24",mobile,93.83,6
B,16499,Alejandra Ramsey,"2024-04-05",mobile,329.29,7
B,16501,Luke Becker,"2020-11-03",mobile,406.37,4
A,16502,Brian Thomas,"2024-11-22",mobile,15.01,4
B,16503,Ryan Gonzalez,"2024-03-02",mobile,96.91,5
A,16504,Annette Solomon,"2025-03-22",mobile,142.44,2
B,16505,Christina Werner,"2024-11-28",mobile,752.46,3
A,16510,George Bailey,"2020-06-06",mobile,96.3,2
A,16516,Brandon Rojas,"2024-01-02",mobile,96.55,6
A,16520,Melissa Smith,"2021-02-14",mobile,262.3,4
A,16522,Richard Dawson,"2024-05-26",mobile,599.04,4
A,16524,Dr. Marcus Larson,"2023-04-26",mobile,642.78,3
B,16525,David Patel,"2023-08-10",mobile,223.05,3
A,16526,Jessica Walker,"2021-07-17",mobile,50.62,3
A,16532,Jeremy Hernandez,"2023-08-14",mobile,329.01,5
B,16535,Edwin Dean,"2024-11-30",mobile,16.04,3
B,16539,Krystal Rodgers,"2020-12-30",mobile,139.19,3
A,16540,Jason Shannon,"2020-05-02",mobile,16.32,3
A,16542,Kevin Hull,"2022-12-14",mobile,109.44,4
A,16546,Alex White,"2023-07-20",mobile,35.56,6
B,16547,Jasmine Clark,"2021-07-01",mobile,101.12,3
A,16552,Christian Willis,"2024-04-12",mobile,35.12,2
B,16553,James Hampton,"2025-02-07",mobile,747.36,4
B,16555,Scott Hall,"2025-07-04",mobile,121.52,3
A,16558,Lisa Hoffman,"2022-07-21",mobile,688.38,7
A,16560,Michael Solis,"2023-03-29",mobile,631.47,4
B,16563,Scott Sullivan,"2021-03-28",mobile,116.69,2
B,16567,Kelly Salas,"2021-11-17",mobile,44.09,5
B,16571,Robert Arnold,"2021-04-14",mobile,69.53,2
A,16572,Steven Miller,"2025-01-18",mobile,239.26,5
A,16574,Sarah Flynn,"2024-05-06",mobile,19.76,2
B,16583,Sophia Juarez,"2023-07-10",mobile,270.55,5
B,16585,Robert Reed,"2023-07-02",mobile,112.0,3
A,16598,Wayne Anderson,"2025-02-07",mobile,61.65,5
A,16602,Lisa Orr,"2020-06-20",mobile,36.13,3
B,16605,Mrs. Melissa Joseph,"2025-08-11",mobile,249.53,5
A,16608,Jennifer Casey,"2022-10-23",mobile,290.27,5
A,16610,Jennifer Adkins,"2020-06-10",mobile,33.97,5
A,16614,Vincent Carey,"2022-12-01",mobile,137.38,6
A,16616,Emily Hart,"2025-10-15",mobile,108.78,2
A,16618,Sherry Nunez,"2021-11-29",mobile,153.44,3
B,16623,Stephanie Barnett,"2023-09-18",mobile,41.35,5
B,16627,Kelsey Hancock,"2022-09-05",mobile,138.63,5
B,16631,Joshua Fitzpatrick,"2020-05-08",mobile,47.65,2
A,16632,Chad Floyd,"2021-11-11",mobile,656.59,5
A,16640,Ryan Howard,"2020-10-24",mobile,52.87,2
A,16642,Christopher Martinez,"2021-11-28",mobile,200.84,6
B,16645,Frank Solomon,"2021-11-26",mobile,17.58,2
B,16651,Karen Rogers,"2023-10-03",mobile,115.18,7
B,16653,Veronica Rice,"2020-04-02",mobile,170.12,2
A,16654,James Pearson,"2020-01-09",mobile,73.63,4
A,16656,Taylor Gonzales,"2024-08-04",mobile,76.08,4
A,16658,Samantha Diaz,"2020-11-13",mobile,426.37,3
A,16664,Timothy Moreno,"2025-02-23",mobile,37.66,3
B,16665,Paul Farrell,"2023-10-06",mobile,61.11,4
A,16668,Shane Leonard,"2024-12-10",mobile,192.99,3
B,16675,Spencer Smith,"2021-11-24",mobile,302.13,3
B,16679,James Byrd,"2024-06-13",mobile,422.66,2
B,16681,Robin Martinez,"2021-07-09",mobile,48.5,3
B,16685,Paul Oneill,"2022-09-20",mobile,285.65,6
A,16686,Elizabeth Cook,"2021-10-23",mobile,53.43,6
B,16687,Tiffany Watson,"2021-12-30",mobile,31.38,5
B,16691,Victoria Benjamin,"2021-04-22",mobile,173.0,4
B,16693,Jonathan Stevens,"2021-05-10",mobile,116.39,5
A,16694,Andrew Wells,"2024-06-05",mobile,249.86,6
B,16699,Laura Davenport,"2024-08-21",mobile,390.25,4
B,16703,Veronica Alexander,"2022-10-11",mobile,34.18,3
B,16709,Bethany Hudson,"2023-06-14",mobile,155.91,3
A,16712,Crystal Williams,"2021-03-30",mobile,170.34,4
A,16718,Brian Miller,"2021-10-30",mobile,403.12,7
B,16719,Jeff Lynch,"2024-01-19",mobile,182.25,3
B,16721,Mr. David Mejia,"2020-09-25",mobile,224.36,4
A,16722,Laura Mack,"2023-04-20",mobile,19.5,5
A,16724,Jason Gonzalez,"2023-07-07",mobile,135.56,10
B,16727,Sean Mann,"2024-05-03",mobile,66.22,4
A,16728,Abigail White,"2022-07-02",mobile,101.63,2
A,16730,Jeffrey Wagner IV,"2022-06-30",mobile,66.06,5
B,16735,Kristin Robertson,"2022-05-30",mobile,198.15,2
A,16736,John Lopez,"2023-05-11",mobile,33.06,5
B,16737,Lisa Thompson,"2023-11-08",mobile,325.07,5
A,16748,Chelsea Blankenship,"2022-03-23",mobile,301.69,4
B,16749,Danielle Brown,"2023-02-05",mobile,303.88,8
A,16754,Andrea Cline,"2022-04-09",mobile,239.33,4
B,16755,Amy Martin,"2024-10-27",mobile,376.88,5
B,16757,Bethany Sullivan,"2023-07-05",mobile,39.6,3
B,16759,Elizabeth Maxwell,"2021-11-29",mobile,78.42,4
B,16763,Chris Diaz,"2025-02-05",mobile,226.53,5
A,16768,Cassie Trujillo,"2022-03-19",mobile,121.75,4
A,16772,Amy Bailey,"2022-10-24",mobile,679.19,2
B,16773,Robert Stout,"2020-04-29",mobile,356.86,5
B,16777,Emily Reeves,"2023-05-27",mobile,395.67,6
A,16778,Amanda Smith,"2023-03-23",mobile,100.19,3
B,16779,Bradley Davis,"2025-05-21",mobile,124.97,2
B,16783,Gregory Bryan,"2024-04-30",mobile,10.91,6
A,16786,Sophia Riley,"2020-04-11",mobile,72.46,7
B,16793,Craig Mills,"2022-07-24",mobile,104.72,3
A,16796,Christina Bishop,"2022-02-02",mobile,205.81,3
B,16797,Robert Mcintyre,"2021-07-06",mobile,814.19,5
A,16798,Brian Mosley PhD,"2020-07-13",mobile,82.43,3
B,16801,Joseph Hicks,"2022-05-25",mobile,208.24,4
A,16802,Kimberly Bailey,"2023-05-04",mobile,286.57,5
A,16804,Adam Butler,"2022-03-03",mobile,80.17,4
B,16805,Elizabeth Wood,"2024-08-26",mobile,43.53,3
A,16806,Kristen Krueger,"2020-05-08",mobile,480.35,8
B,16809,Kimberly Knapp,"2024-04-10",mobile,478.76,5
A,16818,Ronald Gross,"2021-08-08",mobile,165.75,5
A,16820,Eric Compton,"2021-04-07",mobile,92.7,5
A,16832,Sandy Flores,"2024-03-30",mobile,30.17,3
B,16837,Robert Miller,"2024-09-11",mobile,317.93,2
B,16843,Adam Jenkins,"2023-09-05",mobile,371.87,6
A,16846,Krystal Vazquez,"2022-09-15",mobile,346.51,3
A,16848,Alejandro Moyer,"2024-05-15",mobile,196.03,5
A,16850,Grace Wells,"2021-10-08",mobile,39.88,3
B,16853,Laura Cohen,"2021-10-04",mobile,125.5,4
B,16855,Mr. John Berger,"2023-02-08",mobile,510.32,5
A,16856,Daniel Leonard,"2022-01-15",mobile,55.88,3
A,16860,Ashley Wade,"2025-08-01",mobile,84.54,3
B,16861,Brian Barker,"2021-04-11",mobile,69.69,4
B,16863,Jonathan Smith,"2024-08-12",mobile,624.7,3
A,16866,Jacqueline Roberts,"2020-04-16",mobile,192.77,6
B,16867,Denise Trevino,"2023-10-29",mobile,236.19,2
A,16872,Tracy Marquez,"2025-02-12",mobile,49.5,3
B,16875,Kristen Williams,"2022-11-08",mobile,131.57,2
B,16877,Perry Williams,"2025-06-11",mobile,544.18,9
B,16883,Micheal Everett,"2021-10-09",mobile,144.47,6
A,16888,Jessica Sweeney,"2024-06-07",mobile,12.02,3
A,16892,Oscar Thomas,"2021-05-03",mobile,137.61,3
B,16893,Jessica Brown,"2024-01-13",mobile,240.84,5
A,16896,Nicole Benson,"2025-03-31",mobile,251.1,2
B,16897,Matthew Harper,"2020-01-21",mobile,264.99,3
B,16899,Carol Taylor,"2020-01-25",mobile,308.44,6
B,16905,Todd Chang,"2022-03-19",mobile,506.29,7
B,16907,Joshua Olson,"2023-04-24",mobile,139.61,4
A,16908,Deborah Price,"2021-12-30",mobile,15.24,2
A,16910,Ronald Williams,"2024-12-02",mobile,156.62,3
A,16912,Emily Gardner,"2020-11-20",mobile,268.26,9
B,16913,Bill Olsen,"2022-09-27",mobile,430.77,7
B,16919,Christopher Gomez,"2020-08-11",mobile,161.78,7
A,16920,Diane Huang,"2022-12-03",mobile,77.31,6
B,16925,Thomas Robles,"2022-01-16",mobile,171.62,5
A,16926,Robert Donovan II,"2024-07-27",mobile,29.68,4
A,16930,Joshua Francis,"2022-06-25",mobile,26.29,5
B,16931,Adrian Gomez,"2025-01-29",mobile,240.1,2
A,16932,Wendy Ferguson,"2022-09-26",mobile,191.09,7
B,16935,Benjamin Hicks,"2020-03-24",mobile,162.71,4
B,16937,Nathan Ashley,"2025-09-14",mobile,95.33,3
A,16940,Courtney Gonzalez,"2021-12-25",mobile,436.67,7
A,16942,Tony White,"2023-11-01",mobile,215.12,2
B,16945,Angela Smith,"2024-12-21",mobile,115.2,3
A,16948,Steven Welch,"2024-03-19",mobile,110.36,4
A,16950,Chad Tran,"2023-04-19",mobile,159.2,6
B,16951,Gina Meyers,"2021-08-16",mobile,332.96,8
A,16952,Charles Calhoun,"2021-03-15",mobile,96.53,4
B,16959,Madeline Jones,"2020-10-20",mobile,293.44,3
A,16962,Paula Lee,"2021-07-11",mobile,541.0,2
B,16963,Charles Jackson,"2025-03-09",mobile,100.74,2
B,16965,Kimberly Rocha,"2024-02-11",mobile,51.57,7
B,16971,Patricia Banks,"2025-01-05",mobile,174.31,3
B,16973,Alexander Norton,"2023-05-23",mobile,242.02,2
A,16980,Ashley Leach,"2023-03-16",mobile,67.23,2
A,16982,Curtis Hunter,"2024-11-05",mobile,45.0,6
B,16989,Dana Olson,"2021-05-25",mobile,206.04,5
A,16990,Steven Anderson,"2023-02-24",mobile,59.33,3
B,16991,Alexander Hernandez,"2021-07-14",mobile,223.55,2
A,16994,Tyrone Montoya,"2023-05-29",mobile,490.83,4
B,16995,Corey Gaines DVM,"2023-01-21",mobile,128.45,3
A,16998,Aaron Wong,"2021-05-19",mobile,258.37,2
B,17001,Janet Martin,"2020-02-08",mobile,160.52,4
A,17008,Darrell Greer,"2024-06-02",mobile,545.88,8
A,17010,Jacob Campbell,"2023-03-13",mobile,250.17,4
A,17012,Harry Simon,"2024-12-16",mobile,17.47,3
B,17015,Crystal Chung,"2021-02-27",mobile,251.96,4
A,17016,Todd Dixon,"2020-09-26",mobile,2036.38,5
A,17024,Jessica Harris,"2021-06-15",mobile,227.17,3
A,17030,Paul Underwood,"2020-05-22",mobile,112.38,6
B,17033,Melissa Miller,"2024-07-16",mobile,215.78,3
A,17034,Matthew Garcia,"2025-01-16",mobile,146.89,2
A,17036,Michael Hill,"2021-08-22",mobile,18.59,3
A,17040,Cody Perez,"2025-05-14",mobile,532.85,5
A,17042,Michael Key,"2020-10-13",mobile,1137.89,8
B,17045,Brad Jones,"2022-04-22",mobile,430.71,7
B,17049,Maria Smith,"2020-06-11",mobile,18.19,2
A,17050,Douglas Allen,"2022-01-10",mobile,204.79,2
A,17052,Hannah Thomas,"2021-12-17",mobile,298.14,5
A,17054,John Vance,"2022-06-29",mobile,190.41,2
B,17055,Hannah Jones,"2023-10-27",mobile,183.66,6
B,17061,Chelsea Zavala,"2022-10-28",mobile,55.05,3
B,17063,Madison Mueller,"2020-06-19",mobile,55.39,4
A,17064,Justin Barnett,"2024-07-15",mobile,117.44,2
A,17070,Natalie Donaldson,"2024-12-01",mobile,239.17,4
A,17072,Kenneth Garcia,"2021-09-21",mobile,128.97,3
B,17073,William Carter,"2024-09-17",mobile,358.66,4
A,17078,John Mcclain,"2025-06-01",mobile,235.5,2
B,17083,Donald Clark,"2025-07-01",mobile,254.33,6
A,17084,Christine Bradley,"2021-02-06",mobile,851.0,4
A,17090,Lacey Evans,"2021-08-21",mobile,64.87,3
B,17091,Dennis Johnson,"2020-10-16",mobile,263.3,6
B,17095,Vincent Rodriguez,"2023-11-24",mobile,225.07,2
B,17097,Johnny Kennedy,"2020-06-28",mobile,201.68,6
A,17102,Michael Sharp,"2025-08-06",mobile,40.23,4
A,17104,Darren Smith,"2020-03-09",mobile,245.85,5
B,17105,Timothy Martinez,"2020-11-11",mobile,93.33,4
A,17110,Jeffrey Nelson,"2022-05-24",mobile,51.78,2
B,17115,Edward Gonzalez,"2025-03-01",mobile,103.53,2
B,17117,Jennifer Dunn,"2024-09-28",mobile,750.75,3
A,17118,Jennifer Vega,"2020-04-06",mobile,120.89,8
A,17120,Regina Richardson,"2025-09-09",mobile,151.15,3
A,17122,Mark Houston,"2023-01-16",mobile,17.82,8
B,17125,Anna Rodriguez,"2021-11-02",mobile,125.11,5
B,17127,Olivia Tyler,"2023-10-24",mobile,499.59,2
A,17128,Allison Brown,"2021-01-21",mobile,164.41,5
A,17130,Jessica Bennett,"2022-10-23",mobile,116.9,5
A,17136,Patricia Thompson PhD,"2024-01-01",mobile,202.51,6
B,17137,Jorge Ellis,"2022-05-09",mobile,61.49,4
A,17138,Nicholas Reyes,"2020-07-11",mobile,192.16,6
B,17141,Melissa Martin,"2025-07-16",mobile,705.61,5
B,17147,Troy Hurst,"2025-03-11",mobile,96.87,5
B,17149,Erica Duke,"2024-10-25",mobile,138.98,3
A,17156,Ms. Margaret Bailey MD,"2021-01-13",mobile,64.23,6
B,17161,Mr. Austin Stein MD,"2021-12-18",mobile,54.63,3
B,17175,Lauren Lee,"2021-06-23",mobile,88.29,3
A,17176,Sarah Clark,"2024-07-19",mobile,361.31,2
A,17178,Angela Ferrell,"2022-03-19",mobile,103.91,3
A,17180,Michele Smith,"2021-10-31",mobile,265.04,7
B,17183,Isaiah Woods,"2025-04-27",mobile,139.8,6
A,17186,Scott Stark MD,"2022-03-08",mobile,47.99,4
B,17193,Cole Murray,"2020-01-04",mobile,825.21,4
B,17195,Keith Anderson,"2023-09-26",mobile,86.05,4
A,17198,Bobby Martinez,"2023-04-20",mobile,365.06,6
A,17204,Cindy Hogan,"2024-07-19",mobile,574.9,5
B,17207,James Meyer,"2022-05-13",mobile,64.77,4
B,17209,Autumn Figueroa,"2025-03-31",mobile,296.93,3
B,17219,Amber Parker,"2020-07-01",mobile,65.73,3
A,17222,Angelica Morris,"2024-09-11",mobile,263.92,4
B,17223,Michael James,"2023-05-25",mobile,67.93,9
A,17224,Jacob Lopez,"2025-02-27",mobile,649.69,5
A,17232,John Marks,"2022-03-16",mobile,46.11,5
B,17233,Robert Scott,"2022-01-29",mobile,124.71,4
A,17240,George Flores,"2020-10-10",mobile,112.37,4
B,17241,Eric Shaffer,"2021-06-27",mobile,75.06,5
B,17243,Glenn Cox,"2021-08-04",mobile,1001.01,5
B,17245,Nicole Holloway,"2020-04-02",mobile,85.81,3
A,17246,Dennis Ferguson,"2024-07-05",mobile,172.31,4
B,17253,Nathan Parker,"2025-04-24",mobile,312.97,4
A,17254,Tanya Stewart,"2025-05-24",mobile,47.44,3
B,17257,Tina Young,"2022-06-22",mobile,43.86,2
B,17263,Krystal Rice,"2022-08-25",mobile,336.68,5
A,17264,Michele Fry,"2021-03-23",mobile,265.24,3
A,17266,Curtis Sharp,"2020-03-21",mobile,134.71,2
A,17274,Daniel Green,"2021-02-02",mobile,156.98,6
B,17275,Gregory Lloyd,"2025-09-04",mobile,52.27,3
A,17276,Kathryn Thomas,"2020-07-18",mobile,472.28,7
B,17277,Michelle Thompson,"2024-01-25",mobile,10.18,3
A,17278,Cynthia Brown MD,"2022-01-11",mobile,138.34,4
B,17281,Donna Smith,"2020-07-11",mobile,681.04,4
A,17282,Justin Vega,"2021-02-25",mobile,60.02,2
B,17283,Erin Martinez,"2025-10-27",mobile,181.9,4
A,17284,Kristin Cook,"2025-07-20",mobile,175.87,4
B,17285,George Robinson,"2022-06-07",mobile,27.52,3
A,17286,Amy Benitez,"2025-07-01",mobile,711.8,3
B,17289,Lisa Johnson,"2021-07-24",mobile,892.14,6
A,17294,David Abbott,"2020-04-03",mobile,40.17,7
B,17295,Lisa Barker,"2023-07-16",mobile,30.8,3
B,17297,Caroline Sanchez,"2020-11-16",mobile,81.23,2
B,17299,Ronald Thompson,"2025-05-07",mobile,493.37,2
A,17302,Tony Lester,"2024-08-26",mobile,181.07,6
A,17304,Hannah Sullivan,"2021-06-30",mobile,461.58,6
A,17306,William Hernandez DVM,"2020-10-24",mobile,33.64,6
B,17313,Tammy Turner,"2022-01-13",mobile,426.95,4
A,17316,Steven Montes,"2024-04-08",mobile,113.17,5
B,17319,Lindsey Jackson,"2022-02-13",mobile,122.83,4
A,17320,Morgan Cooper,"2024-08-26",mobile,247.91,7
B,17321,Jennifer Charles,"2021-06-22",mobile,12.51,4
A,17324,Megan Osborne,"2020-02-02",mobile,16.99,4
B,17329,Linda Oneill,"2023-11-29",mobile,271.86,4
B,17331,Darlene Trujillo,"2022-09-15",mobile,223.87,8
B,17333,Alexis Green,"2020-06-09",mobile,214.22,6
B,17337,Stephanie Ochoa,"2024-07-04",mobile,151.16,7
A,17338,Mrs. Shannon Gardner,"2023-01-03",mobile,86.46,2
B,17341,Patricia Medina,"2023-01-22",mobile,32.45,4
B,17345,Kevin Klein,"2025-07-11",mobile,136.38,5
A,17346,William Harvey,"2020-12-10",mobile,34.32,4
A,17348,Misty Day,"2023-04-30",mobile,268.09,6
B,17349,Brenda Jones,"2024-04-11",mobile,44.44,6
B,17351,Mary Stone,"2023-07-21",mobile,141.13,3
B,17355,Amy Wright,"2023-06-23",mobile,216.08,3
A,17356,Sheila Ramirez,"2023-05-27",mobile,133.38,2
B,17363,Adam Mullen,"2022-01-15",mobile,500.78,5
B,17367,Joshua Barr,"2022-06-09",mobile,191.93,2
B,17369,Carrie Martinez,"2024-10-05",mobile,27.22,4
B,17373,Robert Mitchell DDS,"2022-07-05",mobile,126.5,3
B,17377,Katherine Conner,"2022-08-21",mobile,68.05,5
B,17379,John Thomas,"2024-07-06",mobile,364.58,2
A,17380,Christina Summers,"2023-12-23",mobile,349.14,3
B,17381,Michael Flores,"2025-02-23",mobile,875.79,3
B,17383,Jason Rodriguez,"2022-01-31",mobile,31.93,5
A,17384,Brandon Evans,"2023-07-27",mobile,1135.53,2
A,17386,Anna Reynolds,"2020-08-15",mobile,61.16,4
B,17387,John Wong,"2025-07-22",mobile,312.4,8
A,17388,Rachel Wright,"2025-05-05",mobile,90.33,3
B,17399,Tammy Hoffman,"2025-03-31",mobile,26.85,2
A,17400,Monica Davis,"2025-02-08",mobile,114.95,3
A,17402,Natasha Hall,"2022-05-01",mobile,321.96,6
A,17404,Emily Hardin,"2025-08-29",mobile,36.0,2
B,17405,Patricia Jones,"2020-05-31",mobile,173.42,4
B,17407,Jamie Brown,"2021-07-07",mobile,32.05,4
B,17409,Erin Hall,"2022-08-18",mobile,146.07,4
A,17410,Brittany Smith,"2024-01-11",mobile,472.56,6
B,17419,John Burke,"2023-12-08",mobile,224.99,3
B,17421,Maria Lewis MD,"2024-07-17",mobile,83.78,5
B,17423,Mary Black,"2020-08-02",mobile,140.85,4
A,17424,Kimberly Johns,"2024-09-20",mobile,198.45,4
B,17425,Lauren Todd,"2024-02-22",mobile,588.97,4
A,17428,Justin Cross,"2021-12-16",mobile,146.24,4
B,17429,Thomas Howard,"2021-05-21",mobile,32.41,4
B,17437,Lindsey Brown,"2025-09-29",mobile,29.23,3
B,17443,Misty King,"2025-06-10",mobile,170.92,2
A,17444,Jo Medina,"2023-09-13",mobile,185.34,3
B,17447,Mark Williams,"2022-11-30",mobile,84.05,3
B,17449,Misty Martin,"2021-08-06",mobile,261.42,4
A,17456,Dustin Cordova,"2024-04-08",mobile,474.69,10
B,17457,Sue Guerrero,"2025-10-12",mobile,33.47,2
A,17458,Jenny Smith,"2020-02-12",mobile,269.76,5
B,17463,Kyle Christian,"2025-10-11",mobile,109.55,4
B,17465,Jasmine Smith,"2023-03-13",mobile,104.23,4
B,17467,Nicholas Moore,"2025-02-04",mobile,384.59,4
B,17469,Benjamin Ford,"2022-01-04",mobile,194.26,2
A,17472,Heather Lee,"2020-01-15",mobile,337.28,3
B,17473,William Mcdonald,"2025-10-08",mobile,73.87,4
B,17477,Ashley Richardson,"2023-05-17",mobile,112.25,7
B,17479,Matthew Mcmillan,"2025-04-27",mobile,59.73,7
B,17483,Peter Cook,"2021-12-31",mobile,138.22,2
A,17484,Mr. Joseph Ali,"2025-02-13",mobile,113.9,4
B,17485,Sarah Sanders,"2022-12-17",mobile,508.79,4
B,17493,Brad White,"2025-07-23",mobile,244.97,3
B,17495,William Rodgers,"2022-06-27",mobile,58.77,6
B,17497,Zachary Figueroa,"2021-04-20",mobile,168.73,2
A,17502,Zachary George,"2023-10-17",mobile,415.64,3
B,17503,Jodi Lee,"2025-08-09",mobile,59.2,5
B,17505,Kimberly King,"2023-06-17",mobile,144.82,4
A,17510,Nathan Branch,"2023-12-07",mobile,42.83,4
B,17513,Daniel Cannon,"2025-04-26",mobile,51.71,3
A,17514,Angela Livingston,"2025-02-01",mobile,151.04,5
B,17519,Matthew Lane,"2020-08-14",mobile,231.56,6
A,17522,Maria Patterson,"2022-01-17",mobile,68.67,4
A,17526,Patricia Stevens,"2023-06-26",mobile,55.07,4
B,17529,Megan Wagner,"2024-12-09",mobile,21.77,2
A,17532,Charles Warner,"2024-08-26",mobile,98.24,2
B,17539,Rhonda Clayton,"2023-11-15",mobile,173.19,3
B,17543,Brian Carter,"2021-11-13",mobile,12.9,2
A,17548,Vickie Edwards,"2024-12-07",mobile,308.97,2
A,17550,Daniel Wang,"2025-09-09",mobile,57.62,4
B,17551,Abigail Clark,"2023-12-03",mobile,623.26,2
B,17555,Karen Clark,"2025-07-01",mobile,56.78,3
A,17558,Victoria Stephenson,"2022-08-17",mobile,196.11,4
B,17561,Jerry White,"2025-03-30",mobile,300.6,5
B,17565,Jeremy Whitney,"2023-04-18",mobile,184.15,3
B,17569,Christopher Franklin,"2025-04-20",mobile,62.78,4
B,17571,Scott Morgan,"2024-11-15",mobile,30.71,2
A,17572,Mary Jones,"2025-07-25",mobile,841.49,5
A,17574,Amanda Mitchell,"2025-07-25",mobile,343.14,3
B,17575,Brandon Williams,"2024-03-16",mobile,73.17,5
B,17577,Kathryn Rogers,"2023-12-28",mobile,119.74,2
B,17579,Crystal Thomas,"2022-07-20",mobile,55.1,4
B,17585,Dawn Wallace,"2022-06-20",mobile,20.68,3
B,17587,Connie Thornton,"2020-11-29",mobile,317.91,4
A,17590,Whitney Maldonado,"2022-05-02",mobile,60.09,7
B,17591,Karen Matthews,"2020-10-04",mobile,111.02,5
A,17598,Eric Weaver,"2020-08-10",mobile,114.62,6
B,17599,Barbara Frye,"2025-10-20",mobile,127.85,4
A,17606,Curtis Butler,"2025-09-20",mobile,293.4,3
B,17609,Judy York,"2023-08-18",mobile,202.82,2
A,17612,Blake Hartman,"2021-07-13",mobile,767.94,6
B,17615,Steven Edwards,"2021-01-07",mobile,204.15,4
A,17616,Brittany Marquez,"2025-01-26",mobile,154.82,2
A,17618,Danielle Fowler,"2022-11-19",mobile,77.04,5
B,17623,Kevin Castro,"2021-02-07",mobile,93.57,2
A,17624,Daniel Gonzalez,"2021-08-14",mobile,78.54,5
A,17628,Nicholas Perez,"2024-06-25",mobile,318.49,2
B,17631,Stephanie Lester,"2022-06-21",mobile,788.88,6
B,17633,Chad Patterson,"2023-03-27",mobile,51.02,4
A,17638,Casey Zamora,"2024-02-06",mobile,29.05,4
A,17640,Mark Cook,"2024-05-02",mobile,110.53,2
A,17646,Theresa Garcia,"2020-10-17",mobile,40.51,7
A,17648,Justin Calhoun,"2023-12-15",mobile,65.7,4
B,17649,Carol Skinner,"2020-07-20",mobile,79.31,3
B,17651,Anthony Young,"2023-11-12",mobile,257.42,5
B,17655,Tonya Hays,"2024-09-27",mobile,184.34,2
A,17656,Haley Ibarra,"2024-10-31",mobile,345.08,8
A,17658,Cassandra Allen,"2024-12-26",mobile,44.73,2
B,17659,Angela Adams,"2020-10-18",mobile,17.19,3
A,17660,Leslie Snyder,"2023-10-02",mobile,27.61,3
B,17663,Melissa Vargas,"2023-04-07",mobile,371.29,2
B,17665,Joshua Munoz,"2025-01-10",mobile,81.78,6
B,17671,Eric Lyons,"2021-08-05",mobile,30.71,5
A,17672,Joyce Webb,"2024-10-17",mobile,16.16,3
A,17678,Hector Burke,"2020-11-10",mobile,330.3,4
A,17684,Eric Aguilar,"2022-09-10",mobile,44.73,8
A,17688,Jeffrey Webster,"2025-04-28",mobile,87.51,5
B,17689,William Gillespie,"2021-02-05",mobile,415.48,5
A,17698,Michelle Shepherd,"2023-01-22",mobile,149.37,5
A,17702,Judy Martinez MD,"2023-12-27",mobile,277.68,4
B,17703,John Woods,"2024-04-09",mobile,327.93,7
B,17705,Wesley Flores,"2021-05-30",mobile,343.45,3
B,17707,Michael Jackson Jr.,"2020-08-13",mobile,44.15,5
A,17710,William Lee,"2020-04-23",mobile,48.66,5
B,17711,Bethany Cisneros,"2020-05-29",mobile,264.26,5
B,17713,Jessica Collins,"2021-03-28",mobile,52.69,3
B,17715,Melanie Sims,"2025-01-08",mobile,151.74,4
B,17723,Justin Collins,"2020-11-07",mobile,166.25,2
A,17726,Melissa Rogers,"2023-03-05",mobile,45.01,4
A,17730,Jeffrey Nelson,"2022-09-29",mobile,287.1,5
A,17732,Robert Page,"2023-11-12",mobile,212.17,2
A,17736,Mallory Avila,"2022-03-17",mobile,114.13,3
A,17738,Jenna Rodriguez,"2023-10-18",mobile,102.53,2
A,17740,Marissa Martin,"2022-09-11",mobile,206.02,3
A,17748,Sarah Hernandez,"2022-11-23",mobile,480.47,6
B,17755,Shannon Delgado,"2024-08-02",mobile,20.73,3
A,17756,Jeffery Abbott,"2024-05-28",mobile,70.6,5
A,17762,Bonnie Lewis,"2020-03-29",mobile,94.69,5
B,17763,Mr. Paul Moran,"2025-03-27",mobile,31.7,2
A,17764,Olivia Smith,"2022-05-26",mobile,55.67,5
B,17767,Mary Wagner,"2024-04-05",mobile,124.25,2
A,17768,Jonathan Compton,"2024-12-29",mobile,278.94,3
B,17771,Tiffany Golden,"2025-02-09",mobile,18.58,5
B,17775,Patricia Short,"2022-05-13",mobile,448.75,4
B,17777,Rebecca Jacobson,"2024-08-26",mobile,247.99,5
A,17784,Kimberly Smith,"2021-03-13",mobile,516.38,4
A,17788,Brittany Moore,"2020-12-16",mobile,140.76,4
B,17789,Frank Medina,"2020-09-20",mobile,365.52,4
A,17792,Julie Conner,"2024-08-02",mobile,30.71,2
B,17795,Lisa Parker,"2024-03-03",mobile,518.52,4
A,17796,Sandra Norman,"2024-07-16",mobile,331.95,2
A,17802,Nathan Lang,"2022-06-13",mobile,470.6,4
A,17806,Nathaniel Lane,"2021-09-11",mobile,74.42,5
A,17808,Keith Joseph,"2020-10-16",mobile,84.97,3
A,17810,Diana Hamilton,"2020-12-10",mobile,32.54,3
B,17815,Melanie Smith,"2025-09-28",mobile,45.19,3
A,17822,Carolyn Carroll,"2021-11-25",mobile,26.37,2
A,17826,Kevin Lyons,"2020-02-18",mobile,136.38,3
A,17832,Daniel Jones,"2024-10-06",mobile,118.62,3
B,17833,Nathan Jackson,"2020-04-27",mobile,74.01,2
B,17837,Dana Long,"2022-02-15",mobile,147.17,2
B,17843,Michael Mercado,"2021-11-16",mobile,37.1,3
A,17844,Carl Peters,"2020-01-01",mobile,50.1,7
B,17847,Regina Lopez,"2024-04-21",mobile,174.48,4
B,17853,Christine Schwartz,"2025-05-24",mobile,168.65,5
B,17857,Peter Jensen,"2021-06-13",mobile,251.62,2
A,17858,Samantha Smith,"2022-12-11",mobile,55.97,5
B,17863,Paul Campos,"2020-08-10",mobile,278.35,3
B,17865,Joseph Murphy,"2023-01-10",mobile,139.55,2
A,17868,Cody Lutz,"2023-01-30",mobile,394.54,3
B,17869,Allen Elliott,"2021-12-06",mobile,409.84,3
A,17872,Courtney Bennett,"2024-11-09",mobile,338.61,4
A,17876,Joseph Flowers,"2025-07-08",mobile,469.93,4
A,17878,William Jenkins,"2022-11-21",mobile,272.75,4
A,17880,Dr. Adam Murphy,"2023-04-16",mobile,56.44,8
B,17881,Samuel Davis,"2022-09-30",mobile,169.43,6
B,17883,Mary Oneill,"2022-01-10",mobile,135.81,3
B,17887,Amy Brown,"2022-04-15",mobile,30.9,4
A,17888,Karen Knox,"2023-01-22",mobile,302.51,2
A,17890,James Sanchez,"2024-05-23",mobile,227.27,2
B,17891,Joseph Harris,"2021-10-04",mobile,342.37,6
A,17894,Sheila Maddox,"2024-12-07",mobile,77.09,2
B,17895,Karina Freeman,"2022-08-29",mobile,174.25,2
B,17899,Samuel Stephens,"2022-08-01",mobile,129.81,3
B,17901,Isaac Benson,"2020-07-05",mobile,425.49,8
A,17904,Bianca Wright,"2020-11-25",mobile,114.7,2
B,17905,Crystal Le,"2020-12-22",mobile,39.18,3
A,17906,Timothy Shea,"2024-10-23",mobile,215.81,6
A,17910,Erica Allison,"2023-06-18",mobile,285.17,7
B,17915,Justin Williams,"2020-03-04",mobile,174.27,4
B,17917,Carla Cooper,"2021-02-04",mobile,42.52,6
B,17919,Brandon Hansen,"2023-03-18",mobile,37.85,4
A,17920,Tyler Schultz,"2020-08-01",mobile,305.18,7
A,17924,Michael Davila,"2024-04-02",mobile,151.07,3
B,17925,Kelly Ryan,"2024-02-02",mobile,176.87,2
A,17926,Kimberly Farmer,"2021-08-09",mobile,42.2,4
A,17928,Tamara Manning,"2025-10-21",mobile,12.64,5
A,17930,Curtis Mills,"2025-03-05",mobile,456.33,4
B,17941,Cindy Jackson,"2024-09-24",mobile,208.35,3
B,17943,Cheryl Clark,"2022-05-09",mobile,82.64,4
A,17952,Jennifer Jones,"2021-11-12",mobile,103.49,5
B,17955,Brandon Conner,"2021-09-25",mobile,15.19,4
A,17956,Daniel Wright,"2025-07-14",mobile,125.84,4
B,17957,Christopher Jacobs,"2020-05-03",mobile,24.77,4
B,17967,Shannon Adams,"2021-08-21",mobile,177.23,3
A,17968,Wendy Garcia,"2021-07-08",mobile,55.57,2
A,17978,John Anderson,"2024-02-05",mobile,288.83,3
A,17986,Colleen Richardson,"2020-12-23",mobile,87.92,5
B,17993,Mike Nichols,"2022-06-01",mobile,22.86,3
A,18000,Martin Aguilar,"2022-02-10",mobile,31.82,3
B,18001,Parker Casey,"2025-08-24",mobile,85.89,4
A,18002,Cindy Perez,"2025-04-23",mobile,60.37,2
B,18005,Douglas Anderson,"2025-03-18",mobile,195.22,6
A,18008,Evan Tucker,"2021-01-29",mobile,26.06,4
A,18012,Daniel Simpson,"2021-03-31",mobile,718.7,2
A,18014,April Jones,"2021-01-23",mobile,201.77,3
B,18015,Michael Kane,"2023-10-16",mobile,18.26,3
A,18016,Brian Delacruz,"2024-07-25",mobile,314.98,5
B,18019,Leonard Schroeder,"2022-12-31",mobile,69.84,2
A,18020,Amy Foster,"2020-11-22",mobile,133.03,5
B,18021,Patricia Branch,"2024-08-01",mobile,54.87,3
A,18022,William Murray,"2024-11-20",mobile,694.61,9
B,18025,Glenn Bradley,"2022-12-25",mobile,217.95,2
A,18026,Christina Martinez,"2022-04-18",mobile,62.27,5
B,18027,Karen Myers,"2023-08-08",mobile,13.81,2
B,18031,Heather Acevedo,"2023-07-25",mobile,225.05,7
B,18033,Michael Bradford,"2020-11-10",mobile,19.01,3
A,18036,Christopher Shields,"2021-02-03",mobile,91.11,3
B,18039,Meagan Farrell,"2020-10-21",mobile,282.77,2
A,18046,William Bonilla,"2021-07-06",mobile,160.01,3
B,18047,Aaron Walker,"2020-12-16",mobile,216.5,3
B,18049,Brandon Ball,"2020-08-31",mobile,210.92,6
A,18050,Brett Hill,"2025-06-10",mobile,295.71,5
B,18057,Daniel Hernandez,"2021-10-17",mobile,102.66,3
B,18059,Abigail Johnston,"2024-07-19",mobile,464.65,3
A,18064,Mr. Kevin Jackson,"2023-07-26",mobile,130.02,4
A,18068,Lori Garcia,"2022-11-12",mobile,62.1,2
A,18072,Robert Lowe,"2021-07-11",mobile,261.31,8
B,18073,Mikayla Moreno,"2023-04-16",mobile,312.52,6
A,18078,Joe Jones,"2024-03-06",mobile,332.14,5
B,18083,Samuel Watts,"2020-01-15",mobile,49.67,5
A,18084,Veronica Johnson,"2021-04-05",mobile,38.57,4
A,18086,Krista Garcia,"2022-08-15",mobile,178.14,5
B,18087,Dr. Kathleen Martin,"2022-10-15",mobile,234.81,4
B,18089,Andrew Clark,"2021-12-13",mobile,150.02,6
A,18090,Stephen Black,"2025-10-20",mobile,66.64,3
B,18093,Lisa Brown,"2021-06-15",mobile,669.14,2
A,18094,Stephen Moreno,"2022-09-18",mobile,75.4,4
B,18097,Jean White,"2024-07-05",mobile,67.09,3
A,18098,Stacy Smith,"2022-03-20",mobile,446.0,2
B,18099,Kathleen Clark,"2024-12-03",mobile,85.33,5
A,18100,Terrance Gonzales,"2022-08-29",mobile,241.92,2
A,18104,Daniel Thompson,"2022-12-10",mobile,189.82,5
A,18108,Brad Craig,"2024-05-16",mobile,44.94,2
A,18114,Christopher Holland,"2024-10-10",mobile,237.7,7
A,18118,Sherry Williamson,"2022-11-09",mobile,331.56,3
A,18120,Gina Chavez,"2020-01-07",mobile,227.17,6
A,18122,Mario Huerta,"2021-04-01",mobile,154.34,3
B,18123,Michelle Campbell,"2021-01-31",mobile,75.03,5
A,18124,Carrie Chapman,"2023-11-01",mobile,265.48,3
A,18126,Crystal Harris,"2022-09-21",mobile,70.63,4
A,18128,Dawn Trevino,"2021-01-04",mobile,312.05,2
B,18129,David Martin,"2021-06-21",mobile,579.13,5
A,18132,Kimberly Stanley,"2020-11-06",mobile,380.14,3
B,18135,Jasmine Bell,"2021-08-31",mobile,326.99,7
A,18136,Teresa Sullivan,"2024-03-08",mobile,36.13,6
A,18142,Kathleen Wolfe,"2025-10-28",mobile,199.77,3
A,18146,Kerry Ayers DDS,"2022-11-03",mobile,43.28,2
B,18147,Angela Lopez,"2023-09-30",mobile,408.98,6
A,18148,Tina Hayes,"2021-08-21",mobile,159.05,5
B,18155,Jason Perry,"2021-02-28",mobile,176.63,3
B,18157,Henry Noble,"2020-09-19",mobile,429.55,5
A,18158,Jon Gardner,"2023-06-14",mobile,422.01,6
B,18163,Justin Reynolds,"2025-02-25",mobile,266.92,4
B,18165,Michael Lopez,"2022-04-03",mobile,324.24,5
A,18168,Brian Davies,"2024-11-19",mobile,106.52,6
B,18169,Renee Gonzalez,"2023-06-12",mobile,96.55,2
A,18174,Courtney Smith,"2021-12-05",mobile,12.41,4
A,18176,Alexandra Reed,"2020-12-14",mobile,10.55,2
A,18178,Michelle Buchanan,"2022-03-24",mobile,400.42,2
B,18179,Kenneth Beard,"2022-10-05",mobile,207.65,3
B,18185,Robert Anderson,"2020-10-18",mobile,43.7,3
B,18189,Nicholas Lynch,"2022-05-21",mobile,211.79,5
A,18192,Patricia Duffy,"2020-06-19",mobile,218.02,4
A,18194,Barbara Garcia,"2023-05-01",mobile,388.33,7
B,18201,Peter Wall,"2024-11-05",mobile,520.99,6
A,18204,Brittney Arnold,"2025-06-20",mobile,28.79,6
A,18216,Jerry Morton,"2021-10-12",mobile,300.48,5
A,18218,Cynthia Harrell,"2021-12-17",mobile,33.02,3
A,18220,Joseph Leonard,"2025-10-28",mobile,272.64,4
B,18223,Brenda Elliott,"2022-09-02",mobile,190.28,6
B,18225,Scott Anderson,"2025-08-21",mobile,30.9,6
B,18229,Timothy Goodman,"2022-09-18",mobile,38.2,7
A,18230,Casey Anderson,"2022-03-21",mobile,181.72,5
A,18232,Michelle Silva,"2025-05-30",mobile,127.89,3
A,18236,Taylor Thomas,"2023-12-08",mobile,53.49,4
A,18238,Jessica Young,"2021-01-31",mobile,53.95,5
A,18240,Jennifer Smith,"2020-01-17",mobile,364.87,4
B,18249,Tonya Harper,"2024-08-09",mobile,135.2,2
A,18252,Sean Ross,"2020-04-21",mobile,11.57,3
A,18254,Robert White,"2021-05-20",mobile,43.65,9
A,18256,Christopher Parsons,"2025-07-16",mobile,263.63,3
A,18258,Mary Moore,"2021-05-02",mobile,89.86,9
B,18259,Andrew Shaw,"2022-10-13",mobile,143.89,7
A,18260,Jeanne James,"2024-11-18",mobile,157.33,7
A,18262,Matthew Murphy,"2024-11-08",mobile,81.24,6
B,18263,Randall Parsons,"2020-06-29",mobile,49.13,2
A,18268,Jeffrey Hogan,"2025-08-05",mobile,553.74,3
A,18270,Nancy Eaton,"2022-05-21",mobile,313.89,8
B,18271,Dr. Cheryl Delacruz,"2020-08-21",mobile,61.22,4
A,18272,Robert Zuniga,"2024-01-14",mobile,172.78,4
B,18291,Amanda Parks,"2020-07-24",mobile,176.71,4
A,18292,Mary Morgan,"2023-08-24",mobile,42.24,4
B,18293,Mrs. Krista Gibson,"2020-02-07",mobile,433.5,4
A,18294,Ricardo Woods,"2023-07-28",mobile,165.43,4
A,18296,Timothy Le,"2021-03-05",mobile,26.51,2
B,18297,Laura Robinson,"2022-01-25",mobile,92.8,3
B,18301,Devon Smith,"2025-04-12",mobile,283.84,3
A,18304,Daniel Palmer,"2020-10-03",mobile,59.96,3
B,18307,Scott Flores,"2022-10-05",mobile,198.46,3
B,18313,Ronald Green,"2021-05-04",mobile,436.57,3
A,18318,Daniel Molina,"2023-07-20",mobile,154.08,4
A,18320,Stephanie Johnson,"2025-03-27",mobile,134.71,3
B,18325,Anthony Winters,"2022-12-03",mobile,95.05,2
A,18326,Jacob Foster,"2025-07-20",mobile,221.01,4
B,18331,Tammy Fernandez,"2021-05-07",mobile,452.68,5
A,18334,Margaret Mcpherson,"2021-08-27",mobile,59.78,4
A,18336,Roger Herring,"2022-02-12",mobile,263.65,3
B,18341,Mr. Troy Williams,"2021-04-11",mobile,105.68,2
B,18343,Ronald Cohen,"2022-09-21",mobile,468.66,8
B,18345,Claudia Benton,"2025-03-26",mobile,108.41,3
A,18348,Dr. Katie Barker MD,"2024-01-28",mobile,21.32,3
B,18349,John Davis,"2022-07-25",mobile,150.18,6
B,18353,Katherine Evans,"2025-02-13",mobile,29.18,5
B,18355,Stephanie Nolan,"2020-06-28",mobile,126.66,3
A,18358,Charles Sanders,"2024-07-05",mobile,190.12,5
B,18359,Vanessa Montes,"2021-07-31",mobile,40.19,3
B,18361,Nichole Reyes,"2023-02-17",mobile,635.21,4
A,18364,Oscar Myers,"2025-01-26",mobile,20.94,2
B,18365,Theresa Taylor,"2022-03-17",mobile,283.42,2
A,18372,Harold Jones,"2020-04-25",mobile,762.11,5
B,18375,Ellen Peterson,"2023-07-02",mobile,93.79,4
A,18380,Carrie Smith,"2022-05-30",mobile,788.55,2
A,18382,Joseph Contreras,"2024-07-11",mobile,739.31,4
B,18383,Marco Ford,"2024-03-10",mobile,140.65,6
B,18385,Benjamin Gilbert,"2023-04-24",mobile,916.12,5
B,18389,Tony Martinez,"2025-07-13",mobile,231.33,5
B,18393,Craig Wright,"2022-07-13",mobile,571.56,12
B,18395,Gregory Woods,"2022-04-18",mobile,360.6,6
B,18403,Frank Hammond,"2025-03-05",mobile,53.09,4
B,18405,Angela Colon,"2021-03-27",mobile,122.82,2
A,18406,Abigail Gomez,"2020-09-19",mobile,75.05,3
B,18409,Noah Nguyen,"2024-05-18",mobile,153.56,5
B,18411,Douglas Fleming,"2024-12-09",mobile,316.33,2
A,18412,Rebecca Ellis,"2022-12-26",mobile,21.77,2
A,18416,Diane Cunningham,"2024-06-23",mobile,32.41,3
B,18419,Jesse Moore,"2023-10-25",mobile,164.32,3
B,18421,Mr. Andrew Green MD,"2021-08-09",mobile,364.61,6
B,18423,Joshua Huang,"2021-12-04",mobile,224.68,5
A,18424,Jerry Turner,"2022-04-22",mobile,566.83,8
B,18425,Vincent Ramirez,"2022-02-17",mobile,193.67,3
A,18426,Donna Lawson,"2023-07-12",mobile,50.8,2
A,18428,Molly Johnson,"2024-08-21",mobile,240.21,4
A,18430,Andrew Carter,"2023-05-29",mobile,94.4,2
B,18431,Samantha Lopez,"2022-09-12",mobile,125.06,4
A,18436,Stephen Logan,"2022-07-29",mobile,382.83,4
A,18440,Calvin Hurst,"2021-02-10",mobile,353.74,5
B,18441,Brian Gardner,"2024-10-01",mobile,193.95,3
B,18443,Tiffany Gibson,"2022-10-09",mobile,165.06,2
B,18447,Alicia Vasquez,"2023-02-28",mobile,65.93,2
A,18448,Amber Powell,"2024-02-10",mobile,747.31,3
A,18450,Carla Parker,"2023-10-23",mobile,67.74,5
A,18452,Mary Estes,"2025-02-28",mobile,79.87,6
B,18457,Michelle Carter,"2022-03-19",mobile,82.28,5
A,18460,Elizabeth Davis,"2024-04-05",mobile,62.85,3
A,18462,Tonya Jackson,"2021-11-24",mobile,95.52,5
A,18464,Mrs. Joanna Molina,"2024-04-23",mobile,70.03,4
B,18469,Vickie Perry,"2021-04-14",mobile,51.09,2
A,18472,Holly Wood,"2021-06-14",mobile,28.23,2
B,18475,Brenda Arias,"2025-08-15",mobile,304.49,8
B,18483,Rebecca Lewis,"2023-11-26",mobile,189.78,5
B,18487,John Figueroa,"2021-07-20",mobile,35.48,5
A,18490,Tyler Sloan,"2020-03-23",mobile,21.9,6
A,18496,Nicholas Williams,"2021-08-24",mobile,83.82,5
B,18499,Robert Green,"2022-12-13",mobile,64.22,4
A,18504,Tyler Steele,"2024-12-13",mobile,599.97,5
A,18506,Madison Meyer,"2020-03-17",mobile,272.1,5
B,18511,Gabriel Burke,"2022-03-17",mobile,205.55,5
B,18513,Heather Vaughn,"2022-05-15",mobile,106.79,3
B,18515,Evan Anderson,"2023-05-18",mobile,1019.74,7
A,18518,Amy Goodman,"2025-10-03",mobile,33.81,4
B,18523,Meghan Taylor,"2022-10-12",mobile,93.69,6
A,18524,Christopher Cox,"2020-10-16",mobile,1230.86,4
A,18528,Michelle Hale,"2025-08-02",mobile,210.61,5
B,18531,Frances Chambers,"2022-04-29",mobile,638.09,7
B,18537,Veronica Santos,"2024-08-10",mobile,259.86,5
A,18538,David Ward,"2024-01-06",mobile,41.56,5
A,18540,Dr. Scott Herrera,"2020-12-27",mobile,71.48,4
A,18542,Kimberly Brown,"2021-10-26",mobile,171.89,3
A,18548,Amy Stone,"2020-12-26",mobile,145.31,3
B,18549,Nicholas Walters,"2025-06-14",mobile,184.17,3
B,18551,John Rocha,"2024-10-24",mobile,674.71,5
A,18552,John Graham,"2023-02-08",mobile,26.79,7
A,18558,Zachary Butler,"2020-10-15",mobile,356.9,3
B,18561,Heidi Shaw,"2024-09-17",mobile,466.92,6
A,18562,Michelle Chavez,"2023-08-08",mobile,1037.31,6
A,18564,Mrs. Dana Wagner MD,"2025-08-09",mobile,28.57,2
B,18569,Dennis Barnes,"2023-05-07",mobile,338.0,3
B,18575,Robert Hernandez,"2024-08-20",mobile,63.54,4
A,18576,Sarah Johnson,"2020-01-13",mobile,280.69,4
B,18579,Derrick Shaffer,"2023-05-01",mobile,61.17,3
B,18587,Kimberly Rubio,"2022-05-20",mobile,33.6,2
A,18588,Adam Johnson,"2023-09-17",mobile,122.79,4
B,18589,Tiffany Nelson,"2020-06-28",mobile,251.11,4
B,18591,Natasha Schroeder,"2024-01-03",mobile,94.29,2
A,18592,Laura Hood,"2020-09-23",mobile,99.8,6
B,18593,Joshua Butler MD,"2024-11-27",mobile,83.74,4
A,18594,Ronald Hayes,"2021-01-02",mobile,336.98,2
B,18595,John Kemp,"2024-01-04",mobile,161.62,2
A,18598,Angelica Alexander,"2022-11-11",mobile,34.1,4
B,18601,Eugene Lynch,"2024-09-07",mobile,89.8,9
A,18604,Barbara Moody,"2023-04-10",mobile,27.35,2
B,18605,Lawrence Orr,"2021-12-11",mobile,29.23,5
B,18607,David Page,"2022-05-01",mobile,222.66,5
A,18608,Lisa Wheeler,"2023-08-09",mobile,174.86,6
A,18610,Nicholas Hughes,"2023-03-19",mobile,51.2,4
B,18615,Rachel Rodriguez,"2021-09-09",mobile,53.24,3
A,18616,John Higgins,"2020-01-14",mobile,288.58,4
B,18617,Emily Black,"2025-10-11",mobile,28.73,4
A,18620,Jessica Thompson,"2024-08-07",mobile,26.6,2
B,18625,Thomas Russell,"2021-03-15",mobile,179.36,3
A,18626,William Garner,"2022-07-09",mobile,754.48,5
A,18628,Thomas Wagner,"2020-09-28",mobile,12.64,4
B,18631,Katherine Thompson,"2024-10-23",mobile,323.02,6
B,18639,Justin Taylor,"2023-06-23",mobile,326.92,4
A,18648,Patrick Roberson,"2025-03-02",mobile,252.22,4
A,18650,Tina Brewer,"2021-03-19",mobile,186.26,3
B,18651,Nichole Mcdaniel,"2023-07-03",mobile,280.08,3
A,18654,Joshua Jones,"2023-04-23",mobile,50.48,6
A,18656,Anna Dixon,"2025-03-26",mobile,108.91,4
B,18659,Brian Boyd,"2022-03-31",mobile,209.76,5
A,18662,Jennifer Harris DVM,"2022-05-25",mobile,328.13,6
A,18664,Hayley Gould,"2024-06-19",mobile,263.78,4
B,18665,Mr. Mark Smith,"2024-10-01",mobile,224.09,5
A,18666,Gabriela Rogers,"2021-06-27",mobile,320.79,6
B,18667,Fred Hernandez,"2024-05-23",mobile,198.26,4
B,18669,William Obrien,"2025-03-06",mobile,37.9,3
A,18670,Lisa Allen,"2024-10-14",mobile,47.14,2
A,18676,Courtney Russell,"2020-01-06",mobile,382.56,5
A,18678,Erin Sherman,"2021-03-20",mobile,334.92,3
A,18680,Cynthia Warren,"2024-11-18",mobile,151.68,3
B,18681,Timothy Clark,"2022-03-20",mobile,104.58,3
B,18689,Paul King,"2025-05-01",mobile,14.72,4
A,18692,Faith Myers,"2023-01-16",mobile,479.65,5
B,18701,Lisa Henderson,"2020-06-25",mobile,189.08,6
A,18708,Taylor Powell,"2021-06-01",mobile,84.76,3
B,18709,Jason Chambers,"2020-09-10",mobile,208.48,3
B,18711,Charles Hinton,"2023-01-22",mobile,241.99,2
A,18712,Walter Mccormick,"2022-10-26",mobile,129.64,3
A,18714,Robert Cooley,"2024-11-12",mobile,24.07,3
A,18724,Maria White,"2020-03-08",mobile,87.05,4
B,18727,Melissa Lewis,"2021-05-15",mobile,1149.72,3
A,18728,Cassandra Bush,"2023-03-19",mobile,68.14,5
A,18732,Adam Valencia,"2022-10-17",mobile,110.01,5
A,18734,Katherine Werner,"2020-07-12",mobile,12.73,3
B,18737,Thomas Jimenez,"2025-02-25",mobile,300.13,7
A,18740,Dr. Richard Rodriguez,"2022-11-09",mobile,107.51,3
B,18741,Angela Jenkins,"2021-06-05",mobile,561.79,10
A,18742,Angela Gardner,"2020-06-05",mobile,135.83,3
B,18745,Jennifer Morris,"2021-03-13",mobile,137.94,5
A,18754,David Stokes,"2021-09-11",mobile,178.01,5
A,18756,Suzanne Nicholson,"2025-05-18",mobile,64.46,5
A,18758,Jay Rosario,"2022-04-09",mobile,131.66,3
B,18759,Paul Allen,"2022-03-02",mobile,170.38,3
B,18763,Jason Farrell,"2022-10-09",mobile,121.13,5
B,18769,William Brennan,"2024-09-24",mobile,477.11,4
B,18775,Ashley Allen,"2024-10-06",mobile,52.28,4
B,18777,Steven Taylor,"2023-06-07",mobile,27.51,4
A,18780,Cynthia Patterson,"2020-04-28",mobile,228.64,3
A,18782,Johnathan Williams,"2023-07-17",mobile,29.54,3
A,18786,Dr. April Moore,"2023-06-23",mobile,91.39,2
B,18787,Matthew Owens,"2022-01-08",mobile,260.39,5
A,18788,Ashley Jones,"2025-08-26",mobile,163.03,7
B,18789,Mr. Michael Tanner DDS,"2024-05-14",mobile,269.56,4
A,18790,Joseph Johnson,"2024-06-15",mobile,28.28,5
B,18791,Vanessa Smith,"2020-06-20",mobile,262.96,5
A,18794,Duane Hopkins,"2023-06-19",mobile,696.88,3
A,18798,Jose Trujillo,"2023-04-15",mobile,14.42,4
A,18800,Adrian Day,"2020-01-31",mobile,97.86,2
B,18803,Brian Ramos,"2021-12-28",mobile,127.67,3
A,18808,Sharon Wang,"2022-04-01",mobile,66.3,3
B,18809,Christopher Grimes,"2024-12-10",mobile,141.33,3
B,18817,Zachary Valencia,"2024-10-10",mobile,253.91,3
A,18822,Stephen Sloan,"2024-06-09",mobile,110.77,11
A,18828,Tim Anderson,"2021-08-16",mobile,65.82,3
A,18830,Christina Hendrix,"2021-07-23",mobile,220.71,2
A,18832,Melissa Navarro,"2024-07-29",mobile,350.58,4
B,18835,Heather Rodriguez,"2022-08-09",mobile,63.69,6
A,18836,Melissa Frank,"2021-09-11",mobile,406.39,5
A,18838,Angela Snyder,"2021-04-16",mobile,46.46,5
A,18840,Veronica Mills,"2023-09-04",mobile,119.71,2
A,18842,Dean Walker,"2021-04-22",mobile,17.6,4
A,18846,Jesus Peterson,"2021-11-18",mobile,234.46,7
B,18847,Michelle Owens,"2022-04-09",mobile,242.75,3
A,18848,Timothy Cook,"2025-10-30",mobile,162.3,5
A,18850,Tiffany Hayes,"2020-08-06",mobile,712.02,5
B,18853,Vanessa Holder,"2023-12-09",mobile,183.83,3
B,18857,Heather Parks,"2023-02-25",mobile,24.1,3
A,18860,Margaret Ford,"2021-10-14",mobile,279.92,5
B,18861,Eric Grimes,"2025-07-21",mobile,126.24,8
A,18864,Richard Young,"2021-02-23",mobile,533.14,4
A,18870,Amanda Peterson,"2025-07-26",mobile,152.32,3
B,18875,Jason Pena,"2021-10-06",mobile,193.24,4
B,18877,Ashley Brown,"2025-04-24",mobile,82.9,3
A,18880,Vincent Duncan,"2025-06-22",mobile,1319.9,5
A,18882,Christopher Lewis,"2024-03-10",mobile,272.88,2
A,18894,Sean Hicks,"2021-02-10",mobile,109.19,3
B,18895,Brandon Carlson,"2023-12-07",mobile,66.05,3
B,18897,Matthew Welch,"2020-05-01",mobile,25.13,3
A,18898,Lindsey Lowery,"2024-08-03",mobile,116.44,5
B,18901,Kara Anderson,"2025-07-11",mobile,66.12,4
B,18907,Damon Woodward,"2024-04-02",mobile,60.97,2
A,18908,James Cross,"2020-11-03",mobile,75.54,5
B,18915,Chad Martin,"2023-08-26",mobile,223.72,5
B,18917,Stephanie Moreno,"2024-04-08",mobile,666.02,8
A,18920,Catherine Hernandez,"2025-04-07",mobile,192.17,2
B,18921,Michael Cruz,"2020-10-01",mobile,11.41,2
A,18926,Elizabeth Luna,"2020-02-01",mobile,471.31,5
A,18928,Mrs. Tara Mcguire DVM,"2025-03-06",mobile,311.89,3
A,18932,Emily Harris,"2024-04-21",mobile,140.41,5
B,18933,Deborah Johnson,"2025-07-09",mobile,616.57,11
A,18934,Justin Anderson,"2021-01-14",mobile,212.09,4
A,18938,Jessica Rodgers,"2022-11-29",mobile,502.08,7
A,18940,Mrs. Deborah Wright,"2023-10-15",mobile,685.93,6
B,18941,Kenneth Ramirez,"2025-06-27",mobile,12.14,2
B,18943,Kiara Fuentes,"2022-06-19",mobile,181.25,4
B,18951,Mark Kelly PhD,"2021-07-04",mobile,387.08,5
A,18952,Melanie Knight,"2023-04-15",mobile,624.1,3
B,18953,Andrew Medina,"2024-12-14",mobile,64.73,5
B,18957,Russell Williams,"2024-11-13",mobile,292.83,6
A,18958,Jordan Peterson,"2020-04-12",mobile,617.39,6
A,18960,Brandon Cruz,"2021-02-11",mobile,624.93,7
B,18965,John Matthews,"2021-03-07",mobile,836.0,5
A,18966,Aaron Lewis,"2021-02-26",mobile,70.43,5
A,18968,Heather Peterson,"2023-01-12",mobile,360.44,4
B,18969,Melinda Brady,"2020-08-18",mobile,279.69,4
B,18971,Amy Quinn,"2020-10-15",mobile,57.22,8
B,18973,Megan Kramer,"2021-02-09",mobile,54.95,7
A,18980,Lee Abbott,"2020-07-15",mobile,133.87,2
B,18985,Jeffrey Owen,"2022-03-09",mobile,87.02,5
A,18992,Daniel Peterson,"2023-04-07",mobile,97.9,4
B,18993,Mr. Kyle Richardson DDS,"2024-11-05",mobile,237.0,2
B,18995,Kelly Ward,"2025-07-19",mobile,623.45,7
B,18997,Patricia Faulkner,"2023-10-09",mobile,90.78,4
B,19003,Shelly Perez,"2022-03-25",mobile,254.39,3
B,19009,Morgan Wiley,"2025-09-10",mobile,295.68,5
A,19014,Courtney Kim,"2021-03-22",mobile,77.26,5
A,19018,Riley Jimenez,"2020-11-26",mobile,69.59,3
B,19019,Matthew Wilson,"2024-06-25",mobile,55.74,4
B,19025,Elizabeth Reed,"2021-04-25",mobile,198.95,4
A,19030,Katherine Miller,"2023-02-26",mobile,356.9,8
B,19031,Christopher Johnson,"2023-02-07",mobile,98.46,4
A,19034,Dennis Vega,"2024-12-15",mobile,122.12,4
B,19041,Derek Butler,"2025-03-09",mobile,60.78,4
A,19042,Christopher Miller,"2020-12-03",mobile,395.49,5
B,19043,Ian Anderson,"2025-08-25",mobile,541.0,3
B,19047,Shannon Bell,"2023-02-22",mobile,172.41,2
A,19050,Shawn Patterson,"2022-05-18",mobile,161.07,5
B,19051,Jessica Olson,"2025-06-26",mobile,64.37,6
B,19053,Shannon Livingston,"2023-07-07",mobile,50.87,2
B,19065,Lawrence Thompson,"2020-10-01",mobile,94.32,7
A,19066,Brian Cohen,"2022-05-06",mobile,33.3,2
A,19070,Lorraine Curry,"2024-06-29",mobile,28.73,3
A,19074,Connie Walsh,"2023-06-20",mobile,307.89,4
B,19075,Brian Robinson,"2025-01-12",mobile,387.7,2
B,19077,Elizabeth Gilbert,"2023-03-05",mobile,379.92,4
B,19085,Sarah Miller,"2024-01-21",mobile,423.37,6
B,19087,Travis Davila,"2020-05-02",mobile,63.96,7
A,19088,Martha Robinson,"2024-10-02",mobile,197.37,3
B,19093,Jason Murray,"2022-08-09",mobile,29.99,4
B,19095,Jacob Williams,"2021-02-07",mobile,338.51,4
A,19096,Jessica Sandoval,"2023-11-16",mobile,627.06,4
B,19097,Jennifer Anthony,"2023-12-02",mobile,263.89,2
A,19098,Carrie Alvarez,"2021-07-06",mobile,253.11,9
A,19100,Samuel Luna,"2022-02-01",mobile,792.95,3
B,19109,Andrew Dennis,"2020-11-27",mobile,119.9,6
A,19110,Jack Phillips,"2025-02-06",mobile,19.58,2
B,19111,Michael Weiss,"2024-07-31",mobile,439.74,6
A,19112,Joshua Weaver,"2022-05-07",mobile,46.44,5
A,19116,Kristen Everett,"2022-06-11",mobile,34.29,5
A,19122,Laura Anderson,"2025-05-12",mobile,395.9,9
A,19126,Nicholas Perez,"2024-12-23",mobile,83.82,4
B,19127,Victoria Mcintosh,"2025-06-13",mobile,523.31,4
A,19132,Rachel Kline,"2024-08-16",mobile,80.44,4
B,19133,Eric Santos,"2024-07-22",mobile,54.65,4
B,19135,Jesse Rivera,"2024-06-03",mobile,405.12,2
B,19137,Jennifer Vega,"2023-06-18",mobile,29.99,4
B,19141,Jeremy Bryant,"2022-09-14",mobile,30.8,3
A,19142,Cynthia Ochoa,"2023-04-10",mobile,274.68,4
B,19143,Caitlin Cole,"2024-12-30",mobile,177.82,3
B,19147,Susan Walker,"2020-08-27",mobile,168.06,4
A,19148,Catherine Escobar,"2020-01-23",mobile,82.27,8
B,19151,Lisa Hawkins,"2020-08-14",mobile,246.19,3
A,19152,Tracy Chambers,"2022-08-12",mobile,294.49,2
B,19153,Joseph Kelley,"2021-06-01",mobile,256.46,2
A,19156,Adam Doyle,"2023-09-06",mobile,31.64,6
A,19158,Robert Ruiz,"2024-09-16",mobile,54.02,6
B,19159,Danielle Barr,"2024-11-05",mobile,459.22,2
A,19160,Matthew Padilla,"2024-06-28",mobile,739.36,4
A,19164,Heather Jenkins,"2024-07-22",mobile,236.83,4
A,19170,Linda Schaefer,"2022-11-04",mobile,139.25,3
B,19171,Maria Gray,"2023-11-15",mobile,129.08,4
B,19179,Lori Barnes,"2020-05-06",mobile,161.43,5
B,19183,Denise Dougherty,"2021-03-06",mobile,80.61,3
A,19184,Emily Jones,"2020-07-27",mobile,425.68,3
B,19185,Matthew Medina,"2023-02-11",mobile,253.96,6
B,19191,Christopher Ramirez,"2023-08-15",mobile,46.67,5
A,19194,Anthony Murphy,"2021-05-26",mobile,421.7,3
A,19196,Wanda Aguirre,"2021-01-11",mobile,257.19,5
A,19200,Catherine Chapman,"2023-12-10",mobile,36.68,4
B,19201,Christine Williams,"2025-09-08",mobile,133.45,4
B,19203,Ralph Mccarthy,"2021-04-04",mobile,401.25,5
B,19209,Audrey Edwards,"2023-05-25",mobile,340.66,4
A,19216,Marcus Huff Jr.,"2024-10-10",mobile,92.94,4
A,19218,Joel Thomas,"2020-12-19",mobile,10.55,3
B,19219,Billy Hall,"2021-11-05",mobile,368.06,6
B,19223,Richard Kelly,"2020-06-12",mobile,498.37,5
A,19224,Thomas Mcclure,"2020-03-09",mobile,351.82,5
A,19230,John Marsh,"2020-03-18",mobile,23.76,5
A,19232,Colleen Bailey,"2022-11-07",mobile,299.94,6
B,19233,Devon Floyd,"2021-10-18",mobile,82.24,5
A,19236,Sarah Jones,"2025-09-14",mobile,117.89,2
B,19237,Tina Morales,"2021-03-12",mobile,288.37,5
A,19240,Chelsea Roberts,"2020-05-20",mobile,124.79,6
B,19243,John Hendrix,"2022-10-13",mobile,816.48,3
B,19245,Beth Oliver,"2020-12-12",mobile,152.59,2
A,19248,Joshua Montoya,"2021-12-21",mobile,388.79,2
B,19249,Alicia Martin,"2025-02-08",mobile,77.99,3
A,19254,Stephanie Contreras,"2020-08-23",mobile,88.87,2
A,19256,Luis Mills,"2024-12-22",mobile,33.37,4
A,19258,Cynthia Adams,"2022-06-23",mobile,226.93,4
B,19259,Ricardo Malone,"2024-04-05",mobile,235.45,3
A,19268,Melissa Bennett,"2022-07-15",mobile,73.7,3
B,19273,Jessica Pham,"2020-12-05",mobile,116.09,2
A,19278,Jillian Pruitt,"2023-08-02",mobile,399.43,4
A,19282,Kevin Lester,"2023-05-18",mobile,287.85,4
A,19284,Logan Franklin,"2025-07-15",mobile,87.97,4
A,19288,John Smith,"2022-07-29",mobile,156.9,3
B,19293,Kelly Montoya,"2022-12-31",mobile,573.81,5
B,19295,Dale Chavez,"2024-03-27",mobile,47.42,3
A,19296,Andrea Hawkins,"2025-03-30",mobile,50.79,3
A,19298,Jason Irwin,"2022-12-03",mobile,42.93,4
B,19311,Tara Blankenship,"2023-08-16",mobile,427.44,4
A,19316,Deborah Rodriguez,"2021-05-10",mobile,96.33,7
B,19321,Wanda Kent,"2025-04-14",mobile,413.61,7
A,19322,Logan Lambert,"2021-06-01",mobile,130.68,4
A,19326,Lisa Roman,"2024-04-19",mobile,16.02,4
B,19327,Robert Moss,"2022-04-07",mobile,92.92,5
A,19328,Bethany Hendricks,"2022-08-29",mobile,12.97,5
A,19332,Justin Davis,"2024-05-14",mobile,67.75,2
B,19335,Ashley Phelps,"2022-02-15",mobile,32.33,5
A,19336,Marcus Snow,"2020-07-02",mobile,116.15,3
A,19338,Jessica George,"2020-11-08",mobile,94.68,4
B,19341,Susan Lopez,"2023-06-17",mobile,197.72,7
B,19345,Austin Miller,"2025-10-29",mobile,105.11,3
B,19349,Dustin Castillo,"2023-09-27",mobile,228.94,3
B,19355,Jasmine Dalton,"2022-08-28",mobile,602.27,4
A,19358,Matthew Martin,"2024-04-09",mobile,32.18,6
B,19359,Gregory Booth,"2021-02-21",mobile,144.19,5
B,19373,Taylor Taylor,"2022-02-25",mobile,240.66,4
A,19376,Ann Ellis,"2025-03-02",mobile,107.4,2
A,19380,Joseph Wilson,"2024-01-14",mobile,24.56,6
B,19381,Donna Fischer,"2023-10-27",mobile,14.69,2
A,19382,Mr. James Morris,"2021-03-04",mobile,72.65,2
A,19396,Gregory Rogers,"2020-02-04",mobile,39.49,5
B,19397,Larry Ford,"2023-05-16",mobile,146.65,5
B,19399,Martin Ashley,"2023-05-26",mobile,172.41,3
B,19407,Willie Campos,"2025-10-08",mobile,205.34,3
A,19408,Mrs. Cynthia Christensen,"2024-08-07",mobile,136.67,5
B,19409,Gregory Kline,"2021-11-05",mobile,29.05,4
B,19413,Rachel Gibbs,"2024-11-18",mobile,556.24,5
B,19415,Barbara Jones,"2023-08-29",mobile,453.9,4
B,19417,Kimberly Martinez,"2022-03-04",mobile,161.75,5
B,19419,James Hart,"2021-01-03",mobile,606.43,3
A,19422,Ronald Williams,"2023-06-27",mobile,30.27,4
B,19423,Alexandria Johnson,"2022-10-10",mobile,121.34,3
B,19425,Mark Lewis,"2020-04-26",mobile,198.39,5
B,19427,Jamie Fisher,"2021-11-01",mobile,858.02,7
A,19428,Isaiah Thomas,"2025-01-10",mobile,249.11,5
A,19434,Mathew Fields,"2023-01-02",mobile,81.0,4
A,19444,Diane Price,"2023-12-03",mobile,74.12,3
B,19445,Denise Potter,"2025-02-17",mobile,260.49,6
A,19454,Angel Cohen,"2023-11-06",mobile,63.87,2
B,19459,Stephanie Green,"2025-09-16",mobile,124.26,5
B,19463,Chris Briggs,"2022-01-15",mobile,65.88,4
A,19466,Jeffrey Thompson,"2025-06-30",mobile,72.8,3
A,19470,Tasha Kent,"2020-09-08",mobile,18.52,5
A,19474,Renee Wise,"2021-09-13",mobile,119.79,7
B,19475,Jacob Walter,"2024-01-01",mobile,342.71,5
A,19482,Kristen Gray,"2020-10-20",mobile,71.53,3
A,19484,Joseph Walker,"2023-12-05",mobile,191.53,3
A,19486,Michael Reynolds,"2024-06-15",mobile,48.07,2
B,19495,Amber Park,"2024-11-29",mobile,329.65,3
A,19498,Madeline Hurst,"2023-07-09",mobile,24.47,2
B,19501,Joshua Hall,"2023-08-09",mobile,13.55,4
B,19503,Steven Burns,"2021-12-23",mobile,134.87,7
B,19507,Amanda Anderson MD,"2023-12-16",mobile,124.18,2
A,19508,Robert Hernandez,"2020-01-30",mobile,11.72,4
A,19512,Ethan Everett,"2025-03-05",mobile,49.56,5
A,19514,Margaret Weaver,"2020-09-24",mobile,21.08,4
A,19516,Matthew Anderson,"2025-01-27",mobile,108.07,3
B,19521,Nancy Williams,"2022-01-30",mobile,86.41,3
A,19524,Alexis Moody,"2020-03-08",mobile,53.96,5
A,19526,Patrick Watkins,"2020-09-20",mobile,408.49,2
B,19527,Nancy Atkins,"2020-10-05",mobile,115.46,5
A,19528,Justin White,"2021-06-07",mobile,354.23,6
B,19529,Cindy Hodges,"2023-11-23",mobile,255.49,3
B,19533,Michael Sanchez,"2023-08-17",mobile,40.09,4
B,19535,Anita Williams,"2022-03-08",mobile,361.9,5
A,19536,Ricardo Murphy,"2022-09-25",mobile,17.48,3
B,19539,Jeffrey Palmer,"2021-03-15",mobile,85.31,5
B,19545,Claire Berry,"2020-05-31",mobile,10.67,2
A,19548,Zachary Vasquez,"2025-10-06",mobile,70.43,3
B,19549,Drew Romero,"2023-09-25",mobile,231.04,7
A,19550,Danny Chavez,"2022-12-08",mobile,167.29,5
A,19552,Zachary Cruz,"2022-12-08",mobile,35.73,4
B,19555,Melissa Lee,"2024-09-03",mobile,303.58,3
A,19556,Michael Nelson,"2020-12-27",mobile,22.17,4
B,19563,Calvin Mahoney,"2021-02-22",mobile,71.58,4
A,19564,Vickie Wright,"2022-06-03",mobile,688.11,5
A,19566,Jessica Kent,"2020-10-04",mobile,407.66,2
A,19568,Tara Smith,"2020-10-05",mobile,363.45,4
A,19570,Alexis Jackson Jr.,"2021-07-11",mobile,32.51,3
A,19578,Christopher Davis,"2021-01-29",mobile,211.33,6
B,19581,Michael White,"2023-01-17",mobile,517.9,5
A,19582,Kenneth Lopez,"2020-06-30",mobile,207.27,3
B,19583,Arthur Jackson,"2023-05-10",mobile,56.01,5
A,19588,Lisa Hughes,"2022-12-27",mobile,140.87,2
B,19589,Jessica Peters,"2023-02-14",mobile,84.54,2
A,19590,Cathy Baker,"2020-05-18",mobile,86.97,3
B,19595,Darren Randall,"2023-02-09",mobile,35.52,4
B,19597,Donna Mccoy,"2025-01-06",mobile,516.64,6
B,19601,Tiffany Williams,"2022-10-18",mobile,52.01,2
A,19602,Jeremiah Martin,"2024-08-03",mobile,89.74,3
B,19605,Corey Powell,"2020-05-20",mobile,153.86,4
B,19611,Cassie Dixon,"2024-01-03",mobile,245.84,4
A,19616,Pamela Richard,"2020-05-12",mobile,32.52,4
B,19621,Robert Pope,"2023-08-17",mobile,23.38,4
B,19623,Courtney Cook,"2025-08-01",mobile,110.22,5
A,19626,Rebecca Rodriguez,"2023-11-22",mobile,85.59,2
B,19627,Matthew Wright,"2021-12-16",mobile,33.72,3
A,19636,Brenda Melton,"2020-01-13",mobile,243.1,2
B,19643,Mackenzie Davis,"2025-07-11",mobile,313.15,10
B,19645,Timothy Flores,"2022-11-20",mobile,171.51,3
A,19646,Jared Hughes,"2022-11-13",mobile,595.63,9
B,19647,Olivia Ward,"2023-08-03",mobile,17.51,4
B,19649,Michael Allen,"2025-07-01",mobile,194.72,5
B,19651,Jennifer Robinson,"2023-12-29",mobile,228.42,2
A,19652,Tyler Williams,"2022-04-25",mobile,61.21,2
A,19654,Tara Prince,"2025-09-06",mobile,380.37,2
B,19655,Jordan Luna,"2023-09-04",mobile,50.07,4
A,19658,Kylie Rivas,"2022-04-26",mobile,55.94,3
B,19659,Michele Evans,"2024-01-13",mobile,368.9,4
B,19661,Jeffery Mccall,"2021-07-29",mobile,263.55,2
A,19664,Chloe Malone,"2025-07-07",mobile,177.91,7
A,19666,Alison Miller,"2023-07-01",mobile,85.82,5
B,19667,Mariah Green,"2022-02-27",mobile,145.01,5
B,19669,William Nelson,"2022-12-03",mobile,128.55,4
A,19670,Brian Potter,"2020-01-09",mobile,132.89,3
B,19673,Fernando Estrada,"2025-05-23",mobile,179.21,4
B,19675,Brittany Joseph,"2021-01-30",mobile,19.82,2
A,19678,Beverly Williams,"2021-05-20",mobile,67.8,5
B,19679,Aaron Velasquez,"2023-06-02",mobile,53.71,4
A,19680,Justin Bryan,"2020-07-26",mobile,453.63,7
A,19684,Derek Schneider,"2020-02-13",mobile,1929.44,4
B,19687,Ashley Johnson,"2022-12-30",mobile,30.91,2
A,19692,Joy Taylor,"2024-09-25",mobile,132.42,5
A,19696,Gary Sheppard,"2022-10-16",mobile,47.81,7
A,19706,Melinda Velez,"2025-10-06",mobile,71.66,4
B,19709,Christina Bowen,"2023-03-18",mobile,276.83,2
B,19711,Andrew Thompson,"2025-08-10",mobile,331.6,4
B,19713,Maria Sanders,"2021-12-19",mobile,49.28,3
A,19714,Sherry Rice,"2024-09-03",mobile,277.87,3
B,19717,Dr. Kelly Reese,"2024-04-29",mobile,43.04,3
B,19721,Nicholas Eaton,"2025-06-20",mobile,356.92,3
A,19722,Dr. Thomas Duran,"2025-03-24",mobile,153.22,3
A,19726,Brittany Glass MD,"2023-07-14",mobile,496.78,4
A,19738,Hunter Smith,"2023-06-18",mobile,80.02,4
A,19740,Brenda Morgan,"2024-01-01",mobile,135.97,3
B,19743,Matthew Weber,"2022-01-22",mobile,637.96,3
A,19744,Tina Craig,"2021-03-16",mobile,341.51,3
B,19757,Chelsea Perkins,"2024-10-29",mobile,118.08,2
B,19761,Jamie Fuentes,"2023-11-27",mobile,55.02,4
B,19767,Shirley Mason,"2023-10-07",mobile,185.57,4
B,19769,Alexandra Sanchez,"2024-07-22",mobile,114.6,4
A,19770,Frank King,"2022-04-05",mobile,211.19,4
B,19771,James Howard DVM,"2021-03-22",mobile,789.13,5
B,19773,Stacey Buchanan,"2022-11-02",mobile,29.17,5
B,19775,Kristine Fisher,"2024-12-27",mobile,105.62,5
A,19776,Brian Brewer,"2020-10-29",mobile,123.54,5
B,19779,Chase Taylor,"2021-01-04",mobile,73.34,2
A,19780,Sarah Williams,"2023-10-28",mobile,10.21,2
A,19782,Diane Johnson,"2024-07-09",mobile,583.16,7
B,19785,Darlene Chambers,"2024-08-31",mobile,866.97,8
A,19786,Tracy Johnson,"2023-01-14",mobile,232.95,5
A,19788,Denise Cruz,"2021-10-27",mobile,321.65,6
B,19793,Richard Greene,"2021-04-22",mobile,297.06,4
B,19795,Charles Flynn,"2023-02-08",mobile,482.85,2
A,19796,Thomas Davis,"2025-05-03",mobile,79.39,4
A,19804,Emma Hendrix,"2023-09-18",mobile,12.01,6
B,19811,Maurice Carson,"2020-01-18",mobile,279.42,5
A,19814,Justin Burns,"2020-11-13",mobile,166.06,5
B,19819,Christine Blevins,"2025-04-04",mobile,392.88,7
A,19828,Elizabeth Richardson,"2022-12-17",mobile,97.36,4
B,19829,Joseph Ferrell,"2023-09-25",mobile,264.88,4
A,19830,Mrs. Rachel Giles,"2025-09-11",mobile,52.81,2
A,19832,Matthew Ortiz,"2023-07-16",mobile,98.52,8
A,19838,Alexander Robertson,"2024-07-19",mobile,189.3,3
B,19841,Darren Jenkins,"2022-07-19",mobile,324.96,5
B,19843,Christine Day,"2024-08-07",mobile,245.46,4
A,19850,Victoria Sanford,"2021-10-28",mobile,73.78,2
B,19851,Dr. Christopher Brown,"2023-08-10",mobile,310.45,3
A,19854,Robin Copeland,"2021-03-03",mobile,69.26,3
B,19855,Joel Ortiz,"2021-04-03",mobile,233.97,4
B,19857,Alexander Young,"2024-12-27",mobile,122.74,3
B,19865,Alexis Wright,"2024-05-25",mobile,199.51,4
A,19866,Samantha Martinez,"2025-09-18",mobile,120.14,5
A,19868,Jennifer Novak,"2025-03-18",mobile,461.69,8
B,19873,Jessica Soto,"2020-02-02",mobile,604.75,5
A,19874,Deborah Garcia,"2021-10-15",mobile,191.07,5
A,19882,Crystal Hensley,"2023-08-10",mobile,828.84,5
A,19886,Patrick Fitzpatrick,"2023-09-10",mobile,148.11,3
B,19891,Nicole Colon,"2023-05-31",mobile,95.39,6
A,19898,Chelsea Davis,"2021-02-28",mobile,101.06,7
A,19902,Dr. Nicholas Bird DDS,"2023-02-13",mobile,187.74,4
A,19906,Paul Alexander,"2023-07-22",mobile,440.91,8
B,19907,John Sullivan,"2020-07-29",mobile,257.78,4
A,19908,Zachary Kennedy,"2021-06-15",mobile,79.83,6
A,19912,Brenda Taylor,"2023-03-10",mobile,12.26,4
A,19916,Michael Galvan,"2024-03-10",mobile,12.49,4
A,19920,Karen Lewis,"2021-08-10",mobile,293.47,5
B,19927,James Hughes,"2023-07-11",mobile,62.51,3
A,19928,James Ford,"2020-01-06",mobile,468.19,7
B,19929,Kristine Brown,"2024-03-15",mobile,1100.05,4
B,19931,Richard Frank,"2023-12-19",mobile,59.21,3
A,19932,Shannon Gregory,"2023-11-23",mobile,69.19,3
B,19935,George Waller,"2022-02-15",mobile,272.76,4
A,19942,Lisa Fields,"2021-09-15",mobile,92.8,5
A,19944,Brenda Rodriguez,"2024-09-11",mobile,49.79,3
A,19948,Aaron Graham,"2020-08-18",mobile,216.98,2
A,19952,William Grant,"2025-05-06",mobile,219.61,3
B,19953,Brooke Lindsey,"2024-02-21",mobile,61.43,4
A,19958,Rebecca Ramirez,"2024-04-28",mobile,144.48,5
A,19960,Kimberly Smith,"2024-10-24",mobile,195.0,3
B,19963,Austin Love,"2020-03-22",mobile,490.15,5
A,19964,Charles Ray,"2022-06-07",mobile,11.97,5
A,19966,Michael Hernandez,"2022-10-31",mobile,32.99,5
B,19971,Ryan Ward,"2023-01-22",mobile,200.69,4
A,19976,James Allen,"2022-04-20",mobile,115.48,6
A,19978,Eric Ramirez,"2020-01-23",mobile,302.36,5
B,19981,Laurie Booker,"2020-08-31",mobile,151.56,5
A,19982,Cynthia Foley,"2025-10-24",mobile,20.41,4
B,19985,Gregory Mills,"2023-07-18",mobile,269.69,4
B,19987,Olivia Ramos,"2022-03-22",mobile,166.16,3
B,19993,Randall Johnson,"2022-12-24",mobile,443.19,4
A,19994,Christopher Hill,"2023-06-12",mobile,263.3,3
A,19996,Leroy Proctor,"2025-04-28",mobile,65.53,2
A,19998,David Lara,"2020-08-30",mobile,466.39,4
