"customer_id","experiment_group","name","signup_date","age","country","total_order","total_transaction","aov"
1,B,Jennifer Salinas,"2020-09-04",71,JP,1,37.9,37.9
4,A,Mario Butler,"2022-06-30",63,FR,1,242.06,242.06
8,A,Rachael Morales,"2022-10-09",33,GB,1,207.4,207.4
9,B,Laura Guzman,"2024-07-29",32,US,1,122.51,122.51
10,A,Alexander Lopez,"2023-01-13",39,JP,2,176.97,88.49
14,A,Matthew Thompson,"2021-01-13",28,SG,3,380.89,126.96
15,B,Paul Neal,"2020-06-14",52,AU,1,18.97,18.97
17,B,David Young,"2025-05-15",31,US,2,497.1,248.55
20,A,Stephen Mccormick,"2022-06-02",33,AE,2,266.89,133.44
32,A,Christopher Mcmillan,"2020-11-27",69,MX,1,75.05,75.05
35,B,Stephen Hall,"2025-08-17",60,PL,1,43.17,43.17
37,B,Joel Norris,"2020-06-26",59,FR,2,239.33,119.67
40,A,Monica Garcia,"2023-01-09",64,DE,2,212.18,106.09
46,A,David Haynes,"2024-01-05",18,GB,1,45.87,45.87
48,A,Mary Salas,"2020-04-01",49,ES,2,441.99,221.0
49,B,Joshua Martin,"2023-11-30",49,SE,1,132.2,132.2
51,B,Patrick Bryant,"2023-08-16",25,FR,2,267.34,133.67
52,A,Lisa Walsh,"2022-04-06",48,DE,1,16.53,16.53
55,B,Carl Frank,"2023-03-14",45,US,1,325.53,325.53
57,B,Penny Harrison,"2021-10-21",48,US,1,97.38,97.38
60,A,Justin Nguyen,"2025-08-21",22,BR,1,30.27,30.27
61,B,Adam Lynn,"2024-01-15",29,ES,2,273.29,136.65
69,B,Angel Doyle,"2023-10-28",20,CA,1,367.86,367.86
73,B,Haley Harris,"2021-12-25",41,US,1,144.82,144.82
75,B,Jennifer Andrews,"2021-11-03",48,CA,1,589.54,589.54
76,A,Thomas Franklin,"2023-11-19",66,GB,1,77.18,77.18
78,A,Carrie Alvarado,"2020-03-12",67,SE,1,273.37,273.37
79,B,Shane Taylor,"2020-01-01",69,US,1,709.76,709.76
81,B,Jennifer Dominguez,"2021-03-03",53,GB,3,118.99,39.66
92,A,Lauren Bray,"2024-05-12",46,PL,3,278.13,92.71
95,B,William Robles,"2025-01-13",54,MX,1,43.95,43.95
97,B,Daniel Scott,"2024-06-15",70,GB,1,245.76,245.76
99,B,Jonathan Harris,"2022-10-16",18,BR,2,528.82,264.41
104,A,Dawn Johnson,"2021-12-23",63,DE,1,36.52,36.52
106,A,Tammy Mccarthy,"2021-11-22",74,AU,1,82.54,82.54
107,B,Thomas Hunter,"2020-04-20",74,NL,2,397.49,198.75
109,B,Jose Stevenson,"2022-10-28",40,PL,1,1290.44,1290.44
113,B,Ross Miller,"2024-09-05",58,AU,1,50.89,50.89
114,A,Janice Johnson,"2025-01-13",30,SG,1,202.8,202.8
117,B,Ryan Cook,"2025-01-03",75,US,3,901.0,300.33
118,A,Ashley Irwin,"2024-07-19",53,FR,2,212.66,106.33
121,B,Alexis Roman,"2022-01-04",25,US,1,119.2,119.2
123,B,Christopher Townsend,"2020-08-15",38,NL,1,113.45,113.45
127,B,Phillip Anderson,"2022-10-18",49,DE,2,419.14,209.57
129,B,Howard Sanchez,"2021-04-23",45,BR,2,359.8,179.9
143,B,David Williams,"2023-05-16",64,DE,1,321.14,321.14
144,A,Tyler Mccall,"2025-03-07",36,DE,2,160.97,80.49
146,A,Natalie Mitchell,"2022-01-31",30,ES,1,38.57,38.57
147,B,Christina Page,"2024-04-23",73,IN,1,137.76,137.76
149,B,Jennifer Glass,"2025-08-09",42,US,1,140.18,140.18
152,A,Ashley Perez,"2023-07-23",41,ZA,1,123.64,123.64
154,A,Mark Chen,"2020-09-29",35,AU,2,105.67,52.83
160,A,Tina Johnson,"2024-07-04",22,US,1,31.36,31.36
161,B,Kimberly Murillo,"2024-07-10",44,AU,1,73.81,73.81
162,A,Heather Gould,"2021-06-23",69,FR,1,40.42,40.42
163,B,Mariah Hebert,"2022-11-16",75,DE,1,40.34,40.34
167,B,Christine Barry,"2021-02-06",49,AE,1,237.34,237.34
169,B,Michael Smith,"2024-05-12",62,ES,1,173.78,173.78
171,B,Jennifer Martinez,"2022-11-27",60,IN,1,10.21,10.21
172,A,Christopher Mills,"2020-01-01",54,MX,1,183.91,183.91
173,B,Melinda Riley,"2022-03-01",75,AU,3,329.06,109.69
175,B,Daniel Foster,"2022-04-06",37,JP,1,159.72,159.72
181,B,Jennifer Durham,"2024-04-16",42,IN,2,438.82,219.41
186,A,Jessica Branch,"2024-08-28",39,SG,2,201.48,100.74
188,A,Brianna Smith,"2022-11-23",22,DE,2,303.1,151.55
190,A,Anita Roberts,"2021-12-06",57,DE,1,109.31,109.31
192,A,Mary Bell,"2022-08-24",42,BR,1,106.4,106.4
193,B,Zachary Morales,"2025-05-18",54,MX,2,180.55,90.28
196,A,Dawn Graham,"2024-05-30",46,US,1,373.48,373.48
197,B,Lauren Dominguez,"2025-08-29",31,CA,1,79.23,79.23
202,A,Kristin Thompson,"2024-05-19",40,BR,1,445.93,445.93
203,B,Victor Jackson,"2025-02-18",32,BR,1,47.62,47.62
206,A,Mark Wilson,"2024-05-20",29,AE,1,249.84,249.84
207,B,Linda Murray,"2024-04-03",73,US,1,256.62,256.62
210,A,Benjamin Smith,"2020-12-16",41,MX,1,428.76,428.76
214,A,Stephanie Fleming,"2023-08-09",62,US,2,77.1,38.55
215,B,Jamie Holland,"2022-05-07",31,GB,1,147.06,147.06
216,A,Sara King,"2023-12-25",67,US,2,461.91,230.96
218,A,Whitney Morrison,"2022-01-06",32,NL,2,307.51,153.76
222,A,Carly Phillips,"2023-08-11",21,JP,1,74.02,74.02
225,B,Matthew Cunningham,"2021-06-17",52,AU,1,75.36,75.36
227,B,Bradley Guerrero,"2023-06-28",45,DE,1,82.47,82.47
228,A,Jeremy Green,"2021-05-18",46,AU,1,155.39,155.39
229,B,Connie Hood,"2021-08-23",25,PL,1,116.54,116.54
231,B,Jason Jones,"2025-01-13",35,ES,1,54.03,54.03
246,A,Emily Rogers,"2020-03-24",69,AU,1,228.32,228.32
251,B,Katrina Reid,"2022-03-20",69,US,1,213.07,213.07
254,A,Tanya Willis,"2021-05-12",42,JP,2,92.08,46.04
259,B,Curtis Morrison,"2020-10-05",27,ZA,1,147.49,147.49
263,B,Felicia Snyder,"2020-06-22",20,US,2,20.44,10.22
264,A,Evan Valdez,"2025-05-11",47,US,1,188.24,188.24
266,A,Leah Peters,"2021-09-07",72,DE,3,347.3,115.77
270,A,Jonathan Peters,"2025-04-29",21,AE,1,214.03,214.03
276,A,Peter Day,"2023-04-05",59,US,1,20.98,20.98
280,A,Sharon White,"2025-03-26",75,US,1,44.18,44.18
283,B,Michelle Macias,"2022-09-15",53,AU,1,51.34,51.34
289,B,Richard Crane,"2020-01-14",67,US,1,488.48,488.48
293,B,Ryan Bowers,"2020-04-20",64,ES,1,75.91,75.91
302,A,Jodi Miller,"2022-02-12",50,GB,1,435.02,435.02
307,B,Ricky Williamson,"2021-01-08",71,AU,1,78.99,78.99
308,A,Paul Booker,"2022-11-10",32,US,1,100.04,100.04
309,B,James Lane,"2021-11-26",21,GB,1,12.97,12.97
310,A,Max Rivera,"2025-03-19",67,GB,1,119.42,119.42
315,B,Billy Roth,"2022-03-15",61,US,1,38.57,38.57
320,A,Eric Delacruz,"2023-03-25",26,JP,3,121.08,40.36
322,A,Robert Gonzalez,"2021-07-07",19,DE,2,160.3,80.15
323,B,Karl Morris,"2023-11-24",36,US,1,62.24,62.24
326,A,Kathleen Smith,"2025-08-27",41,IN,1,168.69,168.69
327,B,Rebecca Ferguson,"2021-08-14",63,GB,4,781.26,195.32
335,B,John Smith,"2025-01-05",29,NL,2,203.33,101.67
339,B,Brian Collier,"2023-06-12",19,SG,1,162.55,162.55
343,B,Shelley Castillo,"2025-04-20",42,NL,2,457.37,228.69
345,B,Katie Richardson,"2023-02-23",27,GB,1,154.05,154.05
352,A,Jorge Jackson,"2025-01-03",39,FR,1,234.88,234.88
354,A,Erin Jones,"2020-06-01",50,ES,3,287.94,95.98
358,A,Audrey Schmitt,"2020-08-18",46,NL,1,231.1,231.1
359,B,Kristina Rich,"2021-04-25",45,US,3,260.2,86.73
369,B,Kayla Bennett,"2022-06-12",39,SG,2,458.73,229.36
372,A,James Collins,"2020-09-20",52,US,2,143.78,71.89
373,B,Karen Smith,"2022-03-28",24,JP,1,104.84,104.84
375,B,Joshua Russell,"2024-03-19",46,SE,1,101.07,101.07
376,A,William Ward DVM,"2025-01-04",48,BR,1,199.68,199.68
381,B,Timothy Dean,"2024-12-16",35,JP,1,11.16,11.16
382,A,Douglas Nichols,"2023-02-13",70,FR,2,853.33,426.66
387,B,Jennifer Porter,"2020-01-12",73,US,2,223.79,111.9
389,B,Aaron Berry,"2024-10-02",55,MX,1,25.48,25.48
392,A,Michele Salazar,"2022-11-14",40,US,2,258.56,129.28
393,B,Daniel Walker,"2024-12-31",57,SG,1,94.39,94.39
394,A,Michael Jones,"2024-04-11",19,US,1,158.16,158.16
395,B,Anthony Griffin,"2025-08-25",20,PL,3,154.11,51.37
398,A,James Blevins,"2024-05-06",52,SE,1,27.79,27.79
400,A,Darlene May,"2024-02-08",61,DE,1,80.65,80.65
401,B,Cheryl Gilbert,"2023-11-05",63,MX,1,13.82,13.82
405,B,Henry Garcia,"2022-04-27",39,SE,1,75.36,75.36
406,A,Jordan Garcia,"2020-04-10",56,FR,1,234.11,234.11
408,A,Christine King,"2021-12-13",48,DE,1,107.6,107.6
414,A,Shannon Jackson,"2022-02-01",72,DE,1,407.17,407.17
415,B,Bailey Jimenez,"2020-06-16",30,FR,2,301.43,150.72
425,B,Donald Parker,"2025-06-25",23,MX,1,63.52,63.52
426,A,Adriana Jones,"2021-01-15",46,GB,1,216.54,216.54
433,B,Rebecca Patel,"2023-12-06",57,CA,2,187.48,93.74
436,A,Lynn Holland,"2023-09-30",74,JP,1,138.66,138.66
439,B,Christine Green,"2023-09-06",47,FR,2,56.32,28.16
442,A,James Horton,"2024-08-08",74,CA,1,43.85,43.85
449,B,James Hubbard,"2025-08-20",52,CA,1,11.92,11.92
453,B,Antonio Lee,"2022-09-23",61,IN,1,137.37,137.37
455,B,Tony Warren,"2020-07-28",62,AU,2,257.52,128.76
457,B,Lynn Garcia,"2021-06-17",73,IN,2,44.56,22.28
458,A,Karen Scott,"2024-09-06",63,NL,2,78.95,39.48
459,B,Melissa Johnson,"2025-03-30",35,US,2,108.68,54.34
466,A,Laura Carrillo,"2021-04-03",72,GB,2,97.3,48.65
469,B,Amy Young,"2024-07-13",29,GB,2,448.52,224.26
470,A,Kelly Walker,"2025-05-24",19,DE,1,150.37,150.37
472,A,Walter Harrell,"2021-01-10",62,US,3,523.71,174.57
479,B,Crystal Moss,"2023-11-17",32,BR,1,109.67,109.67
481,B,Jesse Rivera,"2020-05-21",31,CA,3,368.36,122.79
482,A,Melissa Rhodes,"2023-02-17",40,ES,1,12.64,12.64
484,A,Samuel Wong,"2023-01-13",28,FR,2,306.15,153.08
485,B,Leah Gonzalez,"2025-08-06",28,JP,2,107.98,53.99
489,B,Timothy Baker,"2022-03-30",58,GB,4,173.73,43.43
495,B,Kathryn Boyd,"2025-10-07",47,FR,5,345.51,69.1
496,A,Jose Lewis,"2025-09-23",45,IN,1,83.24,83.24
497,B,Dr. Stephanie Anderson,"2020-11-08",29,US,1,161.66,161.66
499,B,Emily Carter,"2023-04-20",24,GB,3,519.8,173.27
500,A,Julia Gonzalez,"2024-11-29",28,BR,3,364.54,121.51
502,A,Austin Lara,"2020-11-03",73,US,1,159.49,159.49
505,B,Barry Christensen,"2022-08-09",56,AU,3,603.35,201.12
507,B,Melody Stewart,"2024-01-31",59,BR,1,375.01,375.01
510,A,Olivia Long,"2020-06-05",31,CA,3,728.95,242.98
511,B,Katherine Dillon,"2022-02-24",34,BR,1,73.44,73.44
513,B,Roberto Roy,"2022-01-23",64,BR,1,48.62,48.62
514,A,Tiffany Murphy,"2021-11-25",25,MX,1,69.49,69.49
519,B,Sherry Taylor,"2024-05-10",61,AE,1,55.18,55.18
521,B,Gabriel Johnson,"2023-06-16",70,MX,1,59.77,59.77
523,B,Stephanie Ruiz,"2024-11-20",53,MX,1,108.95,108.95
531,B,Thomas Arnold,"2021-02-02",23,US,3,255.12,85.04
536,A,Christopher Brennan,"2023-07-13",25,MX,1,301.86,301.86
537,B,Russell Coleman,"2022-07-21",46,ES,1,25.51,25.51
541,B,Jonathan White,"2020-12-06",59,PL,1,47.24,47.24
543,B,Tracy Powell,"2022-05-08",56,DE,2,122.24,61.12
545,B,Mark Mora,"2022-01-09",19,US,1,29.64,29.64
548,A,Marilyn Mitchell,"2020-07-14",69,US,1,15.86,15.86
549,B,Renee Alexander,"2022-07-25",70,NL,1,77.31,77.31
551,B,Krystal Vincent,"2020-02-19",50,US,1,471.96,471.96
552,A,Lori Smith,"2020-09-10",53,BR,3,329.31,109.77
554,A,Bryan Maddox,"2023-07-19",55,FR,1,508.23,508.23
555,B,Brittany Monroe,"2020-05-25",24,SE,2,191.36,95.68
569,B,Philip Berry,"2020-09-04",63,GB,2,119.02,59.51
570,A,Brandi Bennett,"2022-03-16",30,IN,1,17.78,17.78
571,B,Angela Cole,"2021-06-24",24,IN,2,76.04,38.02
576,A,John Miller,"2022-06-06",54,FR,1,93.06,93.06
578,A,Sara Green,"2022-11-15",47,SG,1,305.54,305.54
579,B,Courtney Green,"2020-09-10",65,GB,1,24.47,24.47
584,A,Leah Martin,"2020-10-02",54,US,1,75.93,75.93
585,B,Mr. Gary Lane Jr.,"2024-01-26",24,DE,2,37.79,18.89
589,B,Tammy Gay,"2021-11-14",18,DE,1,23.83,23.83
590,A,Emily Carroll,"2025-05-15",18,DE,3,367.35,122.45
591,B,Samantha Smith,"2021-12-10",33,FR,2,159.8,79.9
593,B,Kyle Wolfe,"2024-04-15",46,US,1,206.67,206.67
595,B,Martha Martin,"2021-01-22",55,ZA,4,327.05,81.76
608,A,Erin Johnson,"2025-10-05",26,MX,1,62.1,62.1
609,B,Benjamin Daniels,"2021-10-11",39,ES,2,516.71,258.35
610,A,Dawn Garcia,"2022-11-01",46,SG,1,13.46,13.46
612,A,Allison Lopez,"2020-06-28",22,US,2,280.16,140.08
614,A,Candice Kim,"2024-04-15",44,JP,1,184.12,184.12
615,B,David Solomon,"2021-03-05",55,ZA,2,334.42,167.21
616,A,April Williams,"2022-11-20",49,GB,1,202.41,202.41
619,B,Courtney Ramirez,"2022-11-08",19,SG,1,405.56,405.56
624,A,Megan Reid,"2024-04-01",42,SE,1,37.77,37.77
626,A,Nathan Mclaughlin,"2023-09-04",56,BR,2,73.35,36.68
637,B,Debra Parsons,"2022-06-18",18,JP,2,601.77,300.89
644,A,William May,"2022-12-11",46,US,1,74.58,74.58
646,A,Joseph Ward,"2020-02-27",68,NL,2,242.72,121.36
647,B,Amy Bennett,"2021-01-14",71,US,1,31.86,31.86
651,B,Megan Paul,"2021-01-13",47,MX,1,138.36,138.36
655,B,Clayton Edwards,"2022-03-13",67,US,2,143.83,71.92
662,A,Kathryn Johnson,"2020-03-04",25,IN,2,18.71,9.35
663,B,Mary Sullivan,"2022-08-09",37,ZA,3,265.42,88.47
666,A,Aaron Lindsey,"2023-06-02",28,MX,3,130.15,43.38
668,A,John Davenport,"2021-01-25",60,GB,2,109.45,54.73
669,B,Jordan Hernandez,"2023-06-25",25,AU,1,54.77,54.77
672,A,Randall Hudson,"2021-01-30",22,MX,1,127.01,127.01
673,B,Linda Ayers,"2022-05-26",25,GB,1,43.7,43.7
676,A,Clarence Smith,"2020-10-05",46,JP,1,185.24,185.24
683,B,Corey Meyers,"2023-06-28",36,NL,1,195.58,195.58
685,B,Gabrielle Anderson,"2025-01-05",57,ES,4,662.09,165.52
686,A,Melissa Martin,"2022-02-28",73,AU,2,103.14,51.57
691,B,James Lynch,"2021-11-18",30,DE,1,13.62,13.62
696,A,Breanna Nicholson,"2024-11-07",28,FR,1,181.92,181.92
702,A,Kayla Larson,"2022-01-04",37,ES,1,134.87,134.87
703,B,Selena Solis,"2024-07-27",22,FR,3,242.81,80.94
707,B,Michael Yang,"2025-07-25",25,FR,1,24.84,24.84
710,A,Judy Cook,"2021-12-24",47,GB,1,35.43,35.43
718,A,Julie Reed,"2024-03-30",63,GB,2,210.65,105.33
723,B,Michael Stafford,"2025-07-04",31,DE,3,468.21,156.07
726,A,John Jenkins,"2024-01-05",62,ZA,1,75.93,75.93
730,A,Lauren Smith,"2021-09-06",43,SG,2,563.06,281.53
732,A,Mr. Jonathan Johnson DDS,"2021-03-31",64,US,2,299.9,149.95
734,A,John Garcia,"2022-07-31",50,GB,4,272.02,68.0
738,A,Carmen Baker,"2022-10-22",67,CA,1,465.1,465.1
739,B,Veronica Carrillo,"2023-08-29",39,GB,2,176.23,88.11
740,A,Jose Cruz,"2025-07-03",18,GB,1,48.32,48.32
741,B,Donna Wood,"2022-04-26",41,US,2,487.44,243.72
751,B,Michael Miller,"2024-03-28",21,DE,1,91.14,91.14
753,B,Jesse Cox,"2021-08-06",39,US,2,423.17,211.59
759,B,Ronald Roberts,"2021-10-05",40,JP,1,165.11,165.11
767,B,Stacy Young,"2023-12-09",69,ES,2,194.06,97.03
772,A,Olivia Anderson,"2020-05-16",19,AU,2,190.09,95.04
774,A,Manuel Flores,"2022-02-25",19,GB,1,169.84,169.84
775,B,Elizabeth Hall,"2024-10-23",20,GB,3,281.29,93.76
778,A,Mr. Matthew George II,"2025-09-27",26,PL,1,83.31,83.31
784,A,Valerie Chandler,"2021-02-12",44,NL,1,72.39,72.39
793,B,Marcus Callahan,"2023-12-11",28,ZA,2,854.28,427.14
794,A,Timothy Morgan,"2024-09-22",69,BR,1,43.76,43.76
795,B,John Freeman,"2021-01-02",46,AE,2,821.01,410.51
798,A,Amanda Mahoney,"2025-07-31",18,GB,1,199.84,199.84
799,B,Grant Briggs,"2023-08-01",26,PL,2,193.29,96.64
801,B,Amanda Martinez,"2024-06-01",43,DE,2,394.23,197.12
802,A,Denise Johnson,"2022-03-22",56,DE,2,233.23,116.62
803,B,Nancy Clark MD,"2020-02-22",25,DE,1,24.6,24.6
804,A,Michael Hunter,"2023-10-26",25,US,1,74.14,74.14
811,B,Carol Cooper,"2023-11-27",21,JP,2,208.48,104.24
812,A,Jessica Wilson,"2021-11-01",69,US,1,52.06,52.06
816,A,Nathan Foster,"2021-01-13",46,PL,3,1246.78,415.59
817,B,Keith Hernandez,"2024-11-15",23,MX,2,301.63,150.81
819,B,Shelly Leach,"2020-07-21",56,DE,2,249.66,124.83
820,A,Sharon Hodge,"2022-02-17",57,FR,3,475.42,158.47
825,B,Erin Obrien,"2023-10-19",27,BR,1,200.65,200.65
829,B,Jill Walter,"2023-06-08",43,MX,2,581.74,290.87
834,A,Rodney Pierce,"2023-12-02",56,NL,1,130.29,130.29
838,A,Rachel Tran,"2020-12-04",53,BR,2,144.06,72.03
846,A,Christopher Turner,"2022-03-06",67,SG,2,277.86,138.93
850,A,Charles Juarez,"2022-05-01",23,GB,1,66.56,66.56
854,A,Mary Jordan,"2025-08-03",36,NL,1,17.42,17.42
863,B,Thomas Harrison Jr.,"2022-09-18",46,US,3,176.46,58.82
864,A,Blake Stout,"2023-06-04",37,CA,1,115.16,115.16
865,B,Katelyn Allison,"2024-09-09",33,DE,1,85.25,85.25
869,B,Brent Valentine,"2025-03-08",74,US,1,50.31,50.31
872,A,Mitchell Cabrera,"2020-06-21",66,US,1,83.92,83.92
878,A,Blake Cuevas,"2024-09-16",41,SE,2,445.92,222.96
882,A,Elizabeth Lee,"2022-05-28",52,SE,1,135.02,135.02
890,A,Lisa Henderson,"2020-01-15",68,SG,1,87.34,87.34
895,B,Jeffrey Johnson,"2024-02-29",53,SE,1,71.75,71.75
898,A,Tiffany Johnson,"2020-05-20",48,JP,1,257.58,257.58
899,B,William Ellison,"2024-11-05",32,FR,2,145.76,72.88
901,B,Steven Smith,"2024-10-01",55,JP,2,242.47,121.24
903,B,Barbara Smith,"2021-11-06",22,BR,2,65.44,32.72
904,A,Cynthia Vincent,"2024-05-02",26,DE,1,11.72,11.72
905,B,Mrs. Patricia Solis,"2025-08-31",33,BR,1,61.83,61.83
906,A,Angela Christensen,"2021-11-20",43,DE,3,358.37,119.46
907,B,Amy Graham MD,"2020-06-24",44,US,2,162.21,81.11
912,A,Jennifer Allen,"2022-09-29",73,CA,1,27.22,27.22
916,A,David Reyes,"2022-12-21",66,FR,2,94.96,47.48
917,B,Frederick Perry,"2022-11-16",63,DE,1,35.86,35.86
919,B,Daniel Wilkins,"2025-01-05",73,BR,2,523.53,261.77
922,A,Curtis Heath,"2023-06-25",39,NL,1,107.54,107.54
923,B,Brian Butler,"2020-03-20",52,US,2,120.06,60.03
929,B,Melissa Martin DDS,"2020-10-22",39,PL,2,206.9,103.45
933,B,Carla Flowers,"2024-01-13",71,IN,3,495.47,165.16
935,B,Casey Smith,"2020-09-20",19,MX,1,186.55,186.55
939,B,Stephanie Parker,"2020-10-14",52,BR,1,172.71,172.71
941,B,Kimberly Valentine,"2021-06-26",66,IN,2,210.25,105.13
942,A,Melissa Scott,"2023-02-06",21,DE,2,218.85,109.43
948,A,Haley Mitchell,"2022-10-03",46,FR,2,558.72,279.36
949,B,David Moore,"2020-11-11",24,IN,1,107.41,107.41
950,A,Joanne Garcia,"2024-03-14",65,US,1,19.63,19.63
952,A,Jessica Schaefer,"2023-07-04",48,ES,1,138.74,138.74
955,B,Sara Davis,"2024-09-25",41,US,1,291.19,291.19
958,A,Abigail Anderson,"2025-07-19",27,BR,1,226.91,226.91
959,B,Dennis Delacruz,"2022-12-09",39,BR,1,19.96,19.96
962,A,Jamie Ross,"2020-01-05",55,FR,1,14.55,14.55
964,A,Catherine Perkins,"2021-01-27",72,CA,3,327.48,109.16
968,A,Mark Johnson,"2024-04-04",60,US,3,297.73,99.24
969,B,James Hall,"2025-03-08",24,IN,2,285.91,142.96
972,A,Frank Horne,"2025-05-26",62,AE,2,160.43,80.22
975,B,Amanda Martinez,"2024-07-11",36,ES,1,62.33,62.33
977,B,Charles Glenn,"2023-10-04",18,BR,2,276.42,138.21
979,B,Stephanie Horn,"2020-10-10",25,BR,1,16.82,16.82
981,B,Rachel Flowers,"2025-05-07",33,NL,1,23.53,23.53
987,B,Kayla Mckinney,"2023-05-01",21,SG,1,15.19,15.19
988,A,Gregory Williams,"2025-08-28",70,US,1,15.19,15.19
989,B,Robert Curtis,"2022-08-02",67,NL,2,301.88,150.94
997,B,John Mcpherson,"2024-07-02",54,CA,1,32.35,32.35
1000,A,Rachael Roberts,"2024-05-01",72,ES,1,65.88,65.88
1004,A,Michele Rowland,"2024-08-11",26,BR,2,603.53,301.77
1005,B,Jessica Barnes,"2021-11-21",58,AE,2,206.79,103.4
1007,B,Helen Ho,"2022-03-15",70,DE,2,499.73,249.87
1008,A,Diana Caldwell,"2020-01-08",61,BR,1,87.31,87.31
1014,A,Wanda Smith DVM,"2023-11-10",25,SE,1,33.66,33.66
1015,B,Shelly Blackburn,"2021-07-26",61,AU,2,274.82,137.41
1018,A,Marissa Williams,"2022-07-12",67,US,4,1136.71,284.18
1020,A,Crystal Walters,"2023-03-31",30,GB,2,180.57,90.28
1021,B,Brian Kennedy DVM,"2024-11-18",44,US,3,449.98,149.99
1023,B,Michael Fernandez,"2021-07-26",73,US,3,300.15,100.05
1030,A,Alexis Tucker,"2020-09-06",41,US,1,180.68,180.68
1032,A,Ryan Davis,"2023-05-14",53,SE,1,135.47,135.47
1035,B,Kimberly Gomez,"2021-09-27",54,CA,1,19.45,19.45
1036,A,Catherine Curry,"2021-12-19",48,FR,1,300.94,300.94
1037,B,Leslie Krause,"2020-08-11",45,ES,2,203.81,101.91
1039,B,Nicole Wise,"2022-03-30",73,IN,3,75.85,25.28
1042,A,Sandy Rodriguez,"2022-07-17",48,US,2,217.48,108.74
1043,B,Joshua Snow,"2021-06-17",40,FR,1,224.35,224.35
1045,B,Pamela Dixon,"2023-11-25",53,US,1,402.2,402.2
1049,B,Hunter Miller,"2021-11-29",42,FR,2,372.59,186.29
1050,A,Richard Dixon,"2024-10-18",54,FR,2,648.81,324.4
1056,A,Brittney Lozano DDS,"2024-05-23",32,MX,1,131.44,131.44
1060,A,Russell Wright,"2020-08-08",74,US,1,213.95,213.95
1061,B,Nancy Santiago,"2024-03-09",48,BR,4,578.08,144.52
1062,A,Tiffany Simpson,"2024-01-24",72,DE,1,238.75,238.75
1063,B,Mark White,"2024-03-22",71,US,1,47.24,47.24
1065,B,Rebecca Parrish,"2021-11-28",47,ES,2,258.5,129.25
1081,B,Elizabeth Wilkins,"2021-05-12",74,CA,1,162.54,162.54
1085,B,Kyle Newton,"2020-10-31",65,ES,1,238.16,238.16
1087,B,Amy Stein,"2021-01-08",39,FR,2,588.06,294.03
1091,B,Kyle Gonzales,"2021-01-02",62,CA,1,24.62,24.62
1096,A,Brad Glenn,"2024-10-12",71,SG,2,208.68,104.34
1098,A,Christy Christian,"2024-05-25",24,US,1,217.41,217.41
1106,A,James Walker,"2020-03-03",34,MX,3,645.9,215.3
1107,B,Beth Black,"2025-02-04",73,ES,1,65.67,65.67
1109,B,Ryan Torres,"2024-05-03",73,US,2,489.98,244.99
1111,B,Patricia George,"2022-07-24",41,MX,1,40.08,40.08
1112,A,Victor Evans,"2020-08-09",57,PL,2,238.79,119.4
1113,B,Diane Sharp,"2025-10-10",57,GB,3,365.06,121.69
1114,A,Susan Reid,"2025-10-22",42,GB,1,133.7,133.7
1119,B,Toni Strickland,"2024-05-26",20,DE,2,64.93,32.47
1121,B,James Mckenzie,"2021-09-06",19,US,1,11.2,11.2
1124,A,Shawn Davis,"2025-01-28",57,US,1,86.88,86.88
1126,A,James Warren,"2025-02-13",40,US,1,321.88,321.88
1129,B,Kristine Hurst,"2023-07-04",27,DE,2,111.29,55.64
1136,A,Ashley Blake,"2024-12-12",41,SE,1,52.94,52.94
1140,A,Heather Franklin,"2023-11-30",44,SE,1,439.64,439.64
1144,A,Laura Anderson,"2025-05-31",23,GB,1,227.42,227.42
1145,B,Christine King,"2021-04-07",67,MX,1,50.83,50.83
1151,B,Dennis Walter,"2025-09-30",20,DE,3,122.58,40.86
1152,A,George Brown,"2024-04-29",59,MX,1,208.56,208.56
1153,B,Adam Jennings,"2024-02-28",36,MX,1,65.6,65.6
1161,B,Gloria Obrien,"2021-11-23",21,BR,1,46.41,46.41
1162,A,Karen Roberson,"2025-04-23",39,MX,2,56.64,28.32
1163,B,Brittany Good,"2024-05-17",24,CA,1,40.15,40.15
1171,B,James Gordon,"2025-07-05",55,IN,1,78.92,78.92
1176,A,Nicholas Murillo,"2023-02-22",68,BR,1,55.33,55.33
1177,B,Daniel Davies,"2023-01-04",53,IN,2,90.15,45.07
1178,A,Brittany Franco,"2025-05-08",53,BR,2,195.94,97.97
1181,B,Alexis Ward,"2020-07-10",64,ES,1,207.65,207.65
1185,B,Laura Campos,"2024-06-20",27,IN,2,132.73,66.36
1186,A,Dr. Michelle Mullins MD,"2024-07-03",69,NL,2,521.36,260.68
1192,A,Todd Sanchez,"2021-08-14",67,IN,1,42.92,42.92
1193,B,Ryan Brown,"2022-12-27",40,CA,1,130.96,130.96
1195,B,Becky Moreno,"2022-07-21",31,JP,2,546.72,273.36
1199,B,Alexa Schmitt,"2025-07-20",44,SG,2,260.67,130.34
1208,A,John Campbell,"2020-07-13",41,MX,1,154.48,154.48
1209,B,Mark Bridges,"2024-05-12",19,SG,2,277.36,138.68
1210,A,Sarah Acevedo,"2021-02-03",74,US,1,213.41,213.41
1211,B,Trevor Davis,"2023-03-10",73,SG,2,141.42,70.71
1213,B,Deborah King,"2021-08-19",73,SG,1,98.96,98.96
1214,A,Isaiah Jones MD,"2022-04-15",45,AU,1,283.41,283.41
1215,B,Nicole Bryant,"2024-12-10",53,US,2,100.79,50.4
1216,A,Anita Wiggins,"2021-09-20",73,US,1,112.75,112.75
1219,B,Gary Martin,"2025-07-05",67,US,1,19.86,19.86
1224,A,Sarah Graham,"2024-08-13",25,ES,1,94.29,94.29
1230,A,Jennifer Thompson,"2020-06-16",30,SE,3,117.71,39.24
1233,B,Matthew Bautista,"2021-11-22",57,IN,1,42.33,42.33
1234,A,Mia Drake,"2024-10-07",51,IN,2,245.05,122.53
1240,A,Paul Parks,"2023-08-18",36,JP,2,127.86,63.93
1241,B,Vickie Owen,"2020-05-15",75,FR,1,73.02,73.02
1242,A,Angela Watson,"2024-12-27",56,ZA,3,116.67,38.89
1248,A,Evan Jones,"2022-01-17",24,ES,1,87.79,87.79
1253,B,Michael Murray,"2023-07-03",63,CA,3,296.71,98.9
1257,B,Jimmy Matthews,"2025-02-09",65,CA,2,324.1,162.05
1262,A,Kimberly Collins,"2024-02-09",48,FR,2,399.46,199.73
1263,B,James Sullivan,"2025-08-19",67,AE,1,153.91,153.91
1264,A,Albert Pugh,"2022-12-18",52,GB,1,50.01,50.01
1265,B,Adam Patterson,"2021-05-30",22,CA,2,98.37,49.19
1268,A,Amy Bailey,"2022-10-03",37,US,1,28.89,28.89
1271,B,Benjamin Mcknight,"2020-10-02",46,BR,1,57.06,57.06
1282,A,Benjamin Howard,"2020-06-24",66,US,1,189.41,189.41
1292,A,Julie Lara,"2023-06-15",55,PL,3,371.54,123.85
1294,A,Russell Mcdonald,"2021-04-09",52,AU,1,90.88,90.88
1298,A,Christopher Campos,"2024-02-25",32,CA,5,371.73,74.35
1299,B,Ashley Miller,"2025-04-07",74,DE,1,107.02,107.02
1302,A,Alan Padilla,"2024-03-18",66,ES,2,716.07,358.03
1303,B,Ashley Dickson,"2024-09-22",22,AU,1,409.81,409.81
1304,A,Brandon Perez,"2024-03-26",37,MX,2,185.19,92.6
1305,B,Monique Cox,"2020-12-11",74,MX,3,177.51,59.17
1306,A,Connor Rodriguez,"2022-03-05",69,GB,1,48.72,48.72
1308,A,Tammy Sanchez,"2022-10-03",65,PL,2,359.16,179.58
1309,B,Ashley Cooper,"2023-05-28",51,AU,3,176.47,58.82
1311,B,Donna Hamilton,"2022-11-21",62,IN,3,316.41,105.47
1312,A,Nathaniel Hill,"2025-06-05",60,PL,1,13.48,13.48
1313,B,Teresa Buckley,"2023-10-10",45,GB,1,83.06,83.06
1314,A,Kimberly Yu,"2023-12-23",36,US,1,466.97,466.97
1316,A,Maria Rodriguez,"2023-07-01",34,MX,2,284.18,142.09
1318,A,Mariah Rogers,"2024-08-18",18,DE,1,167.56,167.56
1319,B,Laura Camacho,"2020-01-15",44,IN,1,164.74,164.74
1339,B,Isabel Adams,"2025-05-31",72,US,1,118.88,118.88
1340,A,Shane Moore,"2022-01-17",41,US,1,394.73,394.73
1341,B,Amanda Buckley,"2024-07-22",36,SG,1,42.89,42.89
1343,B,Peter Adams,"2020-02-17",71,AU,1,120.85,120.85
1344,A,David Schultz,"2025-10-18",70,ZA,2,721.8,360.9
1345,B,Carlos Duncan,"2022-10-23",26,JP,1,39.99,39.99
1353,B,Kylie Taylor,"2021-12-20",31,FR,3,63.12,21.04
1356,A,Leah Ward,"2024-05-18",56,CA,1,95.46,95.46
1360,A,Julie Berger,"2024-12-05",75,US,3,413.57,137.86
1361,B,Susan Bell,"2023-11-21",51,MX,1,139.35,139.35
1369,B,Robin Frederick,"2023-07-14",41,FR,1,146.97,146.97
1375,B,Joseph Ayala,"2022-05-09",71,US,1,228.9,228.9
1378,A,Marcus Jordan,"2024-08-30",23,CA,1,62.33,62.33
1379,B,James Orr,"2023-08-08",65,AU,1,43.33,43.33
1381,B,Courtney Murphy,"2021-05-04",33,US,3,411.4,137.13
1383,B,Daniel Jensen,"2021-06-24",68,US,1,205.14,205.14
1385,B,Mark Stevens,"2020-09-25",69,FR,2,105.49,52.74
1388,A,Anita Carney,"2024-04-24",30,AE,2,172.67,86.34
1393,B,Joseph Perez,"2025-06-11",46,DE,1,15.13,15.13
1394,A,Andrew Martin,"2024-10-21",51,DE,1,110.27,110.27
1398,A,Janet Romero,"2023-05-09",72,US,1,376.8,376.8
1399,B,Matthew Velez MD,"2021-10-31",47,MX,2,216.99,108.49
1400,A,Whitney Robinson,"2024-05-15",51,US,1,382.73,382.73
1401,B,Dr. Kathy Reese DDS,"2020-11-01",42,BR,3,361.74,120.58
1403,B,Tara Maxwell,"2020-12-17",29,US,1,86.88,86.88
1406,A,Randy Carey,"2021-03-25",56,PL,3,973.37,324.46
1409,B,Edwin Campbell,"2022-08-03",23,AU,1,303.46,303.46
1414,A,Christopher Anderson,"2022-11-30",69,NL,1,103.58,103.58
1416,A,Yvonne Schultz,"2024-10-01",42,CA,1,506.41,506.41
1417,B,Lauren Marshall,"2025-08-04",23,BR,1,40.33,40.33
1421,B,Debbie Miller,"2023-06-11",55,US,1,176.35,176.35
1424,A,Justin Wilson,"2020-03-24",25,ZA,1,56.1,56.1
1426,A,Heather Marshall,"2025-02-19",63,ES,1,30.27,30.27
1431,B,Erik Perez,"2021-09-12",32,GB,1,10.04,10.04
1437,B,Desiree Roberts,"2022-10-13",27,ZA,1,192.91,192.91
1440,A,Dustin Riley,"2021-11-03",70,GB,2,321.55,160.78
1443,B,Jordan Dunn,"2021-06-23",48,JP,3,187.46,62.49
1447,B,Lindsey Davis,"2025-06-01",34,JP,1,71.68,71.68
1453,B,Dorothy Owen,"2021-02-11",60,PL,1,11.62,11.62
1459,B,Catherine Freeman,"2022-12-28",49,FR,2,980.95,490.48
1464,A,Donald Montgomery,"2023-06-15",22,SE,2,359.16,179.58
1466,A,Jonathan Miller,"2020-05-12",35,FR,1,17.92,17.92
1476,A,Ann Pierce,"2021-10-04",30,IN,1,198.5,198.5
1480,A,Shannon Fisher DVM,"2025-04-03",45,AE,3,213.08,71.03
1485,B,Stephanie Mendoza,"2020-07-06",32,PL,1,174.23,174.23
1486,A,Kevin Hill,"2024-10-24",46,AE,1,194.56,194.56
1495,B,Cory Jones,"2021-03-11",26,ES,2,529.41,264.7
1496,A,Susan Bonilla,"2022-05-02",60,IN,3,174.36,58.12
1497,B,Todd Rogers,"2024-06-26",24,NL,1,215.97,215.97
1498,A,Lisa Garcia,"2025-05-14",62,SE,2,144.33,72.16
1501,B,Luis Carpenter,"2024-06-20",49,ES,1,144.46,144.46
1502,A,Melanie Roy,"2025-03-05",22,MX,1,224.03,224.03
1503,B,Larry Grant,"2024-09-16",52,NL,3,319.02,106.34
1505,B,Donald Cervantes,"2023-09-06",70,US,1,66.34,66.34
1511,B,John Cole,"2023-02-21",58,US,1,96.44,96.44
1517,B,Ronald Sanchez,"2023-11-27",22,DE,2,540.18,270.09
1519,B,Ryan Cross,"2024-02-16",54,US,2,227.11,113.56
1520,A,Bryan Rivera,"2022-09-18",66,NL,2,133.65,66.83
1522,A,Diane Duncan,"2024-07-28",42,AE,2,401.84,200.92
1527,B,Brandon Dyer,"2023-04-29",36,JP,1,177.42,177.42
1537,B,Veronica Flores,"2021-05-30",62,US,1,174.78,174.78
1547,B,Ryan Richard,"2021-03-15",64,JP,1,135.63,135.63
1552,A,Colleen Walker,"2025-09-21",69,DE,1,14.55,14.55
1554,A,Krista Christian,"2021-05-13",49,BR,1,244.37,244.37
1559,B,Eileen Thomas,"2025-02-21",66,PL,2,183.91,91.95
1561,B,Mary Craig DVM,"2021-10-27",64,SG,3,301.6,100.53
1563,B,Javier Pearson,"2021-08-28",74,MX,2,160.21,80.11
1565,B,Bruce Rubio,"2023-02-05",69,BR,1,245.34,245.34
1567,B,Phillip Rogers,"2021-07-05",20,GB,1,145.23,145.23
1569,B,Anne Ramos,"2022-07-23",30,PL,1,70.77,70.77
1573,B,Sarah Smith,"2025-08-25",42,FR,2,52.23,26.11
1581,B,Scott Burnett,"2021-07-29",66,SG,2,25.46,12.73
1582,A,Michael Miller,"2024-11-22",21,GB,2,111.98,55.99
1587,B,Roger Davis,"2024-08-31",45,IN,2,275.87,137.93
1589,B,Cynthia Benton,"2022-01-05",56,MX,2,95.64,47.82
1609,B,Melissa Wilson MD,"2021-11-18",53,ES,1,307.85,307.85
1612,A,Paul Pratt,"2023-11-30",49,AU,2,84.8,42.4
1619,B,Joseph Stewart DDS,"2024-09-18",22,MX,1,42.34,42.34
1623,B,Jennifer Spence,"2023-10-31",63,MX,1,86.9,86.9
1625,B,Tamara Oconnell,"2025-09-14",19,PL,1,1501.17,1501.17
1627,B,Erika Pacheco,"2021-01-21",65,SE,1,56.46,56.46
1628,A,Thomas Sandoval,"2021-10-27",55,AU,2,501.97,250.99
1630,A,Debra Rose,"2021-11-12",24,AE,4,373.77,93.44
1631,B,Sandra Clark,"2021-06-25",38,SG,1,483.48,483.48
1632,A,Susan Mcknight,"2023-12-14",73,NL,2,134.88,67.44
1633,B,Robert Kerr,"2022-02-26",70,DE,2,780.38,390.19
1641,B,Kim Walsh,"2021-09-26",28,NL,1,109.25,109.25
1643,B,Stephen Burns,"2023-09-10",65,NL,1,27.51,27.51
1644,A,Susan Mullins,"2022-06-22",27,AE,1,268.93,268.93
1646,A,Jessica Jackson,"2022-07-08",68,US,1,204.29,204.29
1656,A,Derek Garcia,"2020-05-22",60,US,2,322.06,161.03
1660,A,Thomas Hernandez,"2022-09-04",59,US,1,11.03,11.03
1665,B,Mrs. Patricia Pierce,"2020-04-09",25,IN,1,240.5,240.5
1672,A,Eric Jenkins,"2022-06-11",70,ES,1,204.03,204.03
1676,A,Christopher Horn,"2024-08-17",64,US,1,203.2,203.2
1682,A,Brianna Hunt,"2020-06-13",51,PL,3,356.41,118.8
1684,A,Wayne Robertson,"2023-11-14",43,IN,1,255.82,255.82
1686,A,Stephen King,"2022-09-27",38,CA,2,211.59,105.79
1688,A,Crystal Gordon,"2024-06-15",72,NL,3,489.25,163.08
1695,B,Paul Shaw,"2023-12-04",34,BR,3,151.19,50.4
1696,A,Madeline Reese,"2022-12-20",63,SG,3,283.36,94.45
1702,A,Anthony Hall,"2022-04-06",67,AE,1,96.8,96.8
1704,A,Danielle Jones,"2025-09-01",47,DE,1,48.86,48.86
1705,B,Andrea Curry,"2022-03-24",44,BR,1,28.04,28.04
1708,A,Beverly Gonzalez,"2024-11-05",49,BR,1,102.12,102.12
1712,A,Melinda Brown,"2021-04-05",61,DE,3,295.98,98.66
1715,B,Adam Ray,"2024-06-14",37,NL,1,40.19,40.19
1716,A,Michael Wiggins,"2025-01-27",55,IN,1,254.52,254.52
1719,B,Jessica Conley,"2024-11-22",19,US,1,458.01,458.01
1720,A,Mathew Turner,"2022-07-28",70,CA,4,374.61,93.65
1721,B,Taylor Brown,"2020-09-06",18,CA,1,14.55,14.55
1722,A,Gina Hanson,"2021-11-01",21,PL,1,89.52,89.52
1724,A,Dr. Carl Sullivan,"2022-03-07",29,ES,2,341.4,170.7
1725,B,Mr. Wesley Hughes,"2021-07-16",40,GB,2,279.47,139.73
1727,B,Jeffery Newman,"2024-04-16",29,CA,3,304.82,101.61
1728,A,Ashley Ortega DDS,"2024-11-06",72,US,2,113.15,56.58
1730,A,Justin Obrien,"2021-04-29",32,US,1,499.73,499.73
1731,B,Teresa Williams,"2024-09-17",30,JP,2,205.69,102.84
1732,A,Susan Logan,"2025-04-28",65,CA,1,597.26,597.26
1734,A,Ryan Moore,"2025-02-03",40,IN,2,270.76,135.38
1740,A,Mark Gonzalez,"2023-05-26",45,IN,1,12.6,12.6
1743,B,Sydney Fuller,"2021-12-05",43,US,2,426.84,213.42
1744,A,Connor Spencer,"2024-07-16",53,NL,1,77.5,77.5
1751,B,Jonathan Cain,"2024-03-03",40,MX,1,124.07,124.07
1752,A,Lori Baird,"2024-11-18",70,US,1,489.49,489.49
1757,B,Madison Lewis,"2025-10-30",31,IN,1,76.19,76.19
1759,B,Lisa Dalton,"2025-10-07",43,SE,1,152.66,152.66
1761,B,Mrs. Jennifer Young,"2023-10-08",47,DE,2,145.66,72.83
1763,B,Joseph Lewis,"2025-08-04",52,US,1,75.09,75.09
1766,A,Megan Graves,"2021-11-22",54,BR,1,124.21,124.21
1768,A,Kimberly Stewart,"2025-07-03",37,AU,1,235.21,235.21
1769,B,Clayton Yang,"2021-12-25",38,NL,1,120.92,120.92
1770,A,Ryan Stevens,"2024-04-16",61,ZA,1,38.09,38.09
1772,A,Joseph Murphy,"2025-09-16",56,IN,2,329.57,164.78
1775,B,Samuel Brooks,"2020-03-07",34,ES,1,63.06,63.06
1777,B,Veronica Cole,"2023-06-08",25,FR,2,108.71,54.36
1780,A,Jaime Moore,"2024-01-30",21,MX,2,241.09,120.55
1783,B,Angela Hodge,"2020-10-17",65,SG,1,67.97,67.97
1784,A,Tamara Baldwin,"2022-06-18",71,GB,1,457.31,457.31
1785,B,Charles Washington,"2022-05-22",65,GB,2,401.06,200.53
1788,A,Jessica Page,"2024-05-24",70,FR,1,109.77,109.77
1791,B,Daniel Roberts,"2023-12-23",18,IN,2,163.81,81.9
1794,A,Linda Barton,"2021-04-08",63,US,1,139.88,139.88
1800,A,Cassandra Schwartz,"2021-04-15",41,AE,1,27.6,27.6
1804,A,Elizabeth Bartlett,"2025-05-14",63,US,2,186.2,93.1
1807,B,Cynthia Mayer,"2025-08-30",61,AE,1,53.02,53.02
1808,A,Jennifer Compton,"2023-11-15",42,DE,3,699.52,233.17
1809,B,Ashley Bailey,"2022-07-26",45,SG,2,368.92,184.46
1811,B,Veronica Robertson,"2022-06-11",75,GB,3,257.32,85.77
1825,B,Ryan Lindsey,"2022-11-06",40,US,1,82.61,82.61
1827,B,Carla Reyes,"2023-04-26",38,CA,1,287.18,287.18
1833,B,Timothy Williams,"2024-07-03",67,FR,4,642.64,160.66
1835,B,Jennifer Mccarthy,"2024-05-14",52,DE,1,77.35,77.35
1837,B,Jillian Brennan,"2024-10-30",51,IN,1,91.6,91.6
1842,A,Elizabeth Carpenter,"2022-08-21",53,GB,1,263.46,263.46
1845,B,Danielle Collins,"2023-02-16",29,IN,1,299.32,299.32
1846,A,Sarah Choi,"2025-03-08",37,GB,1,118.83,118.83
1857,B,Daniel Mitchell DDS,"2021-03-19",73,US,1,19.15,19.15
1859,B,Megan Boyd,"2024-08-08",22,CA,1,229.7,229.7
1860,A,Sharon Walker,"2022-05-04",32,BR,1,242.24,242.24
1862,A,Patricia Smith,"2024-07-06",63,DE,2,108.72,54.36
1867,B,Gregory Lewis,"2023-11-21",54,DE,1,43.01,43.01
1876,A,Kevin Schmidt,"2021-07-10",37,BR,2,257.01,128.5
1890,A,William Weaver,"2025-02-17",70,PL,1,437.68,437.68
1892,A,Matthew Torres,"2020-12-06",68,IN,3,296.11,98.7
1894,A,Kristopher Arnold,"2020-02-28",57,SE,1,31.1,31.1
1901,B,Ricky Butler,"2020-05-23",68,DE,3,625.15,208.38
1902,A,Jessica Espinoza,"2023-05-15",74,PL,1,97.24,97.24
1903,B,Allison Bell,"2024-12-05",54,IN,3,365.1,121.7
1905,B,Kaylee Villanueva,"2023-10-06",62,IN,1,21.48,21.48
1906,A,Samantha Johnson,"2025-06-05",56,US,1,382.84,382.84
1913,B,Gregory Wilson,"2025-01-18",35,MX,1,30.29,30.29
1923,B,Jon Valdez,"2021-07-22",63,US,2,350.95,175.48
1929,B,Ryan Baxter,"2021-05-23",48,BR,1,11.72,11.72
1935,B,Lisa Hayden,"2022-04-10",56,DE,1,40.49,40.49
1936,A,Juan Bass,"2021-03-28",54,SG,2,78.27,39.14
1939,B,Kristi Bailey MD,"2022-12-28",51,DE,1,59.87,59.87
1945,B,Timothy Miller,"2021-10-23",22,US,3,263.87,87.96
1948,A,Raymond Gallagher,"2025-04-21",68,US,2,52.34,26.17
1951,B,Wesley Phillips,"2023-02-06",46,US,1,17.87,17.87
1952,A,Andrea Conway,"2022-02-20",42,IN,4,536.53,134.13
1955,B,Jennifer Gonzalez,"2021-12-01",18,CA,1,427.11,427.11
1956,A,Karen Hale,"2025-04-18",75,AU,1,211.82,211.82
1958,A,Maria Giles,"2023-07-08",22,FR,1,145.9,145.9
1959,B,Sean Shelton,"2021-11-06",55,BR,3,593.51,197.84
1960,A,Stephen Glover,"2024-04-10",56,PL,1,42.24,42.24
1966,A,Jessica Thompson,"2025-02-06",74,GB,1,188.54,188.54
1968,A,Eric Armstrong,"2024-09-17",36,JP,1,28.23,28.23
1972,A,Mr. Ryan Bowen,"2021-08-29",21,ZA,1,135.19,135.19
1973,B,Joshua Pham,"2024-01-05",50,US,1,122.88,122.88
1976,A,Amy Collins,"2023-10-16",39,IN,2,57.44,28.72
1977,B,Howard Burgess,"2025-06-30",56,IN,2,282.11,141.06
1979,B,Luis Myers,"2020-01-16",74,FR,1,70.47,70.47
1981,B,Casey Key,"2024-07-09",23,IN,1,72.49,72.49
1982,A,Crystal Johnson DDS,"2023-05-11",39,MX,1,63.55,63.55
1983,B,Daniel Brady DVM,"2021-05-27",34,NL,2,60.9,30.45
1988,A,Jennifer Wright,"2022-11-04",37,IN,1,23.07,23.07
1996,A,Terry Hanson,"2021-11-03",30,GB,3,268.2,89.4
1999,B,Stephanie Reyes,"2023-10-03",50,ES,1,331.51,331.51
2000,A,Chelsea Olson,"2022-01-21",26,SG,1,143.42,143.42
2001,B,Patricia Lambert,"2025-08-10",28,DE,3,549.04,183.01
2007,B,Curtis Tucker,"2024-06-27",32,MX,2,246.16,123.08
2008,A,Robert Nguyen,"2023-07-27",45,ZA,1,118.2,118.2
2013,B,Melissa Fernandez DDS,"2022-10-21",42,DE,1,149.68,149.68
2021,B,Theresa Richardson,"2021-12-15",65,JP,2,204.84,102.42
2026,A,David Nelson,"2023-03-12",33,PL,1,36.39,36.39
2029,B,Nicholas Martinez,"2022-11-26",44,US,2,478.4,239.2
2035,B,Timothy Perry,"2025-10-28",43,ES,1,46.41,46.41
2039,B,Bradley Ibarra,"2020-11-24",25,SG,1,309.24,309.24
2045,B,Megan Butler,"2022-10-19",64,IN,1,100.22,100.22
2057,B,George Adams,"2020-12-02",53,BR,3,317.04,105.68
2060,A,Jeffrey Garcia,"2025-02-08",63,CA,1,385.61,385.61
2067,B,Kristen Jordan,"2020-01-21",62,DE,2,336.93,168.47
2068,A,Jordan Robinson,"2025-09-30",68,JP,1,304.92,304.92
2069,B,Kimberly Oliver,"2020-07-18",39,SG,2,162.82,81.41
2070,A,Andrew Manning,"2025-01-08",69,US,2,66.48,33.24
2073,B,Angel Garcia,"2022-01-31",51,PL,1,307.74,307.74
2078,A,Tanner Harris,"2023-07-15",20,US,3,1264.53,421.51
2079,B,Micheal Miranda,"2025-08-21",21,CA,1,474.53,474.53
2084,A,Kelly Baker,"2021-10-12",34,FR,3,520.74,173.58
2085,B,Chelsey Gordon,"2023-10-12",59,US,3,207.33,69.11
2087,B,Laura Thomas,"2024-09-03",50,FR,1,214.82,214.82
2089,B,Brittany Nelson,"2023-04-18",56,DE,2,247.29,123.65
2090,A,Chelsea Cruz,"2020-09-03",37,ES,2,108.85,54.42
2091,B,David Randolph,"2025-07-20",24,US,1,36.69,36.69
2095,B,Nicholas Paul,"2020-10-03",65,MX,1,212.74,212.74
2113,B,John Velazquez,"2021-12-24",34,US,1,57.86,57.86
2114,A,Sandra Vaughan,"2021-07-29",67,SG,1,47.39,47.39
2115,B,Lori Johnson,"2025-06-17",73,US,1,248.57,248.57
2118,A,Kim Gutierrez,"2025-06-18",75,US,1,124.16,124.16
2121,B,Kevin Garza,"2024-09-24",49,MX,5,680.76,136.15
2122,A,Belinda Payne,"2024-01-15",65,US,1,316.28,316.28
2123,B,Tamara Huffman,"2021-01-07",47,DE,1,311.33,311.33
2124,A,Todd Ali Jr.,"2025-05-10",41,GB,2,270.78,135.39
2125,B,Jonathan Clark,"2025-07-07",59,GB,1,93.15,93.15
2128,A,Nichole Schroeder,"2025-09-25",62,MX,2,90.95,45.48
2129,B,Thomas Hughes,"2020-01-04",57,SG,1,179.18,179.18
2131,B,Suzanne Cole,"2020-07-28",31,DE,1,105.35,105.35
2133,B,Andrew Smith,"2022-12-20",37,ES,2,561.29,280.64
2134,A,Dustin Lee,"2023-01-08",31,PL,1,108.81,108.81
2136,A,Mark Ward,"2021-02-05",49,AU,1,66.22,66.22
2137,B,Brian Mathis,"2021-03-17",37,JP,1,141.04,141.04
2139,B,Ashley Levine,"2021-08-20",61,US,2,182.01,91.01
2140,A,Jamie Mcfarland,"2023-10-28",22,GB,2,137.81,68.9
2141,B,Rodney Collins,"2022-12-13",22,IN,2,506.38,253.19
2142,A,Kelly Bell,"2025-08-23",48,US,2,81.82,40.91
2144,A,Wendy Thompson,"2022-10-07",21,US,2,444.46,222.23
2148,A,Anna Garcia,"2025-09-13",55,IN,1,468.17,468.17
2150,A,Dr. Catherine Garza,"2020-12-10",50,SE,4,388.93,97.23
2151,B,Lindsey Jacobs,"2023-05-31",58,ZA,1,481.12,481.12
2152,A,Omar Winters,"2021-05-24",75,US,2,264.99,132.5
2158,A,Henry Bell,"2025-06-23",65,CA,1,126.35,126.35
2161,B,Thomas Gibbs,"2024-09-24",42,FR,2,58.75,29.38
2165,B,Caroline Moore,"2020-02-11",56,AU,1,195.87,195.87
2166,A,Crystal Flores,"2021-09-27",46,AE,2,203.44,101.72
2173,B,Christina Martin,"2020-05-10",21,DE,1,30.61,30.61
2175,B,Shari Lynch,"2022-11-22",39,ZA,1,54.13,54.13
2178,A,Eric Robinson,"2022-10-18",67,SE,2,258.68,129.34
2181,B,Kimberly Chase,"2021-09-15",60,US,1,36.15,36.15
2183,B,Elizabeth Hall,"2022-01-13",29,GB,1,42.86,42.86
2184,A,Marc Smith,"2024-10-02",34,GB,2,292.71,146.35
2185,B,Kelly Freeman,"2025-08-15",59,AE,1,78.66,78.66
2187,B,Steve Johnson,"2024-11-02",29,NL,1,43.63,43.63
2188,A,Deborah Reyes,"2021-12-10",20,GB,2,185.33,92.66
2191,B,Jimmy Hodge,"2023-05-05",66,BR,2,53.7,26.85
2193,B,Laurie Hill MD,"2020-06-03",62,SG,2,346.42,173.21
2195,B,Peter Hogan,"2020-05-04",31,US,1,52.8,52.8
2197,B,Kim Patel,"2021-02-04",26,PL,1,366.01,366.01
2207,B,Michael Bryant MD,"2022-10-31",46,CA,3,514.37,171.46
2210,A,Jamie Bailey,"2021-01-04",73,IN,1,90.18,90.18
2212,A,Kenneth Poole,"2021-05-16",56,DE,2,93.0,46.5
2219,B,William Hanna,"2020-07-07",72,US,4,472.97,118.24
2220,A,John Guzman,"2022-12-08",31,US,1,20.94,20.94
2221,B,Cody Lucas,"2022-10-20",37,US,1,63.69,63.69
2222,A,David Trevino,"2022-02-03",20,MX,1,155.74,155.74
2223,B,Ashley Scott,"2025-04-01",35,NL,1,282.55,282.55
2225,B,Arthur Hobbs,"2023-07-25",26,CA,3,183.41,61.14
2228,A,Katherine Bush,"2022-02-27",48,GB,1,94.77,94.77
2230,A,Joe Sanchez,"2024-05-18",50,CA,1,469.62,469.62
2236,A,Eric Reyes,"2024-06-24",30,FR,1,229.74,229.74
2237,B,Christopher French,"2020-07-07",34,GB,3,293.56,97.85
2239,B,Angela Norris MD,"2021-01-16",67,US,1,60.81,60.81
2241,B,Jackson Wilcox,"2022-01-24",71,NL,1,106.12,106.12
2246,A,Jill Sanchez,"2022-02-12",43,AU,2,333.22,166.61
2255,B,Alex Gutierrez,"2025-07-31",50,AU,1,235.27,235.27
2258,A,Jennifer Carroll,"2024-09-30",69,FR,1,13.72,13.72
2261,B,David Reyes,"2023-06-19",74,US,1,203.95,203.95
2268,A,John Scott,"2021-09-21",33,US,1,14.08,14.08
2269,B,Robert Miller,"2022-07-29",53,FR,2,314.72,157.36
2271,B,Stephanie Hicks,"2024-04-27",46,US,1,38.57,38.57
2272,A,Mr. William Jackson PhD,"2023-09-24",73,IN,2,158.96,79.48
2274,A,Lisa Phillips,"2023-02-05",39,BR,1,30.84,30.84
2285,B,Amanda Hall,"2024-07-05",37,IN,1,16.96,16.96
2286,A,Molly Martin,"2023-05-11",67,AU,1,167.32,167.32
2289,B,Sabrina Lopez,"2024-08-18",31,US,1,40.86,40.86
2291,B,Terrence Evans,"2022-01-15",45,ES,2,955.43,477.72
2292,A,Sherry Chavez,"2021-06-09",38,DE,1,54.44,54.44
2293,B,Mary Owens,"2020-01-16",34,CA,2,139.05,69.53
2296,A,Melinda Byrd,"2022-09-24",40,NL,3,489.79,163.26
2298,A,Teresa Dalton,"2020-11-15",28,SG,2,148.31,74.16
2299,B,Danielle Jefferson,"2024-05-04",66,ES,2,246.33,123.17
2300,A,Hannah Maddox,"2024-12-20",46,BR,1,113.95,113.95
2303,B,Timothy Jordan,"2022-02-17",72,ES,2,241.18,120.59
2308,A,Miguel Bennett,"2023-04-15",52,US,3,296.41,98.8
2314,A,Dawn Mcdaniel,"2024-08-20",57,JP,2,369.96,184.98
2320,A,John Stevens,"2024-09-07",62,MX,1,46.92,46.92
2323,B,Carol Jones,"2025-01-10",40,GB,1,46.99,46.99
2324,A,Jonathan Bennett,"2023-03-20",57,PL,3,417.41,139.14
2325,B,Crystal Compton,"2023-10-11",40,GB,1,131.99,131.99
2329,B,Christopher Miller,"2022-06-28",30,US,2,270.38,135.19
2341,B,Christina Woodward MD,"2021-06-26",69,BR,1,252.81,252.81
2345,B,Raymond Murphy,"2021-09-07",22,BR,3,169.78,56.59
2346,A,Wendy Wright,"2022-08-05",39,US,1,84.05,84.05
2350,A,Eric Oneal,"2024-09-24",46,US,1,85.16,85.16
2351,B,Sarah Moreno,"2021-04-23",70,US,1,47.85,47.85
2353,B,Richard Parker,"2020-06-06",68,GB,1,27.11,27.11
2356,A,Kimberly Cuevas,"2021-06-15",50,IN,1,12.08,12.08
2364,A,Lisa Mcmillan,"2021-06-02",24,NL,2,71.38,35.69
2366,A,Michael Baker,"2020-03-20",30,PL,1,78.1,78.1
2370,A,Katherine Ware,"2025-02-23",71,AE,1,53.55,53.55
2371,B,Maria Sandoval,"2020-11-09",26,US,1,29.51,29.51
2373,B,Tammy Stone,"2021-08-26",45,JP,1,111.55,111.55
2379,B,Mitchell Herrera,"2023-03-31",49,NL,1,27.68,27.68
2384,A,Shawna Hendricks,"2020-02-14",28,CA,2,413.19,206.6
2386,A,Benjamin Chambers,"2022-10-04",74,US,3,440.22,146.74
2387,B,Mr. Charles Herrera,"2025-02-05",30,US,3,481.41,160.47
2389,B,Jacob Johnson,"2023-05-31",71,IN,1,261.44,261.44
2391,B,Brittany Barnes,"2024-02-21",69,BR,1,110.55,110.55
2393,B,Whitney Martin,"2024-10-03",49,US,1,28.03,28.03
2401,B,James Yates,"2022-02-04",55,DE,2,196.82,98.41
2404,A,Paul Jones,"2023-06-27",61,DE,1,116.15,116.15
2407,B,Melanie Reilly MD,"2025-07-07",41,IN,1,55.05,55.05
2408,A,Ryan Gallagher,"2020-12-27",72,US,2,158.14,79.07
2409,B,Brooke Nichols,"2025-05-28",73,US,2,221.96,110.98
2410,A,Kari George,"2022-03-17",57,PL,2,200.55,100.27
2421,B,Rhonda Wilson,"2021-12-04",72,BR,1,33.26,33.26
2423,B,Jennifer Cherry,"2023-06-26",63,ZA,1,75.72,75.72
2424,A,James Green,"2020-07-16",74,GB,1,66.46,66.46
2427,B,Daniel Flowers,"2024-05-01",66,GB,2,167.5,83.75
2428,A,Stephanie Ward,"2023-12-18",64,US,2,392.51,196.26
2429,B,Bradley Fernandez,"2021-08-01",25,US,1,373.65,373.65
2437,B,Stephanie Zamora,"2023-05-17",44,FR,4,317.26,79.32
2440,A,Carly Henry,"2022-03-08",35,ES,3,145.19,48.4
2441,B,John White,"2020-08-13",38,FR,2,108.81,54.41
2442,A,Jamie Martinez,"2025-01-27",63,AU,1,321.25,321.25
2443,B,Rachel Gregory,"2023-05-06",31,US,1,290.59,290.59
2445,B,Cameron Anderson DDS,"2020-06-17",34,AU,1,289.45,289.45
2448,A,Holly Sullivan,"2025-09-09",74,AU,2,225.23,112.62
2451,B,Jeffrey Andrews,"2021-11-18",39,FR,2,65.93,32.97
2452,A,James Thomas,"2025-09-21",38,PL,1,372.3,372.3
2454,A,Sherri Moore,"2020-11-24",49,US,1,51.23,51.23
2457,B,Dawn Edwards,"2022-03-19",19,BR,1,33.63,33.63
2458,A,Jason Mitchell,"2020-05-02",25,US,1,31.31,31.31
2459,B,Teresa Nelson,"2025-02-07",75,US,1,63.61,63.61
2460,A,Jamie Andersen,"2023-03-16",68,IN,2,44.13,22.07
2467,B,Erin Baldwin,"2022-05-27",40,MX,1,17.08,17.08
2468,A,Douglas Mason,"2025-06-09",20,IN,1,437.3,437.3
2473,B,William Watson,"2025-06-17",57,AU,2,186.98,93.49
2474,A,Paul Houston,"2022-05-06",75,ES,1,91.27,91.27
2475,B,William Miller,"2025-06-05",65,AU,2,612.17,306.08
2478,A,Brian Reyes,"2020-08-16",71,IN,1,123.36,123.36
2482,A,Julia Mcgrath,"2023-07-22",40,IN,1,185.04,185.04
2484,A,Lance Torres,"2024-10-27",19,ZA,1,221.62,221.62
2486,A,Rachel Galloway,"2024-02-08",60,PL,2,93.78,46.89
2489,B,Jason Smith,"2020-06-15",66,DE,2,260.56,130.28
2490,A,William Lewis,"2023-08-14",36,JP,1,57.8,57.8
2494,A,Michael Vazquez,"2023-11-11",62,US,1,432.24,432.24
2496,A,Susan Schultz,"2025-02-16",74,JP,2,139.13,69.57
2498,A,Harold Moore,"2023-03-22",58,GB,1,64.1,64.1
2501,B,James Leonard,"2020-02-02",58,IN,4,267.39,66.85
2502,A,Lisa Nicholson,"2025-05-09",60,CA,1,43.24,43.24
2503,B,Jason Valenzuela,"2022-12-24",51,US,1,78.85,78.85
2504,A,Lori Gonzalez,"2022-03-11",47,ES,1,142.68,142.68
2507,B,Debra Schroeder,"2024-02-20",36,NL,2,366.59,183.29
2509,B,Kimberly Hardin,"2021-06-10",41,AE,1,106.31,106.31
2510,A,Tricia Brown,"2024-05-02",74,SG,1,57.2,57.2
2511,B,Aaron Arnold,"2023-02-17",53,MX,4,151.14,37.78
2512,A,Jessica Esparza,"2022-04-13",45,FR,2,292.55,146.27
2516,A,Matthew Jensen,"2023-01-24",60,DE,2,613.85,306.93
2518,A,Nicholas Johnson,"2020-01-22",67,GB,1,161.02,161.02
2519,B,Jasmine Johnson,"2021-05-06",60,DE,2,472.05,236.02
2520,A,Diana Barry,"2020-06-24",74,US,3,312.3,104.1
2522,A,Victoria Gordon,"2024-10-16",38,US,1,71.03,71.03
2531,B,Lawrence Massey,"2025-07-19",31,IN,4,440.0,110.0
2533,B,Katelyn Edwards,"2020-06-11",22,CA,1,100.72,100.72
2535,B,Mary Walker,"2022-06-07",39,IN,1,71.62,71.62
2542,A,Angela Velazquez,"2022-08-06",41,FR,2,214.99,107.49
2548,A,Andrea Webster,"2024-11-09",21,US,1,60.4,60.4
2549,B,Jason Wolfe,"2024-09-05",31,AE,1,59.24,59.24
2552,A,Shawn Phillips,"2022-09-16",39,ES,2,216.09,108.04
2558,A,Diane Kelly,"2021-04-25",47,CA,2,423.05,211.53
2560,A,Matthew Townsend,"2024-09-04",38,IN,3,246.8,82.27
2561,B,Michael Levine,"2023-05-26",29,SG,2,447.62,223.81
2562,A,Karen Santiago,"2025-09-17",42,US,4,521.06,130.27
2563,B,Jenna White,"2022-12-18",73,US,1,467.8,467.8
2564,A,Kyle Harris,"2023-09-03",51,CA,1,417.25,417.25
2565,B,Patricia Guzman,"2023-09-12",63,US,2,305.11,152.55
2570,A,Charles Thompson,"2021-04-07",28,US,2,138.83,69.41
2571,B,Susan Vaughn,"2021-05-02",47,FR,2,159.7,79.85
2573,B,Michael Chandler,"2025-01-27",73,AE,3,469.06,156.35
2574,A,Kristen Smith,"2024-11-05",47,GB,2,99.17,49.59
2577,B,Deanna Flores,"2022-09-06",65,MX,1,59.33,59.33
2579,B,Teresa Schwartz,"2020-10-30",23,SE,1,28.13,28.13
2581,B,Michael Casey,"2023-03-13",27,DE,1,17.31,17.31
2584,A,Jacob Mahoney,"2024-12-07",44,DE,1,124.12,124.12
2587,B,Antonio Jenkins,"2025-04-02",18,NL,2,94.35,47.18
2589,B,Tammy Lopez,"2023-03-29",31,BR,1,30.27,30.27
2594,A,Michelle Morris,"2024-02-27",59,IN,1,51.43,51.43
2595,B,Andrew Gomez,"2025-03-23",50,CA,1,97.67,97.67
2596,A,Victor Armstrong,"2025-06-28",71,US,2,356.36,178.18
2597,B,Dana Rodriguez,"2020-12-07",21,US,1,215.7,215.7
2604,A,Patricia Sutton,"2022-03-08",61,BR,3,603.94,201.31
2611,B,Steven Garrison,"2025-05-28",58,IN,1,15.72,15.72
2612,A,Adam Martin,"2022-08-04",67,DE,1,118.51,118.51
2615,B,Richard Smith,"2020-11-30",33,PL,1,65.84,65.84
2616,A,Donald Young,"2022-04-28",55,FR,1,23.21,23.21
2618,A,Angel Meyer,"2025-03-23",23,BR,1,91.23,91.23
2620,A,Franklin Phillips,"2025-04-27",73,PL,1,150.09,150.09
2622,A,Charles May,"2020-05-09",56,IN,1,30.61,30.61
2632,A,Michael Rowe,"2020-07-01",56,AU,1,250.25,250.25
2640,A,Christopher Wilkinson,"2025-10-24",42,FR,1,58.98,58.98
2641,B,Karen Smith,"2020-07-15",72,GB,1,175.6,175.6
2645,B,Carl Sanders,"2025-10-23",26,JP,1,278.52,278.52
2653,B,Nicole Reeves,"2021-10-15",62,US,1,164.16,164.16
2655,B,Brian Johnson,"2020-07-07",21,CA,2,70.75,35.38
2656,A,Stephanie Cook,"2024-03-23",42,CA,1,23.03,23.03
2658,A,Christopher Brown,"2023-02-20",38,AU,1,58.12,58.12
2661,B,Shawn Rodriguez,"2023-07-21",21,BR,1,10.18,10.18
2663,B,David Luna,"2022-11-08",44,IN,2,190.04,95.02
2664,A,Phillip Smith,"2021-05-21",44,US,1,110.26,110.26
2670,A,Bonnie Parrish,"2021-02-04",33,US,2,220.06,110.03
2672,A,Kristin Solomon,"2023-04-16",22,CA,2,315.51,157.76
2676,A,Zoe Wilson,"2023-12-29",59,FR,2,98.22,49.11
2677,B,Robert Steele,"2025-01-28",61,CA,2,180.48,90.24
2678,A,Christina Jones,"2023-08-25",60,US,1,79.84,79.84
2680,A,Mikayla Hall,"2024-01-01",41,US,1,148.69,148.69
2683,B,Christian Conway,"2024-09-12",39,US,1,78.41,78.41
2685,B,Tyler Williams,"2025-02-07",75,IN,3,321.83,107.28
2691,B,Katrina Stevens,"2023-05-31",47,CA,3,255.96,85.32
2692,A,Mary Thomas,"2020-06-09",24,US,2,477.71,238.85
2696,A,Brianna Mcguire,"2021-05-03",18,US,1,90.3,90.3
2697,B,Tammy Ingram,"2025-07-02",49,CA,1,18.75,18.75
2698,A,Joseph Jacobs,"2021-07-23",30,US,1,131.17,131.17
2705,B,Adam Johns,"2025-09-13",67,ZA,1,457.08,457.08
2706,A,Richard Bryant,"2023-03-25",53,IN,2,118.04,59.02
2713,B,William Kelly,"2024-09-19",62,FR,1,18.98,18.98
2714,A,John Savage,"2025-06-30",28,DE,1,39.27,39.27
2718,A,Patricia Flores,"2022-11-03",70,DE,1,14.82,14.82
2719,B,Megan Johnson,"2025-03-01",60,FR,4,582.77,145.69
2720,A,David Williams,"2024-02-11",30,DE,1,153.06,153.06
2721,B,April Evans,"2024-11-03",54,ES,2,242.76,121.38
2726,A,Pam Burns,"2021-11-17",54,BR,1,45.87,45.87
2727,B,Robert Brock,"2021-05-11",33,FR,1,68.55,68.55
2728,A,Brian Waters,"2023-05-10",20,ZA,2,176.84,88.42
2731,B,Mary Odom,"2024-01-17",68,GB,1,174.68,174.68
2732,A,Gregory Brown,"2023-08-13",72,JP,3,131.04,43.68
2734,A,Brandon Romero,"2021-03-12",47,US,1,68.58,68.58
2736,A,Rebecca Miller,"2023-04-02",50,GB,1,54.58,54.58
2746,A,Claire Mullins,"2022-07-21",65,JP,1,172.63,172.63
2748,A,Frank Taylor,"2022-02-22",21,GB,1,40.72,40.72
2752,A,Anna Guerrero,"2024-07-16",30,IN,1,471.5,471.5
2753,B,Natasha Le,"2020-12-31",69,AU,2,61.63,30.82
2754,A,Christine Cobb,"2024-01-05",60,IN,1,225.17,225.17
2760,A,Christopher Walker,"2021-07-02",70,AU,2,335.03,167.52
2764,A,John Rodriguez,"2023-01-01",23,IN,1,31.77,31.77
2766,A,Jessica Dickson,"2021-08-19",53,NL,2,64.37,32.18
2770,A,Nicole Munoz,"2025-01-31",38,US,3,205.87,68.62
2771,B,Thomas Powell,"2023-12-02",51,CA,1,58.96,58.96
2773,B,Manuel Brown,"2021-08-17",36,FR,1,162.41,162.41
2777,B,Yesenia Horton,"2025-02-06",72,GB,1,100.05,100.05
2780,A,Thomas Perez,"2025-03-22",38,JP,2,188.94,94.47
2781,B,Michelle King,"2022-07-25",62,CA,1,108.38,108.38
2784,A,Nicholas Reed,"2020-07-08",54,ES,2,287.3,143.65
2789,B,Aimee Taylor,"2021-06-25",42,JP,2,95.08,47.54
2792,A,Diane Fowler,"2025-01-28",72,JP,1,83.39,83.39
2809,B,Craig Everett,"2022-03-09",57,JP,1,28.65,28.65
2813,B,Linda Patel,"2024-02-04",31,AU,1,90.74,90.74
2814,A,Joseph Smith,"2024-11-17",32,BR,2,83.63,41.82
2818,A,Andrew Miller,"2023-08-17",51,US,1,33.58,33.58
2819,B,Amber Levy,"2021-03-12",47,DE,3,745.9,248.63
2821,B,Douglas Gilmore MD,"2021-06-23",50,JP,1,29.18,29.18
2824,A,Albert Blackwell,"2025-09-25",47,US,1,140.29,140.29
2825,B,Michael Knight,"2022-12-16",58,IN,1,186.56,186.56
2834,A,Vanessa Colon,"2020-08-21",40,AU,3,180.79,60.26
2845,B,Robert Hammond,"2022-02-28",40,ES,1,553.84,553.84
2846,A,Virginia Neal,"2020-07-26",64,US,1,126.37,126.37
2847,B,Christopher Gregory,"2023-01-31",43,GB,2,320.97,160.49
2849,B,Kristen Owens,"2025-06-13",48,CA,1,317.99,317.99
2851,B,Anthony Barton,"2025-10-07",69,SG,1,326.87,326.87
2854,A,Mr. Tristan Gonzales,"2021-06-22",49,MX,1,563.98,563.98
2855,B,Kari Dalton,"2025-04-10",34,GB,2,142.34,71.17
2857,B,Kyle Sullivan,"2025-05-04",50,SG,1,171.44,171.44
2860,A,Pedro Lowe,"2023-02-18",30,BR,2,122.53,61.26
2862,A,Stephanie Owens,"2025-08-17",28,US,1,29.22,29.22
2865,B,Lisa Ortega,"2022-08-18",63,GB,1,226.07,226.07
2875,B,Erica Bishop,"2024-08-18",46,AU,1,76.46,76.46
2881,B,Melissa Gardner,"2022-10-15",25,FR,2,154.0,77.0
2883,B,Heather Fox,"2024-01-02",69,ES,1,282.96,282.96
2884,A,Lisa Hester,"2022-03-06",26,GB,2,146.58,73.29
2889,B,Brett Parker,"2024-06-11",43,NL,1,34.34,34.34
2890,A,Zachary Sellers,"2023-04-05",19,AU,1,106.94,106.94
2893,B,Christopher Phillips,"2023-02-15",26,IN,1,61.51,61.51
2897,B,Jason Campbell,"2021-09-08",50,US,1,168.96,168.96
2899,B,Jackson Brandt,"2021-12-03",51,DE,1,75.64,75.64
2900,A,Tammy Murphy,"2020-01-26",57,MX,3,659.24,219.75
2904,A,Vanessa Jones,"2021-10-25",36,US,2,154.64,77.32
2906,A,Mrs. Rebecca Vazquez,"2021-03-13",54,FR,4,429.8,107.45
2912,A,Elizabeth Roberts,"2021-12-06",43,US,1,184.2,184.2
2917,B,Michael Oliver,"2024-01-20",31,US,2,172.97,86.48
2922,A,Angela Grimes,"2024-05-18",30,AU,2,148.61,74.31
2925,B,Charles Taylor,"2023-07-26",41,US,1,193.81,193.81
2931,B,Brian Fowler,"2020-04-20",19,AU,1,58.65,58.65
2932,A,Chris Hernandez,"2021-11-14",18,US,2,174.78,87.39
2934,A,Jeffrey Robbins,"2024-08-23",69,FR,2,487.02,243.51
2935,B,Alex Sanchez,"2021-09-01",48,IN,1,115.09,115.09
2937,B,Ana Hernandez,"2022-06-14",40,PL,1,213.23,213.23
2941,B,Robert Henry,"2022-06-09",42,ES,1,102.19,102.19
2942,A,Matthew George,"2023-06-09",74,AU,1,281.41,281.41
2946,A,Oscar Murphy,"2021-08-01",46,PL,2,221.87,110.94
2949,B,Ricardo Prince,"2023-04-07",61,BR,2,61.64,30.82
2953,B,Sarah Cole,"2021-11-22",28,US,2,81.42,40.71
2957,B,Oscar Chang,"2024-10-09",32,MX,2,283.66,141.83
2958,A,John Greene,"2025-03-20",42,AU,1,39.0,39.0
2961,B,Cory Davis MD,"2020-07-01",69,US,1,105.54,105.54
2963,B,Rhonda Banks,"2024-08-02",55,SG,1,507.39,507.39
2965,B,Mitchell Parker,"2021-11-24",70,MX,1,1082.64,1082.64
2968,A,Elizabeth Baird,"2024-04-04",24,SG,1,104.12,104.12
2969,B,Ryan Beard,"2023-07-24",37,CA,1,11.92,11.92
2970,A,Christopher Rodriguez,"2023-12-18",50,DE,2,409.35,204.67
2974,A,William Brennan,"2024-11-22",43,US,2,538.35,269.17
2980,A,Jonathan Oconnor MD,"2024-03-30",23,ES,2,370.18,185.09
2984,A,Jacqueline Jenkins,"2025-05-24",42,SG,1,27.51,27.51
2985,B,Mr. Christopher Wright,"2025-03-29",25,CA,1,65.23,65.23
2992,A,Darryl Hodges,"2022-05-09",27,ES,1,23.52,23.52
2993,B,Katelyn Calhoun,"2023-03-22",56,SG,2,623.72,311.86
2996,A,Lisa Gray,"2022-01-11",73,JP,1,267.65,267.65
2997,B,Thomas Tate,"2020-02-23",55,GB,3,371.35,123.78
3000,A,Kristine Warren,"2023-10-23",24,AU,1,159.95,159.95
3001,B,James Brown,"2024-02-14",19,JP,2,243.74,121.87
3010,A,David Gentry,"2024-04-11",37,PL,2,162.15,81.07
3011,B,Francisco Caldwell,"2022-04-05",51,IN,2,72.71,36.36
3014,A,Mary Russell,"2023-04-18",62,ES,3,449.79,149.93
3015,B,Mark Campbell,"2020-08-06",50,PL,1,227.61,227.61
3021,B,Seth Mitchell,"2022-11-06",70,GB,2,92.43,46.22
3024,A,Travis Miller,"2020-04-20",44,US,2,363.74,181.87
3025,B,Cindy Frey,"2024-08-19",53,PL,1,27.34,27.34
3028,A,Victoria Massey,"2023-03-24",74,MX,1,48.35,48.35
3032,A,Linda Bryant,"2025-01-05",42,US,1,23.23,23.23
3033,B,Jennifer Henry,"2023-12-29",68,FR,3,744.07,248.02
3036,A,Steven Warren,"2021-02-23",41,IN,3,220.62,73.54
3037,B,Jodi Baird,"2022-02-26",44,GB,2,281.25,140.62
3042,A,Marissa Wood,"2023-04-14",19,ZA,1,260.74,260.74
3047,B,James Mack,"2020-05-04",45,AU,1,274.44,274.44
3051,B,Rebecca Jimenez,"2023-08-24",49,MX,1,168.62,168.62
3055,B,Kelly Martin,"2022-02-24",64,BR,2,243.27,121.63
3057,B,Mrs. Christy Adams PhD,"2024-07-13",38,IN,1,96.52,96.52
3060,A,Diana Phillips,"2024-06-17",19,IN,2,442.25,221.13
3061,B,Christopher Koch,"2020-05-09",72,AU,1,138.7,138.7
3063,B,Jonathan Mendez,"2021-03-10",68,IN,2,90.88,45.44
3064,A,Lydia Cobb,"2020-12-18",72,US,1,26.37,26.37
3067,B,Sara Bowers,"2023-06-11",40,SE,3,340.03,113.34
3070,A,Charles Walter,"2023-05-26",43,NL,1,202.24,202.24
3073,B,Christopher Davis,"2023-08-09",52,BR,2,58.69,29.34
3074,A,Ruth Brooks,"2022-04-27",67,GB,1,436.79,436.79
3077,B,Beverly Miller,"2021-09-05",64,US,2,244.48,122.24
3079,B,Michael Brown,"2021-12-22",42,AU,1,88.74,88.74
3080,A,Allison Brown,"2024-11-08",30,BR,1,50.14,50.14
3081,B,Miranda Jones,"2020-01-17",58,NL,1,78.29,78.29
3083,B,Vanessa Garcia,"2020-02-19",40,GB,1,170.37,170.37
3089,B,Jennifer Mcclain,"2024-07-09",26,IN,1,11.65,11.65
3098,A,Robert Rose,"2021-04-04",68,ES,3,740.0,246.67
3099,B,Karen Miller,"2020-01-04",25,US,1,273.61,273.61
3107,B,Jessica Kirk,"2021-05-20",59,SG,1,74.01,74.01
3109,B,Lisa Allison,"2021-11-02",52,SG,2,270.8,135.4
3112,A,Tonya Burns,"2020-08-08",27,SE,2,289.96,144.98
3118,A,Timothy Mccall,"2025-07-02",31,DE,1,45.77,45.77
3121,B,Jon Walker,"2020-06-06",70,IN,1,38.31,38.31
3124,A,Tracie Lucas,"2023-08-12",49,US,2,740.93,370.46
3126,A,Ashley Gallagher,"2022-01-27",21,PL,2,170.62,85.31
3129,B,Annette Fleming,"2024-01-30",34,SG,2,549.46,274.73
3139,B,Linda Taylor,"2025-04-15",67,JP,1,780.95,780.95
3140,A,Mark Gray,"2021-11-30",32,IN,2,647.51,323.75
3142,A,Sarah Cunningham,"2020-03-05",41,GB,2,64.88,32.44
3145,B,Troy Pitts,"2021-09-24",21,SG,1,119.34,119.34
3146,A,Reginald Davidson,"2022-09-12",29,MX,1,69.25,69.25
3147,B,Victoria Koch,"2021-09-12",42,US,3,209.05,69.68
3149,B,Jeremy Branch,"2022-11-28",56,SG,1,136.27,136.27
3150,A,Kevin Nelson,"2025-05-06",38,AU,2,56.24,28.12
3152,A,Curtis White,"2025-01-16",48,BR,2,134.24,67.12
3157,B,Jennifer Dawson,"2025-07-06",41,US,1,54.64,54.64
3165,B,Richard Lopez,"2021-08-29",70,PL,1,608.2,608.2
3166,A,Sarah Mcneil,"2020-07-19",18,DE,1,62.77,62.77
3168,A,Keith Perez PhD,"2020-12-25",42,GB,3,146.18,48.73
3169,B,Destiny York,"2023-04-30",48,PL,1,70.92,70.92
3170,A,Jamie Johnson,"2021-06-06",30,BR,2,251.92,125.96
3172,A,Mike White,"2020-03-30",19,BR,2,44.52,22.26
3174,A,Connie Bentley,"2023-02-28",63,NL,1,15.91,15.91
3175,B,Ashley Melton,"2024-03-05",62,FR,2,176.49,88.24
3184,A,Matthew Sanchez,"2025-09-18",25,FR,1,85.31,85.31
3189,B,Kara Herrera,"2022-12-23",50,DE,1,101.56,101.56
3190,A,Karen Horton,"2025-07-30",65,FR,1,38.18,38.18
3194,A,Clifford Woods,"2024-07-21",70,BR,1,64.88,64.88
3199,B,Joel Griffin,"2021-08-04",32,US,1,53.75,53.75
3201,B,Melissa Martinez,"2025-08-06",18,AU,2,243.95,121.98
3204,A,Susan Bryant,"2021-11-20",32,SG,3,574.68,191.56
3207,B,Mary Hoffman,"2022-05-15",65,CA,2,232.87,116.44
3216,A,Amber Logan,"2022-07-19",33,NL,1,76.29,76.29
3218,A,Rebecca Diaz,"2021-07-06",29,IN,1,83.19,83.19
3219,B,Alexandra Townsend,"2024-04-11",44,FR,1,30.57,30.57
3221,B,Marie Collier,"2024-02-25",33,US,1,212.63,212.63
3224,A,Nichole Benjamin,"2024-05-03",40,GB,1,118.48,118.48
3225,B,Michael Blair,"2022-06-14",18,BR,1,55.11,55.11
3226,A,Erin Elliott,"2024-05-15",20,AU,1,23.41,23.41
3234,A,Bethany Carpenter,"2023-01-27",56,AU,2,109.24,54.62
3238,A,Linda Woods,"2020-11-14",60,CA,1,91.43,91.43
3240,A,Daniel Anderson,"2025-04-19",49,FR,1,85.03,85.03
3241,B,Shaun Singh,"2022-10-02",29,IN,1,154.48,154.48
3249,B,Kevin Richardson,"2025-03-29",56,MX,2,47.13,23.56
3257,B,Ann Glover,"2022-08-20",30,GB,1,422.01,422.01
3258,A,Dillon Bowman,"2024-01-26",63,SE,3,256.68,85.56
3259,B,George Gray,"2021-03-20",38,BR,1,90.54,90.54
3260,A,Cindy Williams,"2023-05-07",64,AE,2,214.24,107.12
3264,A,Terri Becker,"2023-07-08",64,NL,3,797.8,265.93
3265,B,Sophia Peters,"2021-10-07",50,MX,2,101.16,50.58
3268,A,Douglas Taylor,"2024-07-02",53,SE,1,24.0,24.0
3272,A,David Moon,"2025-03-05",22,SG,1,154.2,154.2
3274,A,Shannon Mercado,"2020-08-20",73,BR,1,35.55,35.55
3276,A,Amanda Davis,"2022-11-07",51,ES,1,214.77,214.77
3279,B,Emily Wright,"2020-12-08",35,NL,1,266.35,266.35
3284,A,Marc Moody,"2021-06-27",35,SE,1,406.01,406.01
3292,A,Thomas Thomas,"2023-02-18",28,IN,2,414.27,207.14
3293,B,Amber Goodwin,"2021-06-24",40,BR,1,181.57,181.57
3294,A,Gerald King,"2024-11-27",49,GB,2,95.23,47.62
3296,A,Joseph Daniel,"2024-07-09",32,FR,2,212.61,106.31
3299,B,Joseph Allison,"2020-01-27",35,DE,3,305.23,101.74
3302,A,Lindsay Reeves,"2021-01-25",64,US,1,94.4,94.4
3303,B,Jacqueline Thompson,"2021-08-28",50,BR,1,310.15,310.15
3309,B,Thomas Terrell,"2022-10-23",69,FR,1,117.24,117.24
3314,A,Julie Anderson,"2020-04-19",44,GB,1,171.73,171.73
3318,A,Michael Bryant,"2025-05-26",75,MX,2,143.08,71.54
3319,B,Jennifer Cox,"2023-07-21",40,PL,1,50.14,50.14
3324,A,Brandi Hardy,"2022-11-14",75,NL,1,20.11,20.11
3329,B,Matthew Sanders,"2022-10-07",69,US,2,332.18,166.09
3330,A,Sara Dixon,"2021-12-09",42,ZA,2,401.74,200.87
3333,B,Kayla Gomez,"2021-08-06",69,GB,2,311.99,156.0
3338,A,Crystal Wallace,"2023-12-07",35,MX,2,144.39,72.19
3348,A,Anthony Greene,"2022-02-01",33,US,1,179.4,179.4
3353,B,Angela Williams,"2025-10-31",46,IN,1,197.69,197.69
3357,B,Kyle Palmer,"2021-07-22",47,BR,1,96.62,96.62
3362,A,Carrie Sanchez,"2023-10-19",41,FR,1,72.1,72.1
3365,B,Amber Anderson,"2023-07-18",65,BR,2,34.41,17.21
3366,A,Jennifer Underwood,"2022-08-28",20,MX,1,78.51,78.51
3368,A,Jennifer Mendez,"2022-10-30",45,US,2,226.06,113.03
3371,B,Alejandra Fischer,"2023-12-31",28,PL,3,69.35,23.12
3382,A,James Lewis,"2024-04-28",44,SE,1,115.69,115.69
3383,B,Katie Hebert,"2024-07-11",38,SE,5,630.11,126.02
3385,B,Jimmy Nichols,"2024-07-16",55,CA,1,68.5,68.5
3391,B,Carlos Goodman,"2023-07-22",54,AU,1,31.59,31.59
3393,B,Joseph Tyler,"2023-02-12",70,US,1,72.39,72.39
3394,A,Charles Gomez,"2024-10-06",71,PL,3,367.01,122.34
3395,B,Carla Mack,"2023-05-02",62,ES,2,227.86,113.93
3396,A,Sherri Liu,"2022-05-13",45,BR,2,268.17,134.08
3402,A,Mark Gibson,"2022-11-17",43,CA,1,100.88,100.88
3405,B,Matthew Yates,"2020-06-18",22,US,3,308.43,102.81
3411,B,Douglas Mccormick,"2025-06-24",34,AU,4,1131.67,282.92
3413,B,Jesse Taylor,"2022-01-28",47,IN,2,297.01,148.51
3414,A,Catherine Meyers,"2021-10-20",20,MX,2,122.23,61.12
3416,A,Donna Richardson,"2025-01-17",44,SE,1,89.9,89.9
3419,B,Terry Coffey,"2021-05-20",74,US,1,115.56,115.56
3423,B,Hailey Watts,"2021-11-26",57,JP,3,612.9,204.3
3429,B,Michael Gomez,"2022-01-30",37,US,2,197.51,98.76
3434,A,Samantha Holmes,"2021-07-15",26,JP,1,12.32,12.32
3439,B,Robert Proctor,"2023-04-18",23,US,1,370.84,370.84
3441,B,Michael Ramos,"2025-05-29",26,GB,2,465.66,232.83
3446,A,Sean Schwartz,"2024-02-04",27,IN,1,282.37,282.37
3448,A,Brian Diaz,"2020-01-23",46,JP,1,292.35,292.35
3450,A,Donna Rosario,"2021-05-30",25,SG,1,104.54,104.54
3454,A,Matthew Lopez,"2023-05-22",25,DE,1,79.84,79.84
3456,A,Jordan Cervantes,"2024-05-18",42,FR,2,348.7,174.35
3458,A,Mary Wells,"2024-05-15",34,SG,2,392.84,196.42
3463,B,Todd Jones,"2024-10-01",22,AU,2,49.15,24.58
3465,B,Jonathan Johnson,"2023-03-01",42,JP,1,52.91,52.91
3467,B,Deborah Steele MD,"2023-12-12",68,MX,1,119.55,119.55
3475,B,Madison Pacheco,"2023-05-17",19,AE,1,52.8,52.8
3482,A,John Briggs,"2023-11-24",52,BR,2,178.41,89.2
3485,B,Jesse Gould,"2022-08-09",50,SE,1,43.88,43.88
3490,A,Christina Vasquez,"2022-03-02",27,JP,1,176.03,176.03
3491,B,Daniel Page,"2025-07-26",25,NL,1,144.15,144.15
3496,A,Stephanie Sanchez,"2021-10-19",69,US,1,35.84,35.84
3500,A,Ashley Gallagher,"2024-03-05",35,ZA,2,93.31,46.66
3503,B,Kristina Sanders,"2020-03-20",67,AE,1,81.1,81.1
3508,A,Ashley Brown,"2020-06-09",64,DE,1,73.34,73.34
3509,B,Wanda White,"2022-08-04",28,SE,1,11.13,11.13
3511,B,Andrea Snyder,"2021-07-22",45,IN,2,278.44,139.22
3512,A,Brenda Gamble,"2023-03-17",72,AU,2,235.39,117.69
3521,B,Kelly Good,"2021-06-26",35,US,1,156.8,156.8
3526,A,Leslie Mills,"2025-01-04",63,CA,1,111.21,111.21
3540,A,Michael Kaufman,"2023-05-13",53,IN,1,44.44,44.44
3545,B,Mr. Jeremy Fisher,"2024-05-21",36,US,2,477.86,238.93
3546,A,Chad Larson,"2025-07-29",74,SG,2,269.47,134.74
3548,A,Jennifer Brown,"2025-07-08",29,ZA,1,90.07,90.07
3554,A,Crystal Grant,"2021-12-12",66,BR,2,134.59,67.3
3555,B,Kyle Doyle,"2024-11-07",31,SG,2,131.68,65.84
3563,B,Jordan Jordan,"2022-11-30",59,PL,2,204.7,102.35
3567,B,Kimberly Hopkins,"2024-12-09",40,US,1,21.63,21.63
3569,B,Brittany Rodriguez,"2021-06-25",49,AU,2,128.04,64.02
3570,A,Debra Nelson,"2020-05-08",75,DE,1,91.97,91.97
3573,B,Joseph Stevens,"2020-06-25",62,IN,1,87.31,87.31
3574,A,Victoria Rodriguez,"2024-05-17",25,BR,2,160.05,80.02
3576,A,Courtney Murphy DDS,"2023-06-20",73,ZA,2,127.44,63.72
3577,B,Mr. Nicholas Jackson,"2020-06-07",68,NL,1,69.54,69.54
3578,A,Alice Torres,"2020-03-23",65,IN,2,650.53,325.26
3586,A,Gregory Moore,"2020-02-05",56,MX,1,494.81,494.81
3594,A,Michael Chapman,"2025-08-25",61,PL,1,57.02,57.02
3595,B,Deborah Horn,"2022-10-19",57,JP,1,132.78,132.78
3597,B,Cynthia Jimenez,"2024-01-12",49,US,2,120.26,60.13
3599,B,Bryan Kennedy,"2021-06-22",67,US,1,87.77,87.77
3600,A,Teresa Randall,"2022-10-03",49,DE,2,345.97,172.98
3604,A,Denise Rodriguez,"2024-11-23",29,GB,1,167.51,167.51
3607,B,Casey Brooks,"2021-06-03",34,GB,1,148.57,148.57
3608,A,Brooke Hall,"2024-08-10",58,MX,1,70.67,70.67
3621,B,Ashley Chavez,"2020-08-19",18,AU,2,51.26,25.63
3624,A,Nicole Ortiz,"2025-10-10",60,MX,2,76.41,38.2
3625,B,Virginia Mann,"2024-02-03",62,ZA,2,136.78,68.39
3634,A,Joseph Gonzalez,"2025-08-30",31,JP,2,293.93,146.96
3642,A,Amanda Dominguez,"2022-04-10",65,US,2,163.3,81.65
3643,B,Mark Blackwell DDS,"2024-04-21",65,US,1,77.85,77.85
3645,B,Timothy Hill,"2025-03-23",43,DE,2,289.74,144.87
3648,A,Ian Johnson,"2020-08-02",20,US,3,441.94,147.31
3650,A,John Ortiz,"2024-04-10",52,BR,1,146.72,146.72
3651,B,Andrew Mercado,"2025-06-04",68,JP,1,470.4,470.4
3652,A,Micheal Shields,"2022-09-23",19,MX,2,318.77,159.38
3653,B,Damon Edwards,"2023-05-16",18,FR,1,96.96,96.96
3658,A,Samantha Thornton,"2023-10-03",73,MX,1,18.19,18.19
3659,B,Wesley Allen,"2020-08-24",40,MX,1,155.97,155.97
3663,B,Luis Nicholson,"2025-09-12",71,SG,3,255.63,85.21
3665,B,Tyler Cooper,"2022-05-03",34,MX,2,183.51,91.76
3666,A,Tammy Pacheco,"2022-09-05",49,CA,2,124.67,62.34
3669,B,Dr. Ricky Carter,"2025-02-05",64,BR,2,238.24,119.12
3672,A,Dana Stewart,"2022-04-03",36,PL,1,147.54,147.54
3673,B,Seth Todd,"2021-12-20",53,MX,1,142.74,142.74
3676,A,Elaine Garza,"2024-06-24",41,FR,1,125.6,125.6
3677,B,Adam Carr,"2023-03-12",65,GB,2,276.17,138.09
3680,A,Michael Patton,"2022-03-04",37,US,3,336.75,112.25
3683,B,Charles Phillips,"2022-12-16",38,US,1,25.1,25.1
3688,A,Lisa Brady,"2020-04-15",31,FR,1,18.25,18.25
3689,B,Eric Vega,"2022-11-18",60,US,1,75.95,75.95
3690,A,Joshua Poole,"2023-01-02",38,GB,2,577.43,288.72
3691,B,Timothy Cook,"2025-04-10",59,US,1,97.35,97.35
3699,B,Joseph Harrison,"2020-06-19",19,BR,1,59.33,59.33
3706,A,Jesse Aguirre,"2025-09-27",34,US,2,117.54,58.77
3708,A,Chelsea Nguyen,"2024-05-02",64,ES,1,711.05,711.05
3720,A,James Green,"2023-11-27",26,IN,1,48.7,48.7
3721,B,Stephanie Garcia,"2022-07-30",69,AU,1,97.25,97.25
3722,A,Dan Sanchez,"2022-12-03",43,JP,2,55.35,27.67
3723,B,Laura Lozano,"2025-04-01",51,GB,1,75.8,75.8
3732,A,Nathan Goodwin,"2023-04-03",63,CA,2,221.44,110.72
3733,B,Mr. Timothy Arroyo DDS,"2021-01-02",30,CA,3,439.78,146.59
3735,B,Julia Landry,"2020-11-02",51,AE,4,337.48,84.37
3736,A,Melinda Jackson,"2021-07-22",28,ES,2,60.77,30.39
3738,A,Stephanie Dennis,"2024-03-22",41,NL,3,227.11,75.7
3741,B,Jessica Thomas,"2022-03-20",42,US,1,472.93,472.93
3744,A,Dennis Wolf,"2021-01-28",52,SE,2,113.31,56.66
3745,B,Adam Dominguez,"2025-03-11",63,JP,2,165.98,82.99
3749,B,Kylie Roberts,"2023-03-15",36,CA,2,122.91,61.46
3750,A,Paul Barrera,"2022-01-10",33,BR,5,225.95,45.19
3754,A,Michael Parker,"2023-07-16",47,US,1,386.68,386.68
3757,B,Paul Burgess,"2020-02-07",37,BR,1,187.1,187.1
3763,B,Jason Ochoa,"2024-05-22",34,BR,3,388.8,129.6
3767,B,Larry Taylor,"2021-05-29",47,DE,2,89.21,44.61
3769,B,Damon Johnson,"2022-11-19",25,US,4,1832.66,458.16
3774,A,Kathy Martinez,"2023-10-04",19,US,1,66.63,66.63
3775,B,Jenny Lewis,"2025-05-16",29,ES,1,40.69,40.69
3777,B,Sarah Richards,"2023-07-18",65,CA,2,757.4,378.7
3782,A,Cassie White,"2025-01-14",33,DE,1,13.68,13.68
3783,B,Robert Perkins,"2025-09-05",61,US,4,453.86,113.46
3784,A,James Fernandez,"2021-07-20",43,SE,1,276.29,276.29
3787,B,David Smith,"2021-07-22",64,DE,1,390.04,390.04
3793,B,Kimberly Moreno,"2021-07-20",61,MX,3,229.26,76.42
3795,B,Victor Bates,"2021-01-11",73,IN,1,133.95,133.95
3796,A,Anthony Norton,"2023-01-08",40,DE,1,28.21,28.21
3797,B,Bethany Young,"2020-07-09",73,GB,2,89.79,44.9
3800,A,Rachel Mendoza,"2022-01-16",37,SG,1,370.82,370.82
3801,B,Ashley Cole,"2024-09-30",50,MX,1,13.8,13.8
3811,B,Jason Schultz,"2025-09-22",59,GB,1,222.51,222.51
3812,A,Kevin Stevens,"2021-10-18",67,ZA,1,54.87,54.87
3813,B,Gabriel Love,"2025-03-10",43,GB,1,47.58,47.58
3814,A,William Mitchell PhD,"2021-01-18",64,GB,4,468.15,117.04
3818,A,Chelsea Schwartz,"2025-10-26",67,CA,1,41.97,41.97
3821,B,Kevin Calderon,"2024-06-29",45,MX,3,443.13,147.71
3822,A,Raymond Brown,"2020-05-15",42,FR,1,156.05,156.05
3824,A,Joshua Young,"2021-01-17",69,IN,1,123.51,123.51
3826,A,Elizabeth Pham,"2021-05-26",67,FR,1,20.17,20.17
3827,B,George Mcclure,"2020-12-20",71,CA,1,10.62,10.62
3829,B,Jennifer Robinson,"2023-02-18",60,JP,2,419.49,209.74
3830,A,Joel Anthony,"2023-07-10",73,BR,1,175.29,175.29
3831,B,James Glover,"2024-07-13",32,US,1,85.54,85.54
3834,A,Charles West,"2022-02-06",30,US,2,466.37,233.19
3836,A,John Anderson,"2023-11-04",47,BR,1,181.8,181.8
3839,B,Bobby Massey,"2022-04-10",29,BR,2,495.34,247.67
3845,B,Alexis Johnson,"2025-06-10",45,ES,1,675.89,675.89
3847,B,Anna Smith,"2023-12-17",66,FR,1,104.04,104.04
3855,B,Jessica Bowers,"2021-02-03",63,US,3,305.86,101.95
3856,A,Michael Rose,"2023-09-04",38,SG,1,135.04,135.04
3858,A,Deanna Howe,"2022-03-31",54,SE,1,189.92,189.92
3862,A,Pamela Logan,"2023-05-23",47,SG,1,176.11,176.11
3868,A,Dennis Saunders,"2025-09-13",67,DE,3,288.38,96.13
3869,B,Jeffrey Estes,"2024-03-03",46,ES,1,296.68,296.68
3871,B,Austin Bryant,"2023-11-05",28,SE,2,766.48,383.24
3872,A,Andrew Turner,"2024-08-15",65,US,1,187.56,187.56
3877,B,John Fleming,"2024-04-09",63,GB,1,150.65,150.65
3887,B,Anna Shaw,"2021-02-01",29,US,1,139.25,139.25
3888,A,Mark Morgan,"2024-01-25",62,DE,1,186.84,186.84
3892,A,Anthony Peck,"2023-05-23",21,FR,1,269.6,269.6
3896,A,Matthew Robinson,"2020-06-28",75,US,2,107.71,53.85
3899,B,Kenneth Lopez,"2022-04-11",35,GB,1,252.15,252.15
3907,B,Dawn Stone,"2024-10-25",54,FR,1,57.14,57.14
3909,B,Andre Moore,"2025-08-19",69,AE,1,196.17,196.17
3910,A,Kimberly Davis,"2020-05-19",30,JP,1,63.62,63.62
3912,A,Eric Robinson,"2025-10-29",22,SE,2,479.93,239.97
3914,A,Linda Salinas,"2021-06-14",19,GB,2,120.48,60.24
3923,B,Jose Smith,"2022-08-24",70,GB,2,557.88,278.94
3928,A,Jennifer West,"2023-05-26",41,FR,1,80.18,80.18
3931,B,Amanda Flores,"2024-11-13",30,AU,2,141.24,70.62
3939,B,Jacob Brown,"2024-05-22",69,IN,1,173.34,173.34
3946,A,Rachel Mathis,"2023-01-04",45,GB,1,233.18,233.18
3947,B,Dr. Michael Smith,"2022-11-27",22,IN,2,111.68,55.84
3951,B,Lisa Berg,"2020-10-28",24,CA,2,801.79,400.9
3953,B,Nathan Richardson,"2021-10-16",71,IN,2,221.95,110.97
3956,A,Christina Mcclain,"2024-07-04",71,MX,1,53.09,53.09
3962,A,Alexandra Cobb,"2022-08-03",52,BR,1,98.28,98.28
3963,B,Richard Clarke,"2022-08-15",29,US,1,32.47,32.47
3968,A,Rebecca Bright,"2022-11-09",37,JP,2,117.81,58.9
3971,B,Sarah Dickerson DDS,"2024-06-01",63,JP,1,44.22,44.22
3973,B,Dalton Ford,"2023-01-22",56,SG,1,81.41,81.41
3976,A,Rebecca Norman,"2024-10-05",57,JP,1,76.45,76.45
3977,B,Joe Byrd,"2024-03-27",59,DE,2,137.3,68.65
3981,B,Dennis Martin,"2021-03-08",39,CA,1,68.89,68.89
3982,A,Jennifer Sharp,"2020-06-03",28,GB,2,65.07,32.54
3983,B,Bonnie Mckenzie,"2025-10-18",49,US,1,12.76,12.76
3988,A,Connor Arellano,"2022-10-03",45,ES,1,45.88,45.88
3989,B,Anna Jackson,"2023-10-31",29,AE,2,362.94,181.47
3990,A,John Welch,"2025-01-21",64,US,2,129.18,64.59
3998,A,Jacob Williams,"2020-11-16",62,US,2,463.44,231.72
4001,B,Tina Gardner,"2021-07-10",26,NL,1,777.59,777.59
4004,A,Phillip Davis,"2025-05-29",57,IN,3,353.68,117.89
4006,A,Sonia Evans,"2025-08-04",43,MX,1,214.92,214.92
4009,B,Jason Malone,"2023-12-07",55,US,1,140.59,140.59
4011,B,Ryan Riley,"2022-11-12",66,MX,1,253.76,253.76
4015,B,Aaron Mitchell,"2025-06-01",33,SG,2,236.88,118.44
4024,A,Marisa Hogan,"2021-01-04",48,US,3,360.57,120.19
4026,A,Charles Cortez MD,"2025-04-27",53,ES,2,136.48,68.24
4027,B,Lorraine Gonzalez,"2022-06-10",34,CA,1,169.64,169.64
4028,A,Nicholas Lee,"2022-02-05",43,GB,1,30.27,30.27
4032,A,Lawrence Lee,"2021-01-06",57,CA,2,600.57,300.28
4035,B,Robert Edwards,"2020-08-21",24,DE,1,62.75,62.75
4037,B,Bradley Velasquez,"2024-09-16",42,SE,1,102.3,102.3
4042,A,Matthew Harris,"2023-01-22",75,SE,2,224.0,112.0
4045,B,Paige Newton,"2021-10-22",44,US,1,357.04,357.04
4046,A,Christopher Williams,"2025-01-14",74,US,1,94.79,94.79
4052,A,Roger Lee,"2020-06-23",20,IN,2,137.7,68.85
4054,A,Jennifer Reyes,"2024-04-11",41,US,1,206.19,206.19
4055,B,Eric Anderson,"2024-09-30",28,DE,2,228.33,114.17
4058,A,Eric James,"2020-01-07",24,MX,1,168.82,168.82
4059,B,Susan Bates,"2024-07-01",30,BR,1,143.25,143.25
4062,A,Hailey Williams,"2020-05-23",39,DE,1,216.05,216.05
4070,A,Angel Francis,"2024-03-23",52,ZA,1,186.41,186.41
4072,A,Larry Wilson,"2021-10-09",55,JP,2,217.52,108.76
4073,B,Martha Martinez,"2021-04-04",49,IN,2,412.56,206.28
4074,A,Victoria Lee,"2023-09-01",66,US,2,174.54,87.27
4079,B,James Smith,"2024-12-30",40,IN,3,599.91,199.97
4085,B,Lauren Davis,"2021-04-05",52,GB,2,300.83,150.41
4089,B,Michael Martinez,"2020-09-22",62,ZA,1,187.92,187.92
4100,A,Mathew Larson,"2024-11-06",22,IN,1,332.09,332.09
4106,A,Tina Oneill,"2023-07-28",65,JP,2,171.15,85.57
4107,B,Angela Oneill,"2020-10-20",55,ES,1,46.58,46.58
4109,B,Cody Johnson,"2020-12-27",44,US,3,180.03,60.01
4112,A,Blake Murray,"2022-11-19",22,FR,1,109.46,109.46
4113,B,Jennifer Henson,"2025-03-26",47,US,1,61.49,61.49
4121,B,Tracy Medina,"2024-10-08",20,PL,1,38.74,38.74
4122,A,Tracy Lopez,"2024-08-05",75,MX,1,313.06,313.06
4124,A,Amanda Meyer,"2024-07-14",23,FR,2,118.7,59.35
4125,B,Tracy Zuniga,"2021-12-21",67,IN,1,24.77,24.77
4133,B,Patrick Kennedy,"2022-04-11",32,DE,2,95.62,47.81
4135,B,Crystal Molina,"2024-01-29",62,IN,2,621.12,310.56
4137,B,Timothy Sparks,"2022-08-01",67,SE,2,395.59,197.79
4143,B,Tina Smith,"2025-02-13",52,PL,2,106.32,53.16
4146,A,James Allen,"2021-05-25",48,ES,1,1101.3,1101.3
4147,B,Teresa Welch,"2025-08-25",64,MX,2,201.39,100.69
4150,A,Zachary Gordon,"2024-07-02",25,FR,2,241.82,120.91
4151,B,Michael Griffith,"2021-02-24",29,AE,1,43.08,43.08
4152,A,Brittany Nguyen,"2025-04-05",68,SG,2,147.17,73.58
4153,B,Deborah Molina,"2023-10-20",28,GB,1,33.32,33.32
4154,A,Barry Howe,"2024-09-01",59,US,1,93.26,93.26
4157,B,Desiree Leonard DVM,"2025-05-09",57,US,1,27.89,27.89
4158,A,Robin Kennedy,"2022-07-07",59,GB,3,202.57,67.52
4162,A,Maria Cruz,"2023-02-09",45,AE,2,363.37,181.68
4165,B,Joyce West,"2023-11-11",70,US,2,12.85,6.43
4166,A,Bryan Castro,"2024-09-02",73,FR,2,189.11,94.56
4167,B,Karen Bailey,"2025-09-22",31,NL,3,890.7,296.9
4170,A,Angela Gordon,"2025-09-07",29,MX,2,100.02,50.01
4171,B,Benjamin George,"2025-04-09",43,GB,3,100.42,33.47
4175,B,John Parker,"2020-02-04",32,GB,2,76.28,38.14
4176,A,Adam Evans,"2023-03-03",23,US,1,55.18,55.18
4183,B,Michele Martin,"2023-05-28",36,FR,1,99.09,99.09
4185,B,Jennifer Bailey,"2022-06-29",30,IN,2,104.91,52.46
4192,A,Cheryl Manning,"2023-02-15",62,JP,1,107.35,107.35
4193,B,Laura Gonzales,"2025-03-06",31,FR,1,226.14,226.14
4196,A,Jessica Parks,"2024-03-30",36,JP,1,27.47,27.47
4199,B,Brittney Hughes,"2020-09-22",41,US,1,87.59,87.59
4203,B,Tommy Martinez,"2022-12-28",25,GB,2,230.32,115.16
4204,A,Joseph Moore,"2024-04-03",71,PL,3,465.51,155.17
4205,B,Christina Sandoval,"2024-01-28",48,IN,1,465.02,465.02
4213,B,Samuel Rodriguez,"2024-01-14",41,DE,3,405.24,135.08
4226,A,Brandon Powell,"2025-05-19",33,DE,1,19.35,19.35
4234,A,Jasmine Johnson,"2023-01-05",48,PL,2,140.48,70.24
4238,A,Sandra Rowe,"2024-08-25",38,US,1,10.04,10.04
4243,B,Kimberly Vang,"2023-05-14",44,CA,2,170.79,85.4
4248,A,Jonathan Spencer,"2021-12-16",26,JP,1,680.81,680.81
4250,A,Barry Weber,"2021-11-25",46,PL,2,91.34,45.67
4254,A,Michael Carlson,"2020-03-02",19,US,1,15.67,15.67
4255,B,Marisa Watts,"2021-08-18",67,IN,2,89.69,44.84
4263,B,David Pierce,"2020-09-06",36,ES,1,28.05,28.05
4266,A,Matthew Le,"2024-09-03",63,US,2,195.68,97.84
4269,B,Andrew Avery,"2020-10-08",61,MX,3,398.73,132.91
4270,A,Matthew Anderson,"2022-01-22",61,DE,2,573.06,286.53
4272,A,Bryan Bishop,"2023-08-29",57,JP,1,58.31,58.31
4276,A,Mr. Luke Wilson,"2021-01-07",57,BR,1,215.69,215.69
4278,A,Zachary Morris,"2021-12-02",63,US,2,153.41,76.7
4285,B,Jimmy Walker,"2021-03-27",25,ZA,2,335.92,167.96
4288,A,Brian Dunn,"2024-07-20",61,SE,1,163.98,163.98
4291,B,Connie Cole,"2025-10-26",52,US,2,250.55,125.27
4295,B,John Sherman,"2025-01-22",20,CA,2,308.44,154.22
4296,A,James Hodge,"2020-02-10",65,DE,1,86.61,86.61
4315,B,Daniel Dixon,"2024-11-27",59,US,1,621.33,621.33
4320,A,Melissa Garza,"2021-03-18",57,ES,1,72.52,72.52
4326,A,Denise Lucas,"2020-08-06",60,AU,1,73.88,73.88
4331,B,Jessica Phillips,"2024-11-18",52,BR,1,110.04,110.04
4332,A,Amy Byrd,"2025-03-13",19,BR,1,809.42,809.42
4337,B,Jeremy Dalton,"2021-04-02",56,AU,2,141.74,70.87
4343,B,Gabrielle Anthony,"2021-11-28",51,FR,4,300.32,75.08
4347,B,Matthew Scott,"2022-10-18",35,SG,1,29.6,29.6
4354,A,Robert Schmidt,"2020-12-30",57,MX,5,746.52,149.3
4359,B,Lucas Thomas,"2020-02-23",25,DE,1,143.25,143.25
4364,A,William Carpenter,"2020-02-21",46,MX,3,223.9,74.63
4372,A,Penny Morris,"2025-10-16",41,PL,2,209.57,104.79
4373,B,Michael Shepherd,"2023-10-05",65,BR,2,188.67,94.34
4376,A,Jacqueline Goodwin,"2024-11-22",32,PL,2,257.54,128.77
4381,B,Amber Thompson,"2023-10-27",56,NL,2,196.86,98.43
4384,A,Cynthia Edwards,"2023-05-30",25,US,1,94.49,94.49
4386,A,Morgan Thompson,"2020-04-03",23,GB,2,293.48,146.74
4391,B,Julie Thomas,"2022-06-14",29,FR,1,297.92,297.92
4393,B,Shaun Smith,"2020-01-13",45,BR,1,193.13,193.13
4395,B,Yvonne Lyons,"2020-01-09",28,US,3,438.69,146.23
4404,A,Courtney Jones,"2025-02-12",42,CA,1,196.37,196.37
4407,B,Eric Ortiz,"2021-02-14",66,US,1,39.89,39.89
4410,A,Daniel Willis,"2025-06-08",33,AE,2,178.69,89.34
4412,A,Brittany Ford,"2024-07-11",39,FR,2,84.45,42.23
4413,B,William Howe,"2024-01-26",20,US,2,661.9,330.95
4417,B,Danielle Jensen,"2022-01-09",42,DE,2,120.03,60.01
4424,A,Melanie Mcgee,"2021-09-07",66,IN,3,261.85,87.28
4426,A,Dr. Timothy Martin,"2024-03-01",57,MX,1,26.1,26.1
4427,B,Gail Santos,"2024-12-20",25,DE,2,167.8,83.9
4436,A,Dr. Shannon Cohen DVM,"2024-10-22",37,BR,1,214.5,214.5
4437,B,Michael Nelson,"2025-09-08",39,SG,1,115.56,115.56
4440,A,Shelly Flores,"2022-05-31",28,SG,1,56.02,56.02
4442,A,Joseph Jarvis,"2020-11-24",36,ZA,1,195.82,195.82
4446,A,Lynn Goodman,"2022-03-31",73,US,3,370.08,123.36
4447,B,Melissa Alvarez,"2021-11-22",73,AU,1,73.61,73.61
4449,B,James Cervantes,"2025-09-18",23,FR,2,327.63,163.81
4452,A,Shannon Walsh,"2025-03-07",51,DE,2,241.09,120.55
4454,A,Jason Mann,"2022-04-28",63,GB,1,55.38,55.38
4456,A,Sara Nelson,"2025-03-08",46,US,1,149.22,149.22
4466,A,Brian Jackson,"2024-01-04",72,IN,1,91.63,91.63
4472,A,Brenda Holt,"2022-03-07",61,IN,1,695.45,695.45
4473,B,Virginia Baker,"2024-05-08",36,BR,1,273.09,273.09
4475,B,Abigail Nelson,"2025-01-13",75,US,1,152.75,152.75
4478,A,Ryan Huber,"2025-03-30",42,ES,3,444.96,148.32
4482,A,Jennifer Alvarado,"2022-07-14",72,US,2,212.19,106.09
4483,B,Stacy Thompson,"2023-10-17",67,IN,1,44.8,44.8
4486,A,Katherine Gardner,"2024-08-31",24,NL,1,84.25,84.25
4488,A,Travis Gibson,"2021-03-16",74,JP,2,288.43,144.21
4490,A,Nicole Robinson,"2025-06-19",18,GB,2,90.07,45.03
4493,B,Frank Ford,"2023-03-05",36,BR,4,360.84,90.21
4494,A,Corey Rivers,"2022-08-14",37,GB,1,103.08,103.08
4495,B,Mr. Carlos Buckley,"2023-01-01",66,SE,2,53.16,26.58
4496,A,Erin Patel,"2025-07-04",55,FR,1,31.32,31.32
4508,A,Christopher Randolph,"2024-09-23",55,CA,3,559.04,186.35
4511,B,Edward Lewis,"2024-08-22",22,AU,1,65.99,65.99
4515,B,Jesse Gordon,"2022-10-26",19,JP,2,828.91,414.46
4518,A,Shelby Byrd,"2024-08-11",50,JP,1,90.53,90.53
4521,B,Julie Summers,"2020-06-09",25,GB,1,42.06,42.06
4523,B,Nancy Graham,"2020-08-11",38,CA,1,39.06,39.06
4533,B,Mary Turner,"2020-10-24",26,FR,1,197.17,197.17
4535,B,Christopher Gillespie,"2024-06-14",21,GB,2,335.63,167.82
4538,A,Andrea Bennett,"2025-02-13",24,US,1,138.63,138.63
4540,A,Jill Sweeney,"2025-10-14",53,AE,2,109.01,54.5
4543,B,Tamara Lewis,"2024-03-30",55,US,1,82.01,82.01
4546,A,Hannah Ryan,"2024-01-30",66,JP,2,504.3,252.15
4547,B,Jill Perry,"2020-10-05",30,MX,1,296.62,296.62
4552,A,Victor Mitchell,"2021-12-31",60,IN,2,369.93,184.96
4553,B,Rachel Goodman,"2022-11-28",37,FR,1,149.56,149.56
4562,A,Monica Ruiz,"2020-05-02",34,BR,1,153.87,153.87
4565,B,Stephen Downs,"2025-02-01",62,FR,1,37.8,37.8
4567,B,Julia Sawyer,"2020-06-23",26,US,1,211.45,211.45
4568,A,Jason Edwards,"2020-08-10",51,US,1,306.14,306.14
4571,B,Joseph Allen,"2024-11-18",37,IN,1,60.0,60.0
4574,A,Justin Andrews,"2020-03-19",33,IN,1,109.94,109.94
4590,A,Haley Lambert,"2021-08-06",73,BR,1,14.08,14.08
4591,B,Crystal Anderson,"2024-11-01",71,US,1,45.78,45.78
4600,A,Tracy Payne,"2023-08-02",74,DE,2,209.83,104.92
4602,A,Amy Thornton,"2024-06-15",33,JP,1,45.87,45.87
4605,B,Jennifer White,"2021-04-01",35,GB,2,112.53,56.26
4609,B,Andrew Phillips,"2020-10-16",57,BR,2,97.3,48.65
4611,B,Julia Dudley,"2023-12-06",50,US,2,289.94,144.97
4612,A,Melanie Farmer,"2023-05-17",25,IN,2,335.68,167.84
4614,A,Wendy Miller,"2020-06-18",27,MX,2,291.4,145.7
4626,A,Beth Page,"2024-05-01",64,MX,1,179.51,179.51
4630,A,Brianna Davis,"2022-12-04",28,IN,1,612.54,612.54
4632,A,Daniel Chan,"2022-01-15",25,SG,1,293.09,293.09
4633,B,Teresa Rodriguez,"2020-07-06",70,BR,1,200.53,200.53
4634,A,Jasmine Lawrence,"2023-11-16",62,BR,1,61.54,61.54
4636,A,Troy Barnes,"2020-12-09",30,NL,3,305.32,101.77
4640,A,Anthony Mills,"2024-12-30",21,MX,2,321.74,160.87
4644,A,Mark Carter,"2024-03-08",31,ZA,2,244.45,122.23
4647,B,Shannon Flores,"2022-11-29",47,MX,1,147.59,147.59
4648,A,Karen Conner,"2024-01-19",24,GB,1,121.42,121.42
4650,A,Stephen Oneal,"2022-01-26",74,IN,3,597.24,199.08
4654,A,Johnathan Alvarez,"2023-02-24",54,US,1,361.44,361.44
4656,A,Matthew Taylor,"2020-01-08",46,US,2,35.74,17.87
4659,B,Erica Morales,"2022-02-07",41,NL,3,217.9,72.63
4668,A,Heather Moss,"2021-09-19",62,IN,1,62.02,62.02
4672,A,Sherri Richardson,"2022-04-07",64,BR,1,464.48,464.48
4676,A,Colleen Booker,"2023-04-24",20,ZA,1,97.9,97.9
4677,B,Anthony Butler,"2020-04-12",46,JP,1,209.24,209.24
4678,A,Courtney Oconnell,"2024-06-10",31,IN,1,17.47,17.47
4680,A,James Brennan,"2023-11-20",51,BR,1,25.61,25.61
4683,B,Marc Nguyen,"2024-02-26",50,ES,1,39.29,39.29
4684,A,David Underwood,"2023-05-29",37,BR,1,122.29,122.29
4687,B,Glenn Miller,"2025-05-03",71,GB,2,282.34,141.17
4688,A,Lisa Cross,"2021-11-17",75,PL,1,108.85,108.85
4693,B,Robin Jennings,"2020-07-03",74,US,1,223.62,223.62
4698,A,Natalie Martin,"2023-10-25",61,US,1,37.8,37.8
4699,B,Danny Reed Jr.,"2024-08-11",45,FR,2,176.13,88.06
4700,A,Sheila May,"2023-10-30",36,FR,2,360.68,180.34
4702,A,Kayla Rogers MD,"2025-08-18",32,US,1,88.96,88.96
4704,A,John Harrison,"2024-08-11",50,US,1,117.52,117.52
4706,A,Richard Anderson,"2021-09-27",25,US,1,57.52,57.52
4710,A,Tonya Mcknight,"2020-12-10",31,FR,1,136.09,136.09
4717,B,Krista Johnson,"2021-12-19",33,GB,2,160.84,80.42
4720,A,Stacey Morales,"2023-10-08",69,DE,2,85.69,42.84
4722,A,Melissa Marsh,"2023-12-26",74,FR,3,153.92,51.31
4725,B,Collin Griffin,"2020-04-30",60,AU,1,28.73,28.73
4726,A,Timothy Smith,"2024-01-10",68,DE,3,276.23,92.08
4736,A,Mike Aguilar,"2021-06-30",25,NL,1,24.73,24.73
4738,A,Ashley Douglas,"2024-02-21",67,IN,3,104.97,34.99
4739,B,Paul Wheeler,"2024-04-26",46,NL,1,71.02,71.02
4740,A,Isaiah Vazquez,"2020-04-22",44,JP,1,105.24,105.24
4742,A,Heather Sutton,"2020-04-05",35,PL,1,35.74,35.74
4748,A,Katelyn Morales,"2023-12-13",21,DE,2,140.52,70.26
4750,A,Donald Booker,"2020-11-05",62,BR,1,73.44,73.44
4751,B,Tamara Sutton,"2020-03-21",45,BR,1,33.63,33.63
4757,B,Michelle Moreno,"2020-07-01",42,NL,2,240.64,120.32
4760,A,Sheila Carroll,"2021-03-30",47,US,2,89.02,44.51
4763,B,Jake Bell,"2020-01-13",36,GB,3,171.74,57.25
4768,A,Angela Butler,"2021-10-05",25,US,2,35.78,17.89
4770,A,Thomas Johnson,"2024-02-16",21,NL,1,520.96,520.96
4777,B,Caleb Callahan,"2024-12-22",64,BR,1,83.09,83.09
4782,A,Roger Martin,"2024-08-08",74,IN,2,502.37,251.18
4786,A,Veronica Wilson,"2024-11-04",22,US,1,11.22,11.22
4791,B,Ernest Johnson,"2024-05-15",58,US,2,867.96,433.98
4794,A,Christian Gomez,"2020-03-13",53,BR,2,333.76,166.88
4795,B,Kayla Walker,"2022-02-20",20,IN,4,401.23,100.31
4799,B,Allison Morris,"2024-09-10",23,BR,1,66.63,66.63
4803,B,Danielle Schwartz,"2022-02-06",35,US,3,341.8,113.93
4806,A,Mia Vasquez,"2021-10-24",40,BR,1,41.67,41.67
4807,B,Andrew Wilson,"2022-03-17",59,GB,1,25.74,25.74
4814,A,Stacy Perez,"2023-03-09",60,US,4,213.63,53.41
4815,B,Matthew Bright,"2021-12-18",48,FR,1,102.13,102.13
4818,A,Charles Johnson,"2025-07-15",27,ES,2,272.61,136.3
4819,B,Kelli Santos,"2023-09-01",45,BR,1,151.66,151.66
4820,A,Teresa Kelly,"2022-07-07",44,AU,3,318.01,106.0
4821,B,Elizabeth White,"2023-01-10",53,US,1,34.62,34.62
4822,A,Renee Mueller,"2021-02-25",57,US,3,463.78,154.59
4824,A,Emma Orr,"2020-03-13",69,MX,1,66.41,66.41
4829,B,Eric Martinez,"2020-09-29",51,ES,1,90.83,90.83
4831,B,William Adams,"2021-03-07",72,SE,2,430.64,215.32
4836,A,Sean Hart,"2024-01-06",67,NL,1,19.58,19.58
4838,A,Justin Richard,"2024-12-03",53,JP,3,201.88,67.29
4843,B,Joseph Garcia,"2020-11-16",53,US,1,49.02,49.02
4847,B,Bryan White,"2022-06-19",49,GB,1,150.16,150.16
4853,B,Jennifer Mcdaniel,"2023-01-17",43,GB,3,383.42,127.81
4854,A,Wendy Strong,"2022-06-19",26,DE,1,49.05,49.05
4855,B,Anthony Mitchell,"2023-06-21",43,IN,2,647.81,323.9
4856,A,Marissa Carr,"2021-07-04",45,US,3,590.22,196.74
4859,B,Matthew Wong,"2023-07-21",53,BR,2,321.09,160.54
4866,A,Michael Martin,"2022-09-27",49,ZA,1,190.94,190.94
4871,B,Valerie Brown,"2022-01-13",72,MX,1,208.56,208.56
4890,A,Deborah Bush,"2020-03-07",31,MX,3,527.93,175.98
4892,A,Brian Moore,"2025-01-02",75,SG,1,222.65,222.65
4898,A,Victor Mullins,"2025-02-28",72,PL,1,32.18,32.18
4899,B,Mr. Steven Parker PhD,"2021-05-09",22,DE,1,173.08,173.08
4906,A,Nathaniel Sellers,"2021-05-23",73,US,1,186.18,186.18
4907,B,Matthew Contreras,"2024-02-09",37,US,3,352.71,117.57
4908,A,Clifford Watson,"2024-10-10",44,FR,1,23.23,23.23
4920,A,Amanda Barnes,"2021-01-14",45,US,1,173.78,173.78
4926,A,Justin Lawson,"2022-08-29",46,US,1,21.64,21.64
4927,B,Terry Serrano,"2020-01-16",37,AU,3,210.61,70.2
4931,B,Virginia Lee,"2024-10-28",32,US,1,174.72,174.72
4932,A,Michelle Nelson,"2023-04-25",60,CA,2,187.37,93.68
4934,A,Christine Fox,"2022-09-27",23,IN,1,787.02,787.02
4940,A,Nathan Martin,"2022-02-06",48,JP,2,315.09,157.54
4941,B,Aaron Taylor,"2020-12-23",54,CA,1,25.64,25.64
4942,A,Ryan Pruitt,"2023-04-05",74,US,1,170.09,170.09
4947,B,Francisco Espinoza,"2024-05-07",67,ES,2,85.01,42.51
4948,A,Lindsey Wilson,"2023-01-28",37,BR,1,104.6,104.6
4950,A,Jeremy Sanchez,"2021-06-03",26,DE,2,709.59,354.79
4954,A,Larry Lee,"2022-03-17",41,IN,1,42.86,42.86
4959,B,Kelly Villarreal,"2025-09-04",42,US,3,1025.51,341.84
4960,A,Amy Deleon,"2020-10-24",69,DE,2,257.91,128.95
4962,A,Jamie Freeman,"2024-05-05",55,BR,1,14.02,14.02
4963,B,Jared Gutierrez,"2024-04-10",47,BR,4,327.14,81.79
4964,A,Joshua Torres,"2024-10-10",61,MX,1,77.31,77.31
4975,B,Jordan Carter,"2025-07-26",48,CA,2,335.71,167.86
4977,B,Stephanie Cooke,"2022-06-09",73,GB,2,325.93,162.97
4981,B,James Smith,"2020-11-20",46,US,1,56.54,56.54
4983,B,Michael West,"2023-01-12",19,SE,3,54.34,18.11
4986,A,Ashley Jackson MD,"2025-07-05",62,SG,1,495.58,495.58
4989,B,Lisa Davila,"2022-02-14",32,BR,1,72.63,72.63
4990,A,Ricky Kennedy,"2020-12-30",61,MX,1,168.84,168.84
4993,B,Dustin Mata,"2024-01-04",59,JP,2,163.32,81.66
5002,A,Haley Maxwell,"2023-09-27",43,FR,2,325.37,162.68
5003,B,Kent Griffin,"2021-09-01",50,BR,1,257.35,257.35
5005,B,Dwayne Cross,"2023-12-25",69,AE,1,122.42,122.42
5008,A,Catherine Cohen,"2021-01-06",67,JP,2,54.25,27.12
5010,A,Jody Miller,"2020-04-17",41,MX,1,629.74,629.74
5012,A,Matthew Knight,"2020-11-11",75,FR,2,100.36,50.18
5017,B,Emma Yoder,"2022-11-06",28,AU,1,42.36,42.36
5018,A,Amanda Bernard,"2024-06-05",47,BR,2,58.72,29.36
5021,B,Julie Henderson,"2021-08-11",51,BR,1,283.94,283.94
5023,B,Dennis Russell,"2025-05-20",20,GB,2,199.69,99.85
5026,A,Sharon Young,"2025-03-27",65,US,3,67.75,22.58
5032,A,Sara James,"2021-10-12",59,AU,2,366.83,183.41
5034,A,Jessica Coleman,"2022-04-17",61,US,1,37.18,37.18
5035,B,Fred Patterson,"2022-12-05",71,US,3,249.26,83.09
5038,A,Raven Phillips,"2024-11-23",49,US,1,137.45,137.45
5039,B,Mark Wood,"2021-04-30",51,ES,1,31.64,31.64
5040,A,Justin Cunningham,"2020-01-06",52,AU,2,178.95,89.47
5042,A,Michelle Mendez,"2020-10-15",52,US,1,39.27,39.27
5045,B,Courtney Taylor,"2023-04-29",48,US,1,26.4,26.4
5047,B,Christopher Boyd,"2023-07-26",33,BR,2,74.35,37.18
5051,B,Mary Stone,"2024-10-22",49,US,1,85.46,85.46
5053,B,Jason Foster,"2020-10-04",63,DE,1,177.22,177.22
5054,A,Sarah Hall,"2023-12-15",30,BR,2,174.17,87.08
5061,B,Steven Lowe,"2023-11-20",71,IN,2,155.95,77.98
5065,B,Mary Nguyen,"2024-11-05",57,SE,1,109.31,109.31
5066,A,Kerry Tucker,"2021-03-30",45,US,2,66.17,33.09
5069,B,Olivia Sanders,"2025-05-26",65,AE,1,23.07,23.07
5070,A,Martin Bailey,"2023-11-02",72,SG,2,120.53,60.26
5072,A,Charles Gray,"2022-11-02",63,GB,1,96.78,96.78
5086,A,Crystal Parker,"2024-08-23",50,JP,1,30.82,30.82
5091,B,Travis Thornton,"2020-01-22",75,DE,2,625.82,312.91
5092,A,Victor Quinn,"2022-05-15",36,AU,1,280.01,280.01
5098,A,Ms. Kimberly Hardy,"2023-09-04",54,BR,2,326.44,163.22
5103,B,Thomas White,"2021-08-26",46,CA,1,235.25,235.25
5104,A,Debra Tucker,"2025-03-21",22,FR,1,153.07,153.07
5110,A,Ashley Walker,"2025-03-15",28,SG,1,216.36,216.36
5115,B,Elaine Hicks,"2023-05-07",28,CA,2,644.0,322.0
5117,B,Victor Whitney,"2025-01-06",47,SG,2,415.35,207.67
5119,B,Candice Jennings,"2020-09-04",34,GB,2,80.69,40.35
5122,A,Carolyn Ford,"2020-05-27",46,GB,1,122.56,122.56
5125,B,Andres Vang,"2025-08-10",61,IN,1,55.45,55.45
5130,A,Heather Bridges,"2020-01-27",34,ZA,1,71.73,71.73
5131,B,Michael Butler,"2023-01-07",20,AU,1,273.7,273.7
5132,A,Mary Clark,"2021-05-16",59,AU,1,44.27,44.27
5133,B,Danny Warner,"2024-02-15",45,AU,3,558.97,186.32
5134,A,Michele Adams,"2022-05-13",56,IN,1,143.75,143.75
5137,B,Hunter Elliott,"2022-06-10",55,ES,3,182.15,60.72
5140,A,Melissa Stafford,"2020-09-06",64,DE,1,30.76,30.76
5143,B,George Schmidt,"2021-12-07",37,US,1,202.1,202.1
5148,A,Amy Flores,"2025-08-13",52,ES,4,451.51,112.88
5153,B,Steven Burns,"2020-06-24",49,ES,2,136.92,68.46
5155,B,Nicole Stanley,"2022-11-11",65,MX,2,66.62,33.31
5160,A,Gina Thornton,"2020-09-09",64,DE,1,332.19,332.19
5162,A,William Robinson,"2020-09-01",50,NL,1,36.81,36.81
5164,A,Brian Scott,"2020-03-08",45,IN,1,664.56,664.56
5165,B,Michael Bates,"2024-07-16",39,AE,1,67.78,67.78
5166,A,Taylor Clark,"2023-10-11",65,US,2,203.82,101.91
5171,B,Angela Burnett,"2020-07-22",73,FR,1,281.6,281.6
5172,A,Christopher Macdonald,"2020-10-23",34,NL,1,31.51,31.51
5175,B,Kaitlyn Walls,"2020-09-16",41,CA,2,144.51,72.25
5177,B,Laura Hunter,"2023-12-05",55,IN,1,78.9,78.9
5178,A,John Hutchinson,"2021-01-09",49,BR,2,30.9,15.45
5185,B,Tony Stevens,"2020-05-19",30,US,1,82.71,82.71
5187,B,Glenn Wells,"2022-07-22",36,MX,1,31.42,31.42
5188,A,James Patterson MD,"2021-10-17",71,ES,3,424.38,141.46
5189,B,Erica Gomez,"2025-05-31",63,MX,1,106.16,106.16
5190,A,Christopher Griffin MD,"2020-09-01",46,SE,1,47.0,47.0
5194,A,Matthew Zamora,"2022-03-28",49,MX,1,40.78,40.78
5198,A,Rose Torres,"2024-04-21",28,MX,3,140.84,46.95
5200,A,Monica Griffin,"2025-10-06",54,GB,2,298.46,149.23
5201,B,Mary Gallagher,"2020-10-14",25,MX,1,60.4,60.4
5203,B,Erin Lloyd,"2021-12-22",72,SG,1,38.79,38.79
5205,B,Lisa Gardner,"2023-07-14",36,IN,2,119.53,59.76
5212,A,Aaron Stanton,"2023-10-23",36,DE,1,189.02,189.02
5213,B,Erika Ramos,"2023-05-27",56,GB,2,235.0,117.5
5220,A,Stacey King,"2020-05-12",33,DE,1,12.73,12.73
5223,B,Travis Robbins,"2020-01-05",67,NL,2,51.44,25.72
5226,A,Susan Jacobs,"2024-06-03",55,SE,1,185.49,185.49
5229,B,Francisco Taylor,"2022-08-14",33,SG,2,241.72,120.86
5234,A,Megan Gibbs,"2023-07-14",33,US,3,184.34,61.45
5248,A,Christopher Mcdaniel,"2021-01-15",30,ES,1,119.93,119.93
5250,A,Courtney Flynn,"2022-01-19",31,BR,2,311.93,155.97
5271,B,Rodney Macias,"2020-10-17",48,JP,1,15.82,15.82
5279,B,Holly Williams,"2020-11-07",18,JP,2,537.21,268.6
5280,A,Karen Cunningham,"2020-05-21",75,GB,2,672.77,336.39
5293,B,Aaron Edwards,"2022-08-20",31,DE,1,29.44,29.44
5294,A,Alan Gibson,"2025-06-12",57,JP,1,183.17,183.17
5297,B,David Martin,"2025-07-15",21,CA,2,164.67,82.33
5299,B,Jennifer Richardson,"2020-08-22",37,JP,1,126.6,126.6
5301,B,Michael Nguyen,"2023-05-05",33,AU,1,61.79,61.79
5304,A,Wesley Cruz,"2024-10-14",56,JP,2,255.94,127.97
5306,A,Valerie Snow,"2023-04-01",49,AU,2,156.31,78.15
5310,A,Brian Franco,"2021-04-04",30,US,1,167.13,167.13
5317,B,Jessica Brown,"2025-08-02",75,MX,1,291.2,291.2
5318,A,Troy Lee,"2024-06-15",62,MX,2,275.42,137.71
5326,A,Joy Weeks,"2022-09-19",55,US,1,106.91,106.91
5328,A,Kelly Johnson,"2025-05-17",19,MX,1,120.42,120.42
5331,B,Molly Gonzalez,"2020-10-25",39,DE,2,190.56,95.28
5338,A,Taylor Morgan,"2020-08-22",19,AU,1,54.13,54.13
5339,B,Jeremy Hogan,"2022-06-21",59,US,2,411.61,205.81
5341,B,April Chan,"2024-09-03",31,MX,1,86.28,86.28
5357,B,Roberto Allen,"2025-08-07",67,IN,2,110.31,55.15
5358,A,Tina Haas,"2023-08-23",35,US,1,441.69,441.69
5359,B,Christopher Johnson,"2024-02-01",38,MX,1,96.1,96.1
5362,A,Barbara Vargas,"2024-11-02",69,IN,1,193.43,193.43
5364,A,Amy Stokes,"2025-08-19",72,FR,1,278.39,278.39
5365,B,Edward Mcdonald,"2024-06-27",57,SG,1,99.05,99.05
5367,B,Logan Nelson,"2025-05-06",65,MX,1,15.01,15.01
5370,A,Barry Cisneros,"2022-03-30",50,IN,3,412.3,137.43
5371,B,Mary Hendricks,"2023-09-22",40,JP,1,195.53,195.53
5374,A,Olivia Gilbert,"2023-05-17",35,GB,2,823.67,411.83
5375,B,Harold Luna,"2022-01-03",65,JP,1,313.61,313.61
5377,B,Tamara Henderson,"2021-01-31",41,SG,2,444.26,222.13
5381,B,Stephanie Green,"2025-08-28",33,BR,2,81.6,40.8
5391,B,Barry Tucker,"2023-01-25",24,SE,1,748.77,748.77
5392,A,Jonathan Stephens,"2025-06-25",53,AU,2,175.32,87.66
5401,B,Anne Guerrero,"2025-06-16",18,IN,3,218.32,72.77
5402,A,Lindsey Kennedy,"2020-03-06",43,AU,2,307.77,153.88
5405,B,Tonya Byrd,"2024-05-05",53,DE,1,64.29,64.29
5411,B,Jose Moore,"2024-04-01",68,IN,1,100.29,100.29
5413,B,Kimberly Harvey,"2021-11-30",20,US,1,87.0,87.0
5415,B,Stephanie Johnson,"2022-07-01",49,MX,2,370.65,185.33
5416,A,Mariah Duncan,"2020-06-06",30,DE,1,184.77,184.77
5418,A,Alexandria Dixon,"2022-11-19",21,DE,1,39.25,39.25
5419,B,Timothy Russell,"2020-12-28",28,NL,2,290.41,145.2
5420,A,Matthew Curtis,"2020-07-28",34,US,2,136.68,68.34
5421,B,Katie Bailey,"2022-07-13",44,NL,1,54.88,54.88
5423,B,Jacqueline Lozano,"2020-03-23",33,IN,1,53.96,53.96
5424,A,Charles Roberts,"2022-09-10",56,US,1,32.05,32.05
5427,B,David Phillips,"2022-11-22",66,ZA,1,543.59,543.59
5431,B,Daniel Christensen,"2025-03-21",74,US,1,201.26,201.26
5434,A,Todd Jones,"2022-07-08",65,SG,2,181.65,90.83
5435,B,Ms. Renee Murray,"2020-12-15",35,CA,4,221.65,55.41
5438,A,Sonya Schneider,"2021-06-21",21,AU,1,269.78,269.78
5446,A,Robert Martinez,"2022-10-11",40,ES,1,277.65,277.65
5447,B,Dale Patton,"2025-05-25",56,US,1,78.93,78.93
5448,A,Cory Long,"2024-02-08",28,GB,1,57.64,57.64
5450,A,Terry Miller,"2021-08-09",73,IN,4,719.62,179.9
5455,B,Lori Andrade,"2025-03-10",35,FR,1,279.24,279.24
5459,B,Brett Keller,"2022-08-21",70,ES,2,245.12,122.56
5460,A,Paula Johnson,"2022-09-21",35,MX,2,205.65,102.83
5462,A,Darren Ruiz,"2025-08-08",23,US,1,56.78,56.78
5463,B,Charles Schaefer,"2020-06-15",54,BR,1,205.55,205.55
5464,A,Eileen Grimes MD,"2024-11-16",41,JP,1,28.87,28.87
5467,B,Randy Nguyen,"2021-04-19",67,DE,1,128.71,128.71
5476,A,Seth Mercado,"2022-02-27",42,SG,1,132.54,132.54
5481,B,Joan Fitzpatrick,"2025-06-28",75,US,1,236.78,236.78
5484,A,Michael Porter,"2020-03-08",62,SE,1,179.26,179.26
5487,B,Anna Charles,"2024-04-10",28,BR,1,59.49,59.49
5489,B,James Mccarthy,"2022-01-10",72,AE,2,160.17,80.09
5498,A,Wendy Leblanc,"2024-03-11",70,AU,2,781.03,390.51
5505,B,Ricky Barr,"2024-04-29",23,IN,2,374.38,187.19
5506,A,Brittany Lopez,"2022-01-02",24,ES,1,401.8,401.8
5508,A,Theresa Hardin,"2022-03-09",39,JP,1,39.78,39.78
5511,B,Gerald Clark,"2024-08-26",66,AU,1,94.91,94.91
5512,A,Lisa Morales,"2021-02-19",23,ES,1,54.63,54.63
5518,A,Karen Rogers,"2024-11-21",58,NL,2,373.98,186.99
5519,B,Rebecca Smith,"2020-03-18",27,IN,1,17.93,17.93
5520,A,Christopher Scott,"2024-11-19",41,DE,2,47.28,23.64
5523,B,Chris Crane,"2022-03-14",18,SE,1,137.26,137.26
5527,B,Jennifer Miles,"2023-09-29",68,BR,1,254.94,254.94
5531,B,Benjamin Gomez,"2024-12-18",70,ES,1,193.9,193.9
5533,B,Helen Parsons,"2025-07-12",39,MX,1,21.48,21.48
5535,B,Ricky Holt,"2023-05-01",19,IN,1,116.75,116.75
5537,B,Brianna Boyer DDS,"2022-05-26",23,MX,1,118.42,118.42
5545,B,Joshua Ashley,"2024-10-14",67,IN,3,237.78,79.26
5558,A,Julie Peterson,"2025-04-18",18,AE,2,78.75,39.38
5565,B,Kevin Duffy,"2021-03-07",21,JP,1,419.09,419.09
5570,A,Laura Russell,"2023-09-20",67,IN,5,412.72,82.54
5575,B,Taylor Neal,"2024-06-11",20,AE,1,181.19,181.19
5576,A,Randy Galvan,"2022-05-07",49,MX,1,219.44,219.44
5578,A,Aaron Banks,"2022-08-12",66,ES,2,324.83,162.41
5580,A,Terry Turner,"2025-07-31",46,IN,1,253.98,253.98
5581,B,Patricia Miller,"2022-07-13",72,US,1,51.57,51.57
5582,A,Jeremiah Higgins,"2025-02-19",26,AU,1,54.43,54.43
5584,A,Eric Peters,"2022-09-29",29,FR,1,216.39,216.39
5586,A,Alicia Lin,"2025-04-08",18,GB,4,78.03,19.51
5588,A,Chelsea Fuentes,"2022-03-29",50,NL,1,202.45,202.45
5591,B,Derrick Boyer,"2021-02-21",23,US,1,72.25,72.25
5592,A,Margaret Wells,"2020-10-12",67,US,2,904.57,452.28
5593,B,Linda Bates,"2022-10-29",56,BR,1,85.94,85.94
5601,B,Ryan Underwood,"2023-11-23",41,IN,2,301.27,150.63
5604,A,Robert Rios,"2023-03-04",26,GB,1,113.6,113.6
5605,B,Curtis Johnson,"2025-09-06",33,MX,4,464.48,116.12
5608,A,Wendy Howard,"2023-02-15",59,DE,2,282.87,141.44
5609,B,Todd Martinez,"2025-08-07",42,AE,1,20.86,20.86
5615,B,Alexander Lawson,"2025-08-01",21,CA,1,33.31,33.31
5619,B,Eric Roth,"2025-05-04",69,US,1,14.22,14.22
5633,B,Kevin Ortiz,"2023-04-05",65,FR,2,223.09,111.54
5634,A,Courtney Miranda,"2021-09-26",21,ES,2,589.46,294.73
5637,B,Eric Young MD,"2021-12-30",25,ZA,3,117.07,39.02
5641,B,Rebecca Hernandez,"2025-10-02",72,PL,2,361.51,180.76
5652,A,Victor Martin,"2021-05-23",74,CA,2,239.06,119.53
5655,B,Sara Hopkins,"2020-12-21",43,FR,1,189.14,189.14
5656,A,Amber Larson,"2024-03-07",50,BR,2,190.21,95.1
5657,B,Kimberly Mcdonald,"2021-09-14",71,AU,1,60.03,60.03
5658,A,Matthew Aguilar,"2021-10-30",53,US,2,49.89,24.94
5659,B,Evan Morgan,"2020-03-15",33,PL,1,204.33,204.33
5661,B,Jesus Scott,"2021-11-04",18,GB,1,57.76,57.76
5663,B,Emily Velazquez,"2023-11-20",46,US,1,67.39,67.39
5667,B,Tracey Adams,"2020-12-05",39,GB,1,10.64,10.64
5669,B,Ryan Williams,"2023-06-11",29,US,1,60.9,60.9
5671,B,Julie King,"2022-07-19",28,SG,3,191.4,63.8
5675,B,Joseph Wilson,"2025-10-04",60,CA,1,136.1,136.1
5683,B,Donald Parker,"2021-12-30",33,GB,1,798.61,798.61
5686,A,Emma Martin,"2021-01-23",71,US,3,588.62,196.21
5690,A,Patricia Robinson,"2021-12-02",36,AU,3,451.14,150.38
5693,B,Kelli Hernandez,"2025-07-22",65,SE,1,224.91,224.91
5694,A,Mary West PhD,"2024-01-11",19,BR,2,319.2,159.6
5696,A,Travis Russo,"2024-01-10",41,US,1,296.48,296.48
5697,B,Brandon Murray,"2025-07-22",30,US,2,299.1,149.55
5702,A,Patrick Flynn,"2021-06-12",38,JP,2,330.18,165.09
5704,A,Katherine Aguilar,"2023-05-28",26,US,1,374.86,374.86
5705,B,Sharon Phillips,"2022-12-08",74,SE,1,64.91,64.91
5706,A,John Wheeler,"2021-07-24",46,SE,2,104.23,52.12
5707,B,Bobby Taylor,"2022-04-28",48,BR,1,46.92,46.92
5708,A,Dominique Ward,"2022-06-03",70,JP,1,24.77,24.77
5710,A,Robert Preston,"2022-07-20",28,IN,5,316.19,63.24
5712,A,Harold York,"2020-04-02",62,IN,3,324.63,108.21
5715,B,Henry Morris,"2024-08-22",63,JP,2,228.88,114.44
5716,A,James Smith,"2023-01-02",38,FR,1,75.26,75.26
5718,A,Terri Fuller,"2020-05-28",54,JP,1,32.47,32.47
5724,A,Jason Shaw,"2023-10-31",33,CA,1,166.13,166.13
5732,A,Charles Wilson,"2023-03-11",37,MX,1,108.66,108.66
5733,B,Kayla Newman,"2023-06-06",39,FR,2,239.78,119.89
5741,B,Susan Davis,"2023-12-01",69,NL,2,175.5,87.75
5744,A,Lacey Gomez,"2025-04-19",28,PL,1,404.0,404.0
5745,B,Shannon Wong,"2023-03-08",66,US,2,316.26,158.13
5751,B,Megan Hall,"2022-11-11",68,US,2,122.3,61.15
5752,A,Curtis Wright,"2020-11-15",23,NL,3,527.03,175.68
5755,B,Crystal Allen,"2024-09-07",69,MX,1,42.22,42.22
5756,A,Samantha Blake,"2024-05-16",41,FR,1,376.12,376.12
5757,B,Hannah Frost,"2022-12-11",42,IN,2,84.12,42.06
5759,B,Anthony Gonzalez,"2023-01-23",43,AU,2,449.18,224.59
5762,A,William Smith,"2021-04-20",71,AU,3,207.32,69.11
5763,B,Emma French,"2024-12-30",46,GB,1,74.3,74.3
5767,B,Joshua Farmer,"2020-07-21",65,SE,2,283.43,141.71
5768,A,Mark Baxter,"2021-05-06",34,NL,2,614.53,307.26
5771,B,Melissa Dennis,"2022-10-21",61,SG,2,65.71,32.85
5772,A,Lisa Martinez,"2020-07-11",59,DE,1,551.04,551.04
5773,B,Brian Price,"2020-03-09",35,PL,1,18.52,18.52
5778,A,Johnny Yang,"2023-07-14",21,IN,2,486.87,243.44
5779,B,Jacob Freeman,"2021-10-16",31,JP,1,179.28,179.28
5780,A,Becky Brown PhD,"2024-05-14",67,BR,2,47.09,23.55
5783,B,Katie Huffman,"2023-07-10",24,FR,1,70.45,70.45
5785,B,Victoria Flores,"2022-05-01",71,BR,1,122.09,122.09
5786,A,Anna Ramos,"2023-12-20",73,FR,2,455.48,227.74
5790,A,Victoria Adams,"2022-04-13",52,AU,1,252.22,252.22
5791,B,Jonathan Berry,"2022-05-07",69,AE,1,365.98,365.98
5794,A,John Hamilton,"2023-10-07",54,NL,1,442.9,442.9
5800,A,Megan Jones,"2024-11-01",55,SG,1,160.76,160.76
5801,B,Joseph Ortiz,"2023-07-04",26,CA,2,180.09,90.04
5806,A,Amanda Harvey,"2022-03-12",61,AU,1,174.7,174.7
5807,B,Brent Hays,"2021-03-12",23,MX,1,102.16,102.16
5810,A,Phillip Meyer,"2022-08-24",26,NL,1,45.61,45.61
5811,B,Aaron Herrera,"2025-04-19",70,IN,1,186.87,186.87
5812,A,Kelsey Garcia,"2020-04-12",68,ES,2,105.58,52.79
5816,A,Katherine Rodriguez,"2024-12-29",22,AU,1,41.24,41.24
5817,B,Amy Sanchez,"2025-05-29",66,FR,1,55.23,55.23
5820,A,Tiffany Barrera,"2022-06-19",52,FR,1,91.67,91.67
5821,B,Jason Tran,"2024-12-14",74,US,1,316.26,316.26
5823,B,Jasmine Benitez,"2024-09-13",75,US,1,25.73,25.73
5826,A,Kimberly Jones,"2023-09-08",48,DE,1,363.84,363.84
5828,A,Erika Santiago,"2021-09-14",46,BR,1,87.26,87.26
5831,B,Linda Lawson,"2023-08-28",23,GB,1,15.43,15.43
5833,B,Adam Benitez,"2020-11-18",52,CA,2,141.23,70.61
5836,A,Valerie Sanchez,"2022-12-11",57,IN,3,330.18,110.06
5847,B,Laura Clark,"2020-04-04",72,JP,2,75.76,37.88
5848,A,Michelle Henson,"2021-05-02",49,GB,3,277.38,92.46
5850,A,Charlene Gomez,"2021-09-22",66,SG,2,123.84,61.92
5854,A,Maria Lopez,"2021-11-16",48,AU,1,32.91,32.91
5855,B,Crystal Davis,"2020-05-23",19,BR,3,147.51,49.17
5856,A,David Sanchez,"2023-04-03",54,AU,1,58.88,58.88
5857,B,Jennifer Berger,"2021-09-08",48,GB,1,11.75,11.75
5858,A,Ashlee Cook,"2023-04-01",62,AU,2,100.48,50.24
5859,B,Emily Padilla,"2021-01-28",74,US,1,22.22,22.22
5865,B,Robert Schmidt,"2023-12-02",31,ZA,4,827.12,206.78
5866,A,Mark Davis,"2025-08-05",34,US,1,176.19,176.19
5868,A,Thomas Wood,"2020-10-06",43,IN,2,154.02,77.01
5869,B,Kathleen Allen,"2020-03-05",58,US,1,46.81,46.81
5871,B,Gregory Johnston,"2021-07-25",54,MX,1,12.37,12.37
5873,B,Matthew Green,"2021-09-25",72,DE,2,236.25,118.13
5880,A,Levi Hobbs,"2023-06-03",73,US,2,131.12,65.56
5886,A,Debra Perez,"2020-06-04",34,MX,2,162.31,81.15
5887,B,Mark Herrera,"2022-12-22",41,US,1,176.52,176.52
5888,A,Duane Keller,"2023-07-11",61,US,1,160.98,160.98
5891,B,Oscar Todd,"2021-12-25",68,AU,1,136.7,136.7
5893,B,Rebekah Jones,"2022-12-09",74,US,1,60.21,60.21
5895,B,Megan Miller,"2020-04-01",36,MX,2,151.48,75.74
5899,B,Patricia Hood,"2025-01-27",24,AE,3,162.1,54.03
5901,B,Jasmine Bell,"2022-09-29",20,IN,1,363.29,363.29
5903,B,Shawna Turner,"2020-04-18",56,SG,1,242.24,242.24
5911,B,Teresa Reyes,"2021-05-18",47,IN,1,149.4,149.4
5913,B,Brandy Patterson,"2023-02-09",75,BR,1,79.45,79.45
5915,B,Jaime Mcgrath,"2021-11-28",27,ES,1,22.24,22.24
5917,B,Diana Taylor,"2023-01-11",59,PL,1,161.66,161.66
5919,B,Susan Sanders,"2022-11-21",28,US,1,119.9,119.9
5925,B,Anthony Moses,"2024-11-03",72,US,2,592.55,296.28
5926,A,Terry Anderson,"2020-10-12",62,AU,2,276.24,138.12
5929,B,Sandra Dean,"2023-08-08",56,IN,1,35.7,35.7
5934,A,Christine Lewis,"2020-01-19",62,SG,1,70.01,70.01
5946,A,Alexis Shaw,"2023-07-03",34,AU,1,485.06,485.06
5950,A,Daisy Hicks,"2022-04-26",21,IN,3,108.94,36.31
5955,B,Douglas Smith,"2022-10-21",19,US,3,222.37,74.12
5959,B,Jacob Chambers,"2024-02-12",62,MX,1,325.75,325.75
5960,A,Kenneth Berry,"2021-09-08",61,JP,1,160.96,160.96
5962,A,Bryan Combs,"2022-06-29",29,ES,1,41.76,41.76
5963,B,Chris George,"2022-09-23",34,CA,3,326.08,108.69
5968,A,Garrett Hines,"2024-01-17",44,AU,1,103.14,103.14
5969,B,Lisa Williams,"2023-03-21",52,PL,4,203.71,50.93
5971,B,David Wade,"2024-02-29",61,FR,2,305.55,152.78
5972,A,Charles Jenkins,"2020-09-15",52,MX,1,135.34,135.34
5977,B,Terry Roman,"2023-07-18",34,MX,1,223.55,223.55
5987,B,Edward Lopez,"2022-12-27",21,US,2,676.71,338.36
5990,A,Scott Wright,"2021-06-28",68,US,1,74.16,74.16
5991,B,Taylor Compton,"2020-01-08",22,JP,2,260.81,130.41
5992,A,Penny Pierce,"2024-11-28",50,BR,1,192.89,192.89
5996,A,Michele Golden,"2024-11-27",20,US,1,55.3,55.3
5997,B,Frank Cox,"2025-07-01",32,IN,1,100.07,100.07
5998,A,Diana Miller,"2023-06-30",54,US,2,318.84,159.42
5999,B,Andrew Hampton,"2024-05-26",36,JP,1,32.07,32.07
6006,A,Aaron Garcia,"2021-01-27",59,US,1,39.99,39.99
6009,B,Richard Cervantes,"2023-06-16",55,NL,1,115.34,115.34
6010,A,Peter Johnson,"2021-06-23",26,ZA,2,114.62,57.31
6012,A,Melissa Rogers,"2021-02-16",67,MX,2,89.67,44.84
6013,B,Kaylee Harvey,"2023-11-13",32,FR,2,1028.03,514.02
6020,A,Gregory Skinner,"2023-06-06",27,GB,1,122.53,122.53
6021,B,Cheyenne Wagner MD,"2022-10-03",66,CA,2,140.76,70.38
6025,B,Mr. Robert Young,"2022-02-21",30,NL,1,74.85,74.85
6028,A,Daniel Robertson,"2020-07-01",74,IN,1,42.32,42.32
6032,A,Victoria Sherman,"2020-09-07",71,NL,2,272.46,136.23
6035,B,Jason Jordan,"2020-01-22",51,JP,2,161.24,80.62
6041,B,Cynthia King,"2020-12-15",24,FR,2,259.03,129.52
6043,B,Curtis Rogers,"2023-04-29",49,MX,3,677.88,225.96
6044,A,Benjamin Tran,"2020-05-11",38,AE,2,563.0,281.5
6045,B,Amy Campbell,"2024-04-20",68,BR,1,487.37,487.37
6048,A,Adam Wilson,"2020-05-01",35,GB,1,194.74,194.74
6052,A,Timothy Fletcher,"2025-07-04",55,US,1,115.13,115.13
6057,B,Ryan Hess,"2021-08-01",65,CA,1,40.58,40.58
6060,A,Cynthia Mccann,"2023-05-10",69,MX,1,25.85,25.85
6064,A,Jason Taylor,"2021-02-16",69,FR,1,22.89,22.89
6069,B,Allison Beard,"2022-12-14",35,IN,1,70.12,70.12
6071,B,Benjamin Ellis,"2020-04-06",52,US,1,273.54,273.54
6073,B,Jacob Bailey DVM,"2025-05-28",64,DE,1,383.01,383.01
6082,A,Allen Bates,"2022-07-27",51,JP,1,116.15,116.15
6084,A,Richard Patel,"2025-05-20",56,JP,3,274.16,91.39
6087,B,Sabrina Brock,"2021-03-14",56,US,2,210.29,105.15
6090,A,Dustin Rangel,"2021-12-20",67,SE,2,167.31,83.66
6097,B,Patricia Rice,"2023-04-01",72,CA,2,75.46,37.73
6106,A,Robin Arnold,"2022-10-29",45,PL,1,54.65,54.65
6108,A,Annette Stewart,"2023-12-01",72,US,2,49.43,24.71
6112,A,David Brown,"2025-07-08",60,MX,1,242.24,242.24
6116,A,Chloe Evans,"2024-07-30",20,US,2,155.38,77.69
6117,B,Rebecca Bryan,"2020-07-15",18,FR,2,83.61,41.81
6122,A,Heather Chen,"2021-02-01",68,NL,1,395.67,395.67
6126,A,Curtis Smith,"2021-10-06",67,US,2,299.26,149.63
6127,B,Carla Atkins,"2021-03-18",24,GB,1,263.89,263.89
6128,A,James Martin,"2023-06-01",62,GB,2,119.42,59.71
6130,A,Eric Lawrence,"2025-03-08",71,US,2,516.35,258.18
6131,B,Caitlin Davis,"2024-11-29",34,PL,2,271.19,135.6
6132,A,Donna Cobb,"2021-02-12",55,GB,1,227.76,227.76
6133,B,Kaitlyn Powell,"2024-05-02",74,SG,1,809.93,809.93
6139,B,Sarah Campbell,"2020-01-07",60,ES,1,38.07,38.07
6144,A,Christina Bishop,"2021-05-19",42,AU,2,345.33,172.67
6145,B,Kristin Lee,"2020-09-03",75,US,2,343.07,171.54
6146,A,Mrs. Mary Robbins,"2025-02-18",59,DE,1,10.91,10.91
6154,A,Kathleen Brown,"2024-05-01",31,FR,3,149.29,49.76
6156,A,John Rasmussen,"2024-12-26",28,IN,1,106.49,106.49
6157,B,Kathleen Wyatt,"2022-05-01",22,MX,1,60.04,60.04
6159,B,Diana Nelson,"2025-04-28",50,BR,1,299.99,299.99
6160,A,Bradley Morales,"2022-10-05",40,US,1,50.66,50.66
6165,B,Misty Robles,"2025-04-11",46,GB,2,158.0,79.0
6166,A,Betty Evans,"2023-03-12",29,US,3,615.91,205.3
6167,B,Isaac Hays,"2024-02-02",68,IN,1,18.19,18.19
6168,A,Nancy Vasquez,"2023-02-18",73,IN,1,177.26,177.26
6169,B,Lauren Sawyer,"2023-02-28",27,AU,1,21.48,21.48
6170,A,Michael Roberson,"2021-05-29",68,US,1,14.56,14.56
6176,A,Michelle Bush,"2024-11-26",44,JP,2,457.33,228.66
6179,B,Jenna Perry,"2023-07-17",60,GB,1,194.83,194.83
6185,B,Kristine Gardner,"2025-08-23",54,AU,2,279.09,139.54
6187,B,Karen Berry,"2022-10-08",55,NL,1,160.38,160.38
6193,B,Jeffrey Steele,"2020-07-27",65,US,2,325.03,162.52
6199,B,Crystal Moore,"2020-06-22",27,IN,1,95.11,95.11
6200,A,Holly Blair,"2021-06-24",60,AU,1,78.14,78.14
6201,B,Justin May,"2023-02-22",49,BR,1,89.6,89.6
6204,A,Christopher Gillespie,"2020-01-23",67,IN,3,174.56,58.19
6212,A,Karen Wilson,"2021-05-20",24,AU,2,364.3,182.15
6216,A,Richard Vasquez,"2023-05-29",59,BR,1,524.09,524.09
6219,B,Jennifer Montes,"2023-06-22",55,FR,1,44.8,44.8
6220,A,Kelli Francis,"2023-11-15",47,US,3,899.78,299.93
6221,B,Jennifer Chandler,"2020-08-11",21,AU,1,84.08,84.08
6225,B,Dr. Jennifer Becker,"2021-06-05",55,US,1,60.41,60.41
6227,B,Richard Hill,"2022-10-04",67,AU,1,112.95,112.95
6231,B,James Williamson,"2025-06-13",25,MX,1,134.92,134.92
6237,B,Patrick White,"2021-11-22",29,DE,3,243.81,81.27
6238,A,Andrew Stone,"2022-02-05",71,PL,1,34.32,34.32
6239,B,Maria Payne,"2022-11-27",61,SG,1,189.61,189.61
6240,A,Devin White,"2024-06-28",72,MX,3,326.34,108.78
6242,A,Jackson Maxwell,"2023-05-08",55,MX,3,1470.33,490.11
6247,B,Steven Coleman,"2024-10-29",18,MX,1,237.6,237.6
6248,A,Kevin Moore,"2025-08-24",57,US,1,15.53,15.53
6249,B,Nathaniel Perkins,"2024-04-29",68,US,2,53.52,26.76
6251,B,Gina Ramirez,"2023-12-11",21,AU,4,496.07,124.02
6255,B,Kelly Alexander,"2020-10-30",43,US,1,17.28,17.28
6263,B,Krista Green,"2021-07-25",74,ES,1,387.48,387.48
6264,A,Billy Harrison,"2022-06-23",39,ES,1,16.33,16.33
6280,A,Steven Hernandez,"2022-07-21",25,NL,1,152.06,152.06
6281,B,Trevor Stewart,"2024-02-28",34,BR,2,255.49,127.74
6282,A,Derek Mitchell,"2024-05-21",52,ES,1,10.57,10.57
6283,B,Rodney Cunningham,"2024-07-06",73,MX,2,129.12,64.56
6287,B,Michael Allen,"2020-08-16",58,MX,1,341.42,341.42
6289,B,John Blevins,"2021-11-04",39,FR,1,17.78,17.78
6290,A,Michael Jones,"2025-02-01",59,GB,1,101.03,101.03
6291,B,Daniel Campos,"2023-09-05",23,IN,1,17.93,17.93
6292,A,Jacob Riley,"2021-03-02",52,FR,1,456.67,456.67
6293,B,David Mays,"2021-09-02",29,NL,2,868.42,434.21
6295,B,Kelly Baker,"2025-07-04",29,CA,1,36.7,36.7
6296,A,Marcus Kirby,"2025-01-12",24,BR,2,362.46,181.23
6298,A,Teresa Murphy,"2020-09-20",73,ZA,1,23.3,23.3
6299,B,Chad Hernandez,"2021-08-17",55,SG,1,62.96,62.96
6305,B,Andrew Jackson,"2024-05-16",52,BR,1,63.5,63.5
6308,A,Jacob Barnes,"2022-06-30",44,BR,1,73.66,73.66
6309,B,William Donaldson,"2021-08-15",46,GB,1,46.43,46.43
6311,B,Michael Hernandez,"2023-06-06",28,BR,2,150.01,75.01
6312,A,Michael Kane,"2022-09-01",27,ZA,1,164.62,164.62
6316,A,Carla Roberts,"2020-01-28",57,DE,1,293.85,293.85
6324,A,Austin Neal,"2021-08-08",69,US,1,56.04,56.04
6330,A,Tyler Pham,"2020-05-01",61,FR,1,249.08,249.08
6332,A,Leon Williams,"2024-06-09",65,DE,1,162.73,162.73
6334,A,Michael Rodriguez,"2022-04-19",29,SE,2,329.51,164.75
6337,B,Christina Moore,"2021-11-26",74,GB,1,89.2,89.2
6338,A,Kristen Gross DVM,"2025-01-14",23,DE,2,339.22,169.61
6342,A,Christine Mann,"2023-12-05",21,CA,2,507.64,253.82
6343,B,Aaron Howard,"2020-03-15",56,JP,1,46.41,46.41
6344,A,Alec Fitzgerald,"2023-09-13",60,AE,2,130.58,65.29
6345,B,Andrea Mcfarland,"2024-07-28",71,IN,1,69.77,69.77
6346,A,Lisa Smith,"2023-10-31",63,AU,1,26.88,26.88
6352,A,Whitney Johnson,"2023-08-18",20,MX,1,256.91,256.91
6353,B,Thomas Robinson,"2023-10-17",65,AU,1,59.5,59.5
6355,B,Jacob Smith,"2024-09-06",40,GB,2,255.6,127.8
6356,A,Nicholas Cabrera,"2023-11-03",38,MX,1,520.16,520.16
6357,B,Kimberly Gilbert,"2020-03-27",21,US,2,344.19,172.09
6359,B,Lonnie Montgomery,"2023-03-30",39,US,1,145.32,145.32
6366,A,Julie Moody,"2024-08-15",48,FR,2,565.55,282.78
6368,A,Garrett Scott,"2025-04-20",44,FR,1,176.02,176.02
6369,B,Stephanie Harding,"2024-05-25",52,DE,2,156.64,78.32
6374,A,Lisa Thomas,"2021-09-16",46,GB,1,196.79,196.79
6375,B,Thomas Koch,"2020-11-07",19,ZA,1,736.64,736.64
6378,A,Kyle Wright,"2021-06-16",53,AU,2,185.76,92.88
6385,B,Billy Gregory DVM,"2021-05-21",28,US,1,36.22,36.22
6386,A,Kathryn Morales,"2024-01-16",74,US,1,59.52,59.52
6391,B,Ashley Sanders,"2023-12-29",57,IN,1,109.33,109.33
6393,B,Alyssa Peters,"2024-08-24",55,AU,1,398.13,398.13
6396,A,Victoria Miller,"2023-05-02",53,AU,1,107.99,107.99
6397,B,Matthew Simpson,"2024-10-08",69,DE,1,221.31,221.31
6400,A,Sarah Pierce,"2025-05-07",28,US,1,40.88,40.88
6416,A,Jonathan Hanson,"2023-10-19",27,CA,1,22.54,22.54
6418,A,Alan Gilbert,"2024-09-03",59,MX,1,68.06,68.06
6420,A,Richard Lane,"2025-06-25",43,IN,1,87.04,87.04
6421,B,Cynthia Griffin,"2020-05-28",62,US,2,959.81,479.9
6422,A,Richard Bowen,"2020-11-26",32,US,2,877.46,438.73
6425,B,Justin Anderson,"2021-07-26",41,SG,3,305.26,101.75
6426,A,William Morris,"2022-08-06",52,US,1,92.8,92.8
6428,A,Sean Graham,"2025-05-10",39,NL,1,21.87,21.87
6433,B,Kenneth Tran,"2025-05-16",44,FR,3,349.35,116.45
6434,A,Michael Gonzalez,"2024-04-01",69,CA,2,231.22,115.61
6435,B,Daniel Alexander,"2020-03-23",56,US,2,460.59,230.29
6437,B,Crystal Gonzalez,"2023-02-08",59,PL,4,787.6,196.9
6438,A,Nathaniel King,"2022-06-13",37,SG,1,170.87,170.87
6439,B,Paul Perez,"2023-05-30",43,IN,1,17.26,17.26
6440,A,Judy Adams,"2022-10-01",30,GB,2,494.85,247.43
6442,A,Laura Ingram,"2021-06-21",18,IN,1,21.08,21.08
6443,B,Savannah Long,"2023-04-04",51,DE,2,58.74,29.37
6445,B,Melissa Patel,"2022-04-08",31,ES,1,275.32,275.32
6446,A,Taylor Walters,"2023-11-17",19,US,2,25.31,12.65
6447,B,Michael Sawyer,"2024-08-19",21,AE,2,262.61,131.3
6450,A,Heather Harmon,"2021-10-11",21,NL,1,63.29,63.29
6455,B,Gary Graham,"2022-04-27",45,BR,4,229.08,57.27
6457,B,Christina Aguilar,"2023-08-31",72,DE,1,61.13,61.13
6458,A,Paul Ward,"2023-05-17",72,AU,1,28.96,28.96
6464,A,Linda Hammond,"2024-02-23",32,ES,1,28.12,28.12
6467,B,Mr. Jonathan Hodges,"2021-11-30",53,IN,2,56.17,28.08
6472,A,Amanda Sanchez,"2022-04-18",27,FR,2,73.23,36.61
6473,B,Joseph Martin,"2020-10-31",73,MX,3,464.72,154.91
6477,B,Susan Murphy,"2023-02-14",75,US,2,78.03,39.02
6480,A,Robert Ryan,"2022-07-19",44,GB,1,28.18,28.18
6484,A,Olivia Adams,"2024-04-21",57,DE,1,37.63,37.63
6485,B,Debra Willis,"2021-12-13",33,GB,1,164.49,164.49
6487,B,Tiffany Tyler,"2021-04-20",41,US,2,174.28,87.14
6489,B,Ruth Garrett,"2022-04-15",39,AE,3,524.0,174.67
6499,B,Dominique Buchanan,"2023-04-19",31,US,1,66.75,66.75
6504,A,Mark Scott,"2024-05-01",33,GB,4,342.96,85.74
6505,B,Carolyn Greene,"2023-07-23",70,CA,2,224.61,112.3
6508,A,Megan Wright,"2020-09-14",22,GB,2,329.86,164.93
6511,B,Michael Bell,"2024-10-07",64,IN,4,560.71,140.18
6512,A,Donna Harris,"2025-09-29",23,SG,1,118.14,118.14
6519,B,Jessica Parsons,"2025-04-19",57,AE,3,620.28,206.76
6521,B,Maria Stewart,"2023-08-07",34,DE,1,28.17,28.17
6522,A,Elaine Craig,"2022-07-12",48,AE,1,147.49,147.49
6523,B,Steven Patterson,"2022-12-06",36,US,4,286.2,71.55
6528,A,Monica Chen,"2021-12-16",73,MX,2,172.46,86.23
6531,B,Jennifer Cox,"2021-05-14",50,AU,1,231.73,231.73
6536,A,Ebony Schmidt,"2024-08-04",36,ES,2,178.19,89.1
6537,B,Bryan Weber,"2024-01-03",33,MX,2,358.27,179.13
6540,A,Kevin Lopez,"2020-01-01",37,FR,2,256.51,128.26
6541,B,Susan Austin,"2023-10-12",60,IN,1,31.63,31.63
6544,A,Samuel Graves,"2020-08-04",42,GB,1,66.86,66.86
6548,A,Steve King,"2024-07-24",73,MX,1,57.89,57.89
6551,B,Jessica Collins,"2024-12-12",65,JP,1,174.05,174.05
6556,A,Nicholas Gross,"2021-03-28",51,US,1,35.6,35.6
6557,B,Deanna Brown,"2023-08-24",31,US,2,327.26,163.63
6562,A,Molly Diaz,"2020-09-28",54,IN,2,193.73,96.86
6564,A,Joyce Arnold,"2024-06-19",41,IN,2,230.03,115.02
6566,A,Michael Shannon,"2021-01-27",39,IN,1,19.82,19.82
6567,B,Julia Duncan,"2023-12-25",19,US,1,68.99,68.99
6575,B,David Norton,"2020-08-18",51,BR,1,71.85,71.85
6576,A,Rebecca Brown,"2023-02-20",21,JP,1,50.79,50.79
6577,B,Justin Rodriguez,"2022-08-24",55,ES,3,251.48,83.83
6583,B,Elizabeth Morales,"2022-01-15",72,FR,3,547.42,182.47
6585,B,John Jackson,"2022-01-17",50,BR,1,29.48,29.48
6589,B,Kathryn Rivera,"2024-02-14",26,US,1,93.62,93.62
6592,A,Taylor Golden,"2024-05-03",29,IN,2,266.9,133.45
6593,B,Troy Diaz,"2020-06-18",37,NL,1,34.04,34.04
6594,A,Hannah Kaufman,"2023-09-10",24,PL,1,171.09,171.09
6595,B,Cindy Gutierrez,"2020-03-04",59,US,2,118.15,59.08
6596,A,Karen Williamson,"2024-10-05",37,PL,1,114.31,114.31
6600,A,Brian Donovan,"2022-03-16",43,DE,2,165.34,82.67
6601,B,Christopher Herrera,"2024-05-02",33,GB,1,223.7,223.7
6605,B,Mathew Farmer,"2024-09-03",58,US,1,342.63,342.63
6606,A,Carl Alexander,"2020-02-27",42,IN,2,116.78,58.39
6612,A,David Weiss,"2020-03-20",28,MX,2,258.76,129.38
6613,B,Michael Hoffman,"2024-04-23",18,MX,1,16.16,16.16
6616,A,Jimmy Stone,"2020-11-19",43,NL,4,640.82,160.2
6627,B,Chelsea Reyes DDS,"2023-07-18",68,IN,1,902.6,902.6
6628,A,Joshua Rice,"2023-06-19",63,JP,1,100.6,100.6
6629,B,Amy King,"2025-03-07",70,GB,3,502.46,167.49
6631,B,Jeffery Parrish,"2023-11-22",33,DE,2,165.85,82.93
6634,A,Anna Peters,"2025-09-18",42,ZA,1,68.31,68.31
6636,A,Lisa Henry,"2021-12-26",39,BR,2,361.41,180.7
6637,B,Jesus Torres,"2020-09-03",51,MX,1,11.05,11.05
6638,A,Joshua Jackson,"2021-06-25",72,GB,1,34.29,34.29
6641,B,Cynthia Berry,"2020-04-20",19,BR,3,174.12,58.04
6642,A,Brittany Kelly,"2024-05-03",43,GB,2,240.99,120.5
6645,B,Andrea Wood,"2021-01-15",68,CA,1,14.55,14.55
6651,B,Katrina Martinez,"2025-09-24",20,BR,3,323.13,107.71
6652,A,Kimberly Calhoun,"2024-12-30",42,FR,1,108.66,108.66
6653,B,Victoria Wright,"2021-05-03",56,GB,1,184.2,184.2
6654,A,Donald Rubio,"2025-07-30",19,DE,1,47.4,47.4
6657,B,Paul Perry,"2020-09-03",60,FR,2,367.4,183.7
6658,A,Beverly Stone,"2022-06-09",33,GB,1,197.51,197.51
6661,B,Crystal Newman,"2021-10-07",72,NL,2,497.84,248.92
6664,A,Andrea Cunningham,"2022-07-08",31,GB,1,102.52,102.52
6665,B,Bianca Dorsey,"2024-08-31",48,US,1,85.51,85.51
6668,A,Kaitlin Lucero,"2024-09-26",61,US,1,107.85,107.85
6670,A,Robert Austin,"2023-11-16",49,BR,1,10.81,10.81
6678,A,Bruce Wallace,"2025-10-13",19,JP,3,434.63,144.88
6686,A,Julie Stafford,"2023-04-27",64,IN,1,105.54,105.54
6696,A,Valerie Gould,"2023-01-24",49,ES,1,232.32,232.32
6699,B,Nicole Ramos,"2024-07-05",47,MX,2,336.52,168.26
6700,A,Jessica Joseph,"2024-01-20",25,DE,2,178.98,89.49
6703,B,Michael Hicks,"2020-07-11",46,AU,1,137.42,137.42
6704,A,Richard Murphy,"2025-07-19",38,DE,3,400.44,133.48
6707,B,Wendy Watson,"2024-08-28",18,BR,3,177.08,59.03
6708,A,Ryan Fox,"2024-04-09",32,US,2,604.54,302.27
6709,B,Gerald Barrera,"2021-10-11",56,US,1,17.61,17.61
6715,B,Jasmine Hurley,"2021-04-24",54,AU,1,35.59,35.59
6717,B,Larry Brown,"2022-08-26",72,NL,1,19.94,19.94
6718,A,Latoya Pruitt,"2023-01-05",47,ZA,1,23.11,23.11
6724,A,Joshua Howard,"2023-03-27",23,GB,1,410.81,410.81
6725,B,Jessica Molina,"2022-03-25",62,ES,1,95.9,95.9
6727,B,Hannah Carter,"2025-07-15",69,US,1,33.88,33.88
6730,A,Samantha Duarte,"2022-12-31",74,ES,1,84.06,84.06
6732,A,Miranda Hopkins,"2023-02-11",67,US,1,39.86,39.86
6733,B,Leon Wilson,"2023-09-24",50,US,1,762.94,762.94
6735,B,Stephanie Golden,"2021-07-21",71,US,1,93.2,93.2
6737,B,Rebecca Walker,"2023-09-17",39,IN,1,101.27,101.27
6738,A,Audrey Camacho,"2022-07-31",70,US,1,255.96,255.96
6740,A,Mary Cooke,"2024-08-12",54,ZA,1,140.11,140.11
6741,B,Pam Castro,"2022-05-12",26,ZA,1,37.09,37.09
6745,B,Kevin Rojas,"2024-12-08",72,US,2,82.66,41.33
6746,A,Steven Gonzalez,"2023-06-28",21,SE,1,49.91,49.91
6748,A,William Miranda,"2020-03-26",21,MX,3,228.4,76.13
6751,B,Jay Watkins,"2022-04-10",48,SG,2,127.77,63.89
6752,A,Lindsey Lawrence,"2022-02-15",35,US,1,256.19,256.19
6757,B,Aaron Stewart,"2023-04-30",66,CA,2,124.74,62.37
6762,A,Rose White,"2021-03-13",40,BR,1,121.75,121.75
6763,B,Jesse Bell,"2024-06-26",22,JP,1,123.36,123.36
6769,B,Ryan Peters,"2020-02-25",47,IN,2,59.64,29.82
6770,A,Margaret Nichols,"2023-01-09",22,DE,1,350.26,350.26
6775,B,Maria Price,"2020-11-11",27,ZA,1,121.58,121.58
6777,B,Barry Alvarez,"2023-06-14",57,NL,1,77.45,77.45
6780,A,Patricia Garcia,"2023-03-07",27,US,3,342.08,114.03
6781,B,Devin Lopez,"2023-12-04",56,PL,1,227.9,227.9
6785,B,John Anderson,"2020-02-07",49,ZA,3,247.61,82.54
6786,A,Joyce Payne,"2025-07-03",62,US,1,52.38,52.38
6789,B,Carl Decker,"2025-08-02",25,ES,1,169.92,169.92
6790,A,Gary Bowman,"2022-07-11",44,US,3,619.06,206.35
6792,A,Jonathon Molina,"2025-02-27",74,SE,2,245.47,122.73
6795,B,Laura Bradford,"2021-06-17",36,BR,1,162.59,162.59
6797,B,Jesus Brown,"2025-07-27",67,FR,1,299.44,299.44
6804,A,Brandon Dixon,"2025-04-03",40,FR,2,133.52,66.76
6808,A,Jessica Odonnell,"2020-09-02",62,AU,2,132.69,66.35
6810,A,Jeffrey Miller,"2021-03-17",22,US,2,272.32,136.16
6813,B,Donna Nelson,"2023-06-03",67,DE,2,62.8,31.4
6814,A,Randy Scott,"2021-05-07",21,JP,3,458.23,152.74
6815,B,Michael Patel,"2023-12-14",29,FR,1,110.84,110.84
6817,B,Brian Hoffman,"2022-03-23",71,IN,2,342.27,171.13
6819,B,Elizabeth Hodge,"2020-05-11",71,SE,1,135.78,135.78
6821,B,Adam Baker,"2023-06-09",52,BR,1,14.22,14.22
6825,B,David Hill,"2025-04-04",18,GB,1,35.77,35.77
6826,A,Timothy Turner,"2025-06-20",67,JP,1,122.96,122.96
6828,A,John Baldwin,"2024-10-27",23,DE,2,1240.1,620.05
6832,A,Mark Morris,"2024-10-11",70,CA,1,114.3,114.3
6834,A,Nicholas Love,"2021-06-20",72,US,2,95.54,47.77
6841,B,Kristy Miller,"2020-11-06",57,AE,1,119.46,119.46
6843,B,Debra Anderson,"2024-09-09",33,FR,1,22.04,22.04
6846,A,Ross Grant,"2020-01-01",48,SG,1,36.49,36.49
6851,B,Thomas Delgado,"2024-12-12",46,IN,3,1352.56,450.85
6854,A,Anthony Acosta,"2021-02-10",24,GB,2,345.73,172.86
6856,A,Amy Miller,"2025-06-19",27,DE,1,54.38,54.38
6857,B,Joshua Smith,"2021-02-20",30,MX,2,299.88,149.94
6859,B,Travis Henson,"2024-11-25",41,GB,1,13.03,13.03
6860,A,Jennifer Vazquez,"2020-07-16",18,DE,1,122.42,122.42
6868,A,Donald Mack,"2023-01-07",60,AU,1,77.6,77.6
6869,B,Derek Bishop,"2021-04-25",62,FR,2,52.03,26.02
6872,A,Douglas Estes,"2024-07-31",30,IN,1,93.69,93.69
6873,B,Kyle Peters,"2024-04-10",19,ES,2,73.85,36.93
6883,B,Mark Richardson,"2021-05-28",21,IN,2,47.58,23.79
6885,B,Jeremy Tanner,"2023-12-27",22,AU,3,320.08,106.69
6889,B,Robert Morris,"2022-12-22",44,GB,1,143.8,143.8
6891,B,Cody Campbell,"2022-11-23",45,GB,2,109.35,54.67
6892,A,Jo Avila,"2023-11-19",38,FR,1,189.06,189.06
6895,B,Danielle Hamilton,"2025-03-25",69,GB,1,60.64,60.64
6899,B,Michelle Payne,"2023-05-02",26,NL,1,208.04,208.04
6901,B,Lindsay Benson,"2021-08-05",39,FR,5,1062.17,212.43
6904,A,Shannon Smith,"2023-01-25",22,FR,1,198.59,198.59
6906,A,Kristine Campbell,"2021-07-26",43,GB,3,511.65,170.55
6908,A,Jacqueline Bishop,"2021-11-22",68,US,1,82.56,82.56
6916,A,Austin Harrell,"2022-10-10",31,ES,2,139.85,69.92
6919,B,Kevin Lopez III,"2025-04-15",55,BR,2,173.18,86.59
6920,A,Courtney Bean,"2022-07-14",68,SE,2,90.05,45.02
6924,A,Jaclyn Garcia,"2024-01-16",36,DE,1,226.69,226.69
6925,B,Carla Montgomery,"2023-09-09",72,IN,1,209.44,209.44
6932,A,Rebecca Jimenez,"2024-07-19",34,NL,4,623.7,155.93
6936,A,Kathleen Boyd,"2023-02-23",18,IN,2,292.67,146.34
6937,B,Krystal Wolfe,"2024-05-14",58,FR,2,69.65,34.83
6939,B,Charles Brady,"2023-09-25",59,NL,1,116.42,116.42
6940,A,William Coleman,"2024-01-02",38,MX,1,64.46,64.46
6943,B,Courtney Morgan,"2020-12-29",38,DE,3,404.13,134.71
6952,A,Justin Vaughn,"2022-08-11",51,BR,1,93.76,93.76
6953,B,Michael Johnson,"2023-12-16",61,SE,2,453.85,226.93
6954,A,Heather Reynolds,"2021-06-09",70,MX,2,220.63,110.32
6955,B,Jeff Bender,"2021-08-24",51,NL,1,70.41,70.41
6964,A,Donald Jenkins,"2025-04-26",67,US,1,60.79,60.79
6971,B,Michael Terrell,"2024-12-06",48,US,1,115.67,115.67
6974,A,Jessica Washington,"2025-07-18",45,PL,1,21.25,21.25
6980,A,Christopher Cisneros,"2023-03-21",65,IN,1,191.12,191.12
6983,B,Olivia Foster,"2024-06-19",50,CA,2,275.77,137.88
6987,B,Ryan Joseph,"2021-02-21",46,FR,1,141.16,141.16
6989,B,Shane Fitzgerald,"2025-02-01",25,NL,2,363.88,181.94
7000,A,Michael Jones,"2021-03-07",54,FR,2,179.5,89.75
7003,B,Stefanie Ross,"2025-06-17",74,NL,4,850.48,212.62
7009,B,Wyatt Flores,"2025-10-27",42,GB,1,15.06,15.06
7010,A,Anna Wong,"2023-05-27",20,ES,1,88.18,88.18
7012,A,Ian Hudson,"2023-07-07",34,US,2,452.26,226.13
7018,A,Danny Anderson,"2025-08-14",75,AE,2,576.47,288.24
7019,B,Jesse Roth,"2020-07-13",49,IN,1,110.69,110.69
7020,A,Jeffrey Mcmillan,"2022-01-06",75,US,1,80.39,80.39
7021,B,Sara Brown,"2023-11-19",65,JP,1,155.74,155.74
7023,B,Debbie Jacobson DDS,"2021-06-24",56,US,2,249.18,124.59
7024,A,Lisa Smith,"2022-07-29",46,GB,1,38.19,38.19
7025,B,James Watts,"2020-06-06",66,DE,2,334.53,167.26
7032,A,Lee Torres,"2024-10-04",41,NL,1,1604.42,1604.42
7033,B,Aaron Mason,"2020-11-24",52,BR,2,109.62,54.81
7034,A,Michael Giles,"2022-10-25",47,GB,1,92.3,92.3
7035,B,Marissa Delgado,"2025-10-15",43,FR,1,36.98,36.98
7036,A,Regina Powell,"2024-02-12",40,FR,2,626.49,313.24
7037,B,Shaun Walker,"2023-01-22",32,US,1,19.05,19.05
7044,A,Jennifer Green,"2024-09-14",30,FR,1,142.92,142.92
7045,B,Anthony Rogers,"2024-05-16",70,NL,1,241.39,241.39
7047,B,Joseph Clayton,"2025-05-04",54,ES,1,336.01,336.01
7050,A,Wendy White,"2021-12-14",73,GB,1,601.94,601.94
7052,A,Sheila Garcia,"2023-12-07",19,MX,2,79.52,39.76
7056,A,Samantha Nguyen,"2020-12-22",75,BR,2,370.15,185.08
7060,A,Amanda Gill,"2021-10-10",72,IN,1,17.57,17.57
7064,A,Rebecca Gallagher,"2020-03-04",57,GB,2,1038.5,519.25
7068,A,Rachel Gray,"2021-12-13",30,SE,1,549.84,549.84
7070,A,Alexandra Adams,"2020-01-04",25,PL,1,45.56,45.56
7076,A,Kelsey Leon,"2024-05-18",69,CA,1,128.95,128.95
7078,A,Amy Fuller MD,"2020-06-22",25,GB,1,284.91,284.91
7080,A,Ethan Paul,"2022-03-31",75,BR,1,14.24,14.24
7085,B,Colton Mitchell,"2025-05-22",28,FR,1,166.18,166.18
7086,A,Amber Taylor,"2021-05-06",37,MX,5,724.45,144.89
7087,B,Jonathan Rivera,"2020-11-20",59,GB,1,80.06,80.06
7088,A,Matthew Smith,"2023-04-02",49,PL,1,75.95,75.95
7093,B,Virginia Gregory,"2023-04-16",54,CA,1,117.47,117.47
7095,B,Faith Henry,"2021-08-01",67,ZA,1,28.59,28.59
7098,A,Kathleen Baker,"2024-11-16",29,US,2,162.01,81.0
7099,B,Michael Poole,"2024-09-10",44,AE,1,51.12,51.12
7104,A,Jessica Davis,"2024-01-23",48,GB,1,28.84,28.84
7105,B,Stephen Bush,"2024-08-24",58,SG,2,162.76,81.38
7107,B,William Chavez,"2020-11-06",34,DE,1,42.09,42.09
7109,B,Brian Edwards,"2021-03-20",38,MX,1,225.17,225.17
7112,A,Erik Campbell,"2023-07-09",56,BR,1,87.48,87.48
7115,B,Julia Castillo,"2024-03-22",37,US,2,968.69,484.34
7117,B,Gregory Alexander,"2022-06-17",55,ES,3,1264.38,421.46
7118,A,Maria Olson,"2024-12-06",47,DE,3,238.3,79.43
7122,A,Michael Hughes,"2024-04-04",49,DE,1,60.44,60.44
7123,B,Joseph Clark,"2023-06-15",22,JP,1,13.02,13.02
7124,A,Pamela Gonzales,"2022-02-16",64,MX,1,96.58,96.58
7131,B,Mackenzie Pierce,"2023-04-06",23,GB,2,359.09,179.55
7138,A,Andre Wood,"2025-04-28",39,DE,1,33.47,33.47
7139,B,Ryan Anderson,"2023-01-14",38,FR,4,355.58,88.89
7141,B,Patrick Hendricks,"2025-07-09",39,DE,1,239.26,239.26
7149,B,Derrick Pena Jr.,"2023-08-05",58,ES,3,324.89,108.3
7150,A,John Huang,"2021-06-05",67,DE,1,112.81,112.81
7156,A,Mr. Chase Schmidt DDS,"2024-11-29",59,AE,1,63.25,63.25
7159,B,Kevin Jones,"2021-11-08",54,BR,3,156.58,52.19
7160,A,Xavier Ramos,"2024-09-01",39,ZA,2,215.67,107.84
7164,A,Courtney James,"2023-11-09",74,JP,1,238.56,238.56
7165,B,Dr. Jeffrey Tucker,"2021-10-15",60,US,1,205.3,205.3
7170,A,Daisy Brown,"2023-01-27",74,DE,1,51.45,51.45
7171,B,Lisa White,"2021-03-17",29,GB,2,318.2,159.1
7176,A,Maria Horton,"2020-06-25",40,SG,3,131.6,43.87
7181,B,Susan Nichols,"2021-01-16",40,GB,2,125.83,62.91
7184,A,Jeremy Martin,"2025-02-19",38,IN,3,465.5,155.17
7185,B,Wanda Stein,"2021-11-05",41,US,2,55.93,27.97
7188,A,Thomas Chandler,"2021-01-06",34,AE,1,174.89,174.89
7193,B,Michael Rios DDS,"2021-05-07",20,US,3,277.24,92.41
7203,B,Lisa Graham,"2025-01-25",29,BR,1,436.59,436.59
7208,A,Jessica Gonzalez,"2023-06-30",74,ES,2,257.59,128.8
7211,B,Michael Smith,"2023-11-21",47,GB,1,258.26,258.26
7215,B,Tyler Edwards,"2022-05-25",71,US,1,346.87,346.87
7217,B,Dr. Tyler Moore,"2025-02-16",69,FR,1,708.95,708.95
7220,A,Randy Tyler,"2023-11-05",29,JP,2,355.94,177.97
7222,A,David Martinez,"2023-10-13",26,NL,2,396.87,198.44
7225,B,Thomas Coleman,"2024-09-26",61,JP,1,24.49,24.49
7226,A,Valerie Farmer,"2024-05-17",42,GB,1,11.57,11.57
7229,B,Monica Bell,"2020-02-13",54,GB,2,92.38,46.19
7230,A,Jeffrey Holloway,"2020-06-03",34,FR,1,622.75,622.75
7232,A,William Black,"2024-06-27",67,BR,1,661.33,661.33
7237,B,Michelle Hammond,"2021-05-28",49,US,2,563.97,281.99
7241,B,Jessica Luna,"2024-07-09",30,US,1,65.08,65.08
7243,B,David Richard,"2024-08-28",65,US,1,507.27,507.27
7245,B,Joshua Campbell,"2020-09-26",35,MX,1,486.93,486.93
7251,B,Marissa Buck,"2022-06-20",44,BR,1,11.57,11.57
7253,B,Lance Collins,"2022-05-28",38,BR,2,152.46,76.23
7254,A,Kayla Medina,"2023-10-24",48,AU,1,28.39,28.39
7255,B,Thomas Lara,"2023-02-12",52,BR,2,213.07,106.54
7260,A,Jennifer Lawrence,"2024-05-29",27,MX,1,42.11,42.11
7267,B,Joshua George Jr.,"2025-03-03",64,SE,1,134.37,134.37
7277,B,Linda Phillips,"2020-11-03",24,DE,2,219.33,109.67
7279,B,Donald Lewis,"2021-11-07",40,US,1,249.75,249.75
7280,A,David Gonzalez,"2022-05-09",51,GB,1,135.09,135.09
7281,B,Michelle Mcguire,"2022-05-14",73,JP,1,238.01,238.01
7287,B,Beverly Shelton,"2021-11-30",46,US,2,152.77,76.38
7289,B,Misty Berry,"2020-11-28",60,GB,2,397.23,198.61
7292,A,Jacob Powers,"2022-05-10",29,PL,1,118.85,118.85
7294,A,Alicia Li,"2025-10-14",33,US,1,146.22,146.22
7303,B,Angela Morales,"2023-12-25",66,FR,1,25.71,25.71
7307,B,Trevor Baker,"2020-09-11",68,DE,2,111.24,55.62
7308,A,Amanda Banks,"2020-10-23",20,JP,2,181.49,90.74
7309,B,Kelli Nichols,"2023-06-30",31,GB,2,106.54,53.27
7311,B,Susan Perry,"2021-10-23",59,JP,2,434.24,217.12
7315,B,Yolanda Murphy,"2023-03-12",72,BR,3,225.11,75.04
7318,A,Jessica Abbott,"2024-09-23",55,ES,1,36.17,36.17
7323,B,Malik Hart,"2024-07-20",20,NL,1,27.22,27.22
7328,A,Michael Whitney,"2020-05-21",19,DE,2,168.49,84.24
7331,B,Michelle White,"2022-09-16",40,GB,1,212.7,212.7
7340,A,Kristina Reyes,"2022-12-12",31,IN,1,214.3,214.3
7341,B,Laura Nguyen,"2024-09-01",66,JP,1,50.83,50.83
7343,B,Luis Burton,"2022-07-31",29,FR,2,199.24,99.62
7344,A,Adriana Payne,"2025-02-09",30,IN,1,114.05,114.05
7345,B,Matthew Mcbride,"2022-03-24",56,PL,1,95.23,95.23
7347,B,Jared Arnold,"2023-10-26",31,AE,1,274.53,274.53
7350,A,Michelle Faulkner,"2023-05-11",25,PL,1,83.08,83.08
7352,A,Brent Reese,"2021-10-12",55,US,1,29.05,29.05
7358,A,Megan Jackson,"2023-02-15",41,US,1,173.17,173.17
7360,A,Leslie Summers,"2022-03-09",24,JP,1,71.31,71.31
7361,B,Eugene Jones,"2025-06-28",56,MX,1,88.74,88.74
7368,A,Jennifer Jackson,"2021-09-07",66,AU,1,41.49,41.49
7369,B,Christine Fernandez,"2020-07-30",39,GB,2,104.65,52.33
7372,A,Tammy Curtis,"2023-01-03",37,SG,1,149.7,149.7
7374,A,Mike Keller,"2025-01-04",48,DE,1,48.97,48.97
7376,A,Jose Taylor,"2023-09-07",20,MX,1,23.74,23.74
7387,B,William Keller,"2023-09-30",52,BR,2,160.64,80.32
7388,A,Amanda Coleman MD,"2024-08-19",62,FR,1,53.46,53.46
7389,B,Robert Mack,"2020-07-26",70,BR,2,346.96,173.48
7390,A,Daniel Jenkins,"2021-02-13",20,GB,2,437.1,218.55
7392,A,Peggy Steele,"2020-11-11",49,US,1,78.78,78.78
7394,A,Amy Lindsey,"2021-01-29",66,US,2,105.82,52.91
7396,A,Donna Lewis,"2023-01-31",75,US,1,151.4,151.4
7400,A,Sandra Blackburn,"2025-02-13",27,ES,1,72.46,72.46
7407,B,Brandon Rodriguez,"2020-03-12",64,BR,2,85.44,42.72
7408,A,Shannon Fisher,"2020-01-13",46,GB,1,45.74,45.74
7421,B,Cynthia Walker,"2024-09-20",29,BR,3,115.4,38.47
7423,B,Edward Torres,"2025-10-30",51,US,1,17.37,17.37
7424,A,Brett Jones,"2022-01-20",43,US,1,139.18,139.18
7433,B,Nathan Johnson,"2024-09-01",62,US,1,362.86,362.86
7434,A,Heather Johnson,"2021-04-06",50,PL,1,223.63,223.63
7435,B,Ryan Green,"2025-10-31",32,DE,4,624.89,156.22
7440,A,Timothy Herrera,"2021-05-05",33,AU,2,100.43,50.22
7446,A,James Reyes,"2023-08-12",25,BR,1,132.77,132.77
7448,A,Whitney Pennington,"2021-07-29",31,JP,1,167.76,167.76
7450,A,Michelle Roberts,"2021-07-04",32,IN,2,180.33,90.16
7451,B,Seth Santos,"2025-08-27",69,NL,1,214.39,214.39
7453,B,Kayla Diaz,"2021-10-22",46,DE,1,172.99,172.99
7456,A,Alyssa Howell,"2025-09-17",44,BR,1,661.8,661.8
7461,B,Destiny Hall,"2024-03-23",60,US,1,109.28,109.28
7467,B,Meredith Gonzalez,"2022-07-13",57,US,1,95.77,95.77
7470,A,Nathan Smith,"2023-07-10",56,US,1,40.11,40.11
7472,A,Jordan Mills,"2025-02-18",36,US,3,372.38,124.13
7474,A,Diana Long,"2022-12-11",59,GB,2,876.47,438.24
7475,B,Angela Watts,"2021-04-26",24,US,1,60.74,60.74
7480,A,Alexander Kelley,"2021-08-01",28,GB,1,34.38,34.38
7486,A,Kevin Martin,"2020-01-08",23,US,3,290.18,96.73
7489,B,Kathy Sweeney,"2025-02-25",65,ES,2,141.75,70.88
7490,A,Arthur Gallagher,"2024-11-19",32,GB,1,136.93,136.93
7493,B,David Robbins,"2024-12-08",70,SE,1,96.98,96.98
7498,A,Audrey Martin,"2023-04-22",24,BR,3,109.79,36.6
7505,B,Alejandra Randall,"2022-11-01",44,BR,2,609.85,304.92
7507,B,Judy Baker,"2023-09-19",29,BR,3,598.73,199.58
7514,A,Lucas Crawford,"2022-12-04",62,FR,1,91.52,91.52
7518,A,Alexandra Lyons,"2024-01-31",27,MX,1,110.32,110.32
7520,A,Kristen Brown,"2022-08-22",68,IN,2,170.85,85.43
7523,B,Shannon Miller,"2024-07-18",45,ZA,2,201.67,100.83
7529,B,Samuel Wood,"2024-07-05",20,GB,1,95.65,95.65
7531,B,Steven Crosby,"2021-02-13",65,CA,1,78.5,78.5
7532,A,Mark Mercer,"2020-12-01",75,DE,2,122.7,61.35
7533,B,Amanda Jones,"2024-06-20",56,CA,2,108.31,54.15
7535,B,Jessica Miller,"2025-07-24",31,DE,3,108.67,36.22
7539,B,Matthew Anderson,"2020-04-03",20,SE,1,166.3,166.3
7543,B,Tiffany Jackson MD,"2024-08-26",69,AE,1,171.74,171.74
7547,B,Tyler Olson,"2020-12-15",36,GB,2,144.93,72.47
7549,B,Nicole Griffith,"2023-07-07",42,GB,1,84.1,84.1
7556,A,Elizabeth Spencer,"2020-10-03",39,AU,2,105.45,52.73
7557,B,Dawn Murray,"2024-10-20",64,DE,1,270.72,270.72
7560,A,Emily Richmond,"2025-08-23",20,ES,4,688.12,172.03
7563,B,Daniel Ramirez,"2025-05-29",61,DE,1,32.62,32.62
7564,A,Albert Peterson,"2021-07-11",37,AU,1,55.83,55.83
7573,B,Matthew Hodges,"2020-04-04",33,CA,1,208.31,208.31
7574,A,Michael Ramirez,"2024-03-25",38,CA,2,99.01,49.51
7575,B,Diana Dunn,"2023-11-16",69,GB,1,145.42,145.42
7576,A,Scott Dennis,"2023-09-08",25,DE,1,31.93,31.93
7582,A,Kimberly White,"2024-12-31",28,US,3,194.35,64.78
7590,A,Julie Hernandez,"2020-11-17",22,PL,1,130.11,130.11
7593,B,Jennifer Johns,"2025-08-04",57,US,3,240.26,80.09
7594,A,Jessica Miller,"2024-12-06",62,MX,2,334.1,167.05
7596,A,Dennis Clark,"2025-09-30",74,JP,1,316.58,316.58
7603,B,Samuel Davis,"2024-11-15",58,ES,1,46.11,46.11
7607,B,Ricardo Rogers,"2020-10-11",22,BR,1,235.22,235.22
7610,A,Willie Guzman,"2024-12-02",63,GB,1,50.03,50.03
7613,B,Christopher Henderson,"2022-01-01",33,DE,1,148.95,148.95
7616,A,Lisa Holmes,"2022-06-06",28,NL,1,114.61,114.61
7618,A,Lynn Young,"2023-05-10",37,SE,1,83.78,83.78
7620,A,Kenneth Francis,"2021-01-04",44,AE,1,333.33,333.33
7621,B,Scott Scott,"2025-03-01",52,BR,1,271.28,271.28
7623,B,Christine Roberts,"2021-08-18",42,NL,1,52.61,52.61
7624,A,Michael Brown,"2023-11-03",41,GB,1,108.1,108.1
7625,B,John Anderson,"2022-03-10",21,ES,2,602.89,301.44
7630,A,Elizabeth Gilmore,"2023-08-13",48,IN,1,104.23,104.23
7632,A,David Garcia,"2025-08-02",67,AU,1,52.88,52.88
7637,B,Mr. Jeremy Wallace,"2025-02-15",59,JP,2,632.73,316.36
7639,B,Dr. Ryan Odom,"2025-05-14",52,IN,2,369.32,184.66
7647,B,Gerald Hernandez,"2023-10-15",37,CA,2,148.46,74.23
7648,A,Curtis Robbins,"2021-02-19",68,IN,1,704.05,704.05
7649,B,Taylor Davis,"2024-04-09",54,GB,2,819.35,409.67
7651,B,William Brown,"2025-06-15",59,US,1,272.52,272.52
7653,B,Jill Olsen,"2022-06-30",55,AU,1,74.11,74.11
7657,B,Elaine Bryant,"2024-06-01",54,IN,1,47.17,47.17
7658,A,Stacy Powell,"2025-10-10",22,AU,1,41.46,41.46
7663,B,Ricky Schroeder,"2020-05-16",30,ES,2,184.49,92.24
7671,B,Joe Nelson,"2024-06-14",70,FR,3,479.75,159.92
7674,A,Richard Randolph,"2022-09-23",27,DE,1,241.26,241.26
7675,B,Rebecca Raymond,"2020-08-02",71,GB,2,370.3,185.15
7677,B,Melissa Walker,"2024-12-04",56,GB,2,478.99,239.5
7679,B,Sally Lamb,"2025-09-11",19,DE,2,555.78,277.89
7680,A,Allison Snyder,"2023-06-30",64,IN,2,135.05,67.52
7682,A,Carl Garza,"2023-08-26",20,AU,2,879.82,439.91
7685,B,Alex Reynolds,"2025-10-11",72,JP,1,207.56,207.56
7686,A,Thomas Hanson,"2022-02-04",61,ES,1,66.34,66.34
7691,B,Samantha Coleman,"2021-03-23",58,JP,1,220.42,220.42
7692,A,Phyllis Hill,"2022-08-08",36,CA,2,36.78,18.39
7704,A,Michael Mcclain,"2024-04-12",32,AE,2,85.47,42.73
7707,B,Gregory Cabrera,"2020-03-05",46,US,1,440.16,440.16
7708,A,Phyllis Brown,"2021-11-01",25,BR,1,109.58,109.58
7713,B,Patricia Brown,"2020-12-25",70,AU,1,61.9,61.9
7716,A,James Bradley,"2025-08-10",70,ZA,1,85.57,85.57
7717,B,Courtney Leon,"2021-07-23",34,US,2,202.61,101.31
7719,B,Cynthia Hernandez,"2020-03-24",68,ES,2,74.94,37.47
7722,A,Tammy Gutierrez,"2025-02-10",62,US,1,200.29,200.29
7723,B,Jonathan Herrera,"2020-09-04",66,FR,1,71.17,71.17
7726,A,Amanda Mccormick,"2024-11-08",25,MX,1,397.58,397.58
7727,B,Claudia Brennan,"2022-10-18",57,US,2,115.82,57.91
7734,A,Ronnie Lester,"2024-02-01",32,MX,2,110.88,55.44
7740,A,Kristin Hughes,"2022-09-07",72,BR,2,288.9,144.45
7741,B,David Hudson,"2020-08-21",35,CA,2,92.18,46.09
7742,A,Mr. Bradley Mueller,"2020-12-24",46,IN,1,60.21,60.21
7743,B,Betty Scott,"2020-02-02",32,PL,2,543.04,271.52
7744,A,Mallory Marshall,"2021-07-20",38,JP,1,66.3,66.3
7746,A,Aaron Hurst,"2025-02-18",55,FR,1,69.91,69.91
7748,A,Earl Dalton,"2024-03-27",58,ES,2,55.94,27.97
7750,A,Barbara Smith,"2024-10-13",31,NL,1,105.16,105.16
7751,B,Reginald Fisher,"2022-08-19",45,GB,3,278.38,92.79
7756,A,Jessica Stone,"2023-12-13",75,AU,1,615.92,615.92
7758,A,Tamara Anderson,"2023-07-04",21,PL,1,190.75,190.75
7759,B,Martin Little,"2021-10-05",36,SG,3,493.86,164.62
7761,B,Jeremy Romero,"2025-09-30",44,US,3,964.47,321.49
7762,A,Ernest Moore,"2023-06-13",43,US,2,163.64,81.82
7768,A,Wendy Thomas,"2025-08-20",38,IN,2,82.6,41.3
7774,A,Dennis Little,"2022-03-12",48,ES,1,161.52,161.52
7776,A,John Greer,"2023-05-04",66,BR,1,427.26,427.26
7777,B,Mario Foster,"2024-01-05",53,NL,4,334.05,83.51
7779,B,Krystal Acevedo,"2020-03-11",56,ZA,1,35.77,35.77
7782,A,Valerie Bennett,"2024-03-12",35,GB,1,142.66,142.66
7784,A,Kimberly Williams,"2021-05-03",18,MX,1,112.2,112.2
7789,B,David Farmer,"2024-12-02",51,US,2,34.47,17.23
7791,B,Timothy Lester,"2023-12-19",59,MX,1,658.86,658.86
7792,A,Kimberly Thompson,"2020-07-29",44,SG,1,264.87,264.87
7793,B,Bradley Brown,"2025-10-08",61,SG,1,42.06,42.06
7806,A,Sarah Carter,"2022-08-23",53,US,1,183.4,183.4
7808,A,Robert Ayala,"2023-06-06",42,US,1,69.25,69.25
7809,B,Cassidy Walters,"2022-10-02",68,BR,1,351.49,351.49
7811,B,Elizabeth Weber,"2021-02-20",21,FR,1,159.01,159.01
7813,B,Abigail Mcdonald,"2024-06-26",30,SE,2,421.36,210.68
7819,B,Sara Jones,"2024-06-29",59,AE,1,194.13,194.13
7824,A,Alisha Garcia,"2023-04-17",25,FR,1,94.84,94.84
7825,B,Denise Wolf,"2020-07-29",33,GB,4,812.38,203.09
7828,A,Angela Walker,"2024-02-27",32,MX,1,75.92,75.92
7829,B,Brandi Martin,"2022-02-27",38,AU,2,496.35,248.17
7830,A,Anne Miller,"2023-02-26",67,US,1,537.24,537.24
7831,B,Yvette Frey MD,"2024-07-05",54,US,1,32.54,32.54
7838,A,Scott Bowman,"2021-04-13",27,US,1,96.42,96.42
7840,A,Anne Coffey,"2025-06-17",71,ZA,1,14.56,14.56
7841,B,Edward Hayes,"2020-11-18",54,CA,1,688.58,688.58
7843,B,Christopher Lopez,"2021-06-21",70,SE,1,45.12,45.12
7848,A,Erin Riley,"2020-06-11",61,US,3,237.53,79.18
7855,B,Jacob Snyder,"2024-04-26",25,ES,1,46.03,46.03
7858,A,Kevin Reed Jr.,"2024-06-23",24,NL,2,424.97,212.49
7859,B,Kelli Thomas,"2020-06-09",48,US,1,103.39,103.39
7861,B,Tristan Jones,"2024-05-21",73,AE,4,552.99,138.25
7871,B,Robert Krueger,"2021-12-25",64,SE,1,78.19,78.19
7873,B,Richard Johnson,"2022-02-17",48,US,2,85.32,42.66
7883,B,Jennifer Chapman,"2025-01-31",71,BR,2,329.68,164.84
7888,A,Kenneth Moore,"2020-06-03",28,DE,2,349.54,174.77
7889,B,Desiree Duncan,"2020-06-28",45,CA,1,152.02,152.02
7891,B,Angela Smith,"2023-05-09",41,MX,1,123.8,123.8
7894,A,Joshua Huff,"2024-01-02",47,SE,2,268.83,134.41
7898,A,Alex Gutierrez,"2020-11-19",70,AU,1,236.87,236.87
7903,B,Jennifer Nielsen,"2024-02-19",53,IN,1,34.61,34.61
7905,B,Monica Dean,"2022-05-14",24,US,2,238.04,119.02
7909,B,Marie Marsh,"2020-08-18",63,IN,1,50.04,50.04
7913,B,Elizabeth Webster,"2020-04-01",56,US,1,28.59,28.59
7915,B,Bryan Jackson,"2023-11-04",41,NL,1,74.28,74.28
7917,B,Ashley Goodwin,"2020-07-10",28,AU,1,392.06,392.06
7920,A,Raymond Watson,"2025-05-11",54,CA,2,77.31,38.65
7923,B,Luis Bishop,"2024-07-27",27,US,1,29.52,29.52
7925,B,Michael Williams,"2020-07-26",71,SE,2,175.41,87.7
7927,B,Robert Wilkerson,"2024-03-24",51,FR,1,40.14,40.14
7931,B,William Johnson,"2020-04-10",72,NL,1,36.85,36.85
7936,A,Brian Anderson,"2022-03-19",36,BR,1,56.07,56.07
7938,A,Anthony Webb,"2021-03-13",63,AU,2,232.85,116.42
7945,B,Justin Mora,"2024-05-09",57,CA,3,304.96,101.65
7954,A,Lori Adams,"2023-04-10",66,US,1,630.25,630.25
7956,A,Kevin Fischer,"2021-05-04",18,US,2,456.33,228.17
7965,B,Joshua Maldonado,"2020-12-04",54,SG,3,208.76,69.59
7970,A,Andrew Adkins,"2023-06-13",61,BR,3,300.25,100.08
7975,B,Christine Ramirez,"2024-05-09",26,FR,1,28.61,28.61
7976,A,Jason Best,"2024-12-31",42,BR,1,23.23,23.23
7980,A,Diana Smith,"2023-06-07",31,US,1,17.47,17.47
7982,A,Kevin Houston,"2023-02-16",60,SE,2,365.52,182.76
7984,A,Lauren Gonzales,"2025-05-21",21,BR,1,51.86,51.86
7991,B,Mary Torres,"2020-07-18",72,IN,4,449.93,112.48
7992,A,Ashley Sosa,"2023-07-14",60,SG,1,182.6,182.6
7993,B,Joseph Powell,"2021-01-27",40,FR,2,303.36,151.68
7996,A,Charles Johnson,"2022-07-25",67,AE,1,59.78,59.78
7998,A,Jesse Gomez,"2021-04-10",64,FR,1,13.65,13.65
8005,B,Joshua Peck,"2022-12-24",18,JP,1,36.1,36.1
8006,A,Juan Roy,"2021-06-26",49,MX,1,23.11,23.11
8011,B,Stephen Ramirez,"2020-05-29",27,ES,2,448.99,224.49
8013,B,Jared Watkins,"2025-10-10",54,US,1,37.17,37.17
8015,B,Jill White,"2020-07-30",71,AU,1,108.13,108.13
8017,B,Emily Lane,"2021-01-22",25,SG,2,302.56,151.28
8019,B,Danielle Jackson,"2024-03-31",63,IN,1,106.18,106.18
8021,B,Carolyn Macias,"2020-10-11",44,MX,1,50.14,50.14
8029,B,Thomas Stevens,"2022-05-04",52,PL,2,399.71,199.85
8039,B,Donald Hughes,"2020-01-19",63,BR,1,139.34,139.34
8040,A,Christian Perry,"2024-01-18",69,AU,1,173.31,173.31
8047,B,Joshua Harper,"2020-02-11",35,CA,1,41.97,41.97
8048,A,James Hill,"2025-07-23",51,ES,2,511.55,255.77
8050,A,Timothy Peterson,"2022-02-11",51,BR,4,925.93,231.48
8052,A,Dr. Jennifer Martinez,"2023-08-07",54,CA,2,210.36,105.18
8055,B,Ms. Rebecca Kline MD,"2021-10-14",50,BR,2,50.85,25.42
8061,B,Brian Bush,"2025-01-20",73,FR,3,266.18,88.73
8068,A,John Long,"2021-02-25",73,SE,1,544.5,544.5
8069,B,Bonnie Williams,"2021-08-02",26,US,3,381.23,127.08
8070,A,Christopher Dillon,"2021-03-31",46,ES,1,49.97,49.97
8071,B,Ryan Martin,"2024-12-30",69,FR,1,78.78,78.78
8079,B,Susan Montgomery,"2023-11-04",29,PL,1,285.9,285.9
8081,B,Valerie Bradford,"2023-03-19",50,US,2,318.19,159.1
8082,A,Cindy Thomas,"2024-05-28",59,FR,2,84.23,42.11
8084,A,Katie Anthony,"2024-01-03",37,SG,1,368.99,368.99
8095,B,Stephen Frank,"2023-11-26",58,DE,1,72.31,72.31
8096,A,Rachel Rojas,"2024-05-27",67,MX,1,60.03,60.03
8108,A,Patricia Martin,"2023-01-13",64,ES,1,203.61,203.61
8109,B,Shirley Miles,"2022-10-09",46,DE,2,61.12,30.56
8111,B,Richard Smith,"2024-10-10",29,US,2,185.51,92.76
8112,A,Deborah Nelson,"2022-06-23",48,FR,1,566.1,566.1
8116,A,Michelle Webster,"2024-07-01",48,JP,2,560.49,280.25
8120,A,Johnny Rodriguez,"2025-01-05",65,GB,2,85.71,42.85
8122,A,Corey Ramirez,"2020-07-31",38,BR,2,287.88,143.94
8123,B,Jacqueline Brown,"2023-06-10",47,FR,2,1968.13,984.07
8127,B,Susan Shaw,"2020-03-26",32,AE,1,23.64,23.64
8130,A,Mia Davila,"2023-07-14",57,MX,2,75.03,37.51
8133,B,Christina Owens,"2021-06-15",65,SG,3,85.51,28.5
8136,A,Douglas Shaffer,"2025-01-05",64,CA,3,256.51,85.5
8137,B,Sierra Todd,"2022-08-02",32,AU,1,188.5,188.5
8138,A,Richard Meyer,"2021-07-24",74,US,1,16.63,16.63
8139,B,Paul Dixon,"2022-09-05",59,GB,1,144.37,144.37
8141,B,Micheal Molina,"2022-06-03",63,US,1,44.73,44.73
8145,B,Peter Smith,"2024-05-08",43,SE,1,519.46,519.46
8148,A,Sandra Burke,"2022-04-01",63,ES,2,387.56,193.78
8156,A,Joanna Nelson,"2024-10-31",36,AU,1,365.22,365.22
8157,B,Brian Rogers,"2020-04-16",61,SE,2,127.47,63.73
8165,B,Troy King,"2021-10-16",46,MX,1,19.15,19.15
8167,B,Carmen Lloyd,"2024-06-11",24,ZA,1,81.12,81.12
8173,B,Ronald Ramirez,"2023-02-27",49,FR,1,33.17,33.17
8175,B,Sabrina Cortez,"2020-06-24",24,US,1,221.53,221.53
8184,A,Beth Webster,"2024-11-01",69,NL,1,127.8,127.8
8185,B,Lori Flores,"2024-06-18",68,US,2,425.94,212.97
8189,B,Jackson Gallagher,"2021-10-17",30,GB,2,159.15,79.57
8190,A,Anthony Blake,"2024-09-30",35,FR,2,82.24,41.12
8194,A,Michael Mcintosh,"2024-07-20",20,CA,1,27.55,27.55
8196,A,Melissa Lawrence,"2021-12-10",44,US,2,285.42,142.71
8201,B,Jasmine Gray,"2023-06-06",44,US,2,114.54,57.27
8204,A,David Morse,"2020-04-17",59,BR,2,254.27,127.13
8206,A,Jasmine Simpson,"2024-11-15",74,US,2,185.09,92.54
8208,A,Pamela Morris,"2024-06-21",74,AE,1,48.58,48.58
8209,B,Tasha Richardson,"2020-04-21",55,ES,1,16.24,16.24
8212,A,Jacob Jordan,"2025-10-31",33,FR,1,152.79,152.79
8221,B,Randall Harmon,"2023-12-22",44,PL,1,192.14,192.14
8222,A,Michelle Juarez,"2025-08-09",48,ES,1,60.66,60.66
8229,B,Justin Hartman,"2020-06-06",22,CA,1,29.35,29.35
8230,A,Joshua Gonzalez,"2022-02-27",37,JP,1,55.17,55.17
8235,B,Tracy Schwartz,"2021-07-02",43,FR,1,236.78,236.78
8240,A,Patrick Lucero,"2022-12-21",45,MX,1,906.02,906.02
8243,B,Stephen Jones,"2023-11-21",63,GB,2,212.28,106.14
8251,B,Daniel Rice,"2020-01-02",54,DE,2,123.56,61.78
8253,B,Christopher Padilla,"2023-02-11",55,DE,2,253.98,126.99
8254,A,Mary Figueroa,"2023-06-17",26,FR,1,131.99,131.99
8256,A,Jessica Silva,"2020-05-09",33,MX,2,142.0,71.0
8257,B,Sean Franklin,"2024-12-03",20,IN,1,264.28,264.28
8262,A,Kelly Cummings,"2023-10-13",65,NL,1,84.73,84.73
8273,B,Michele Wilson,"2020-07-18",48,SG,1,36.15,36.15
8286,A,Kristin Powers,"2025-01-21",27,NL,1,203.16,203.16
8287,B,Jessica Ward,"2025-07-30",19,DE,1,105.56,105.56
8293,B,James Marsh,"2023-11-28",66,IN,3,204.02,68.01
8294,A,Becky Osborne,"2022-12-04",50,AU,1,156.61,156.61
8296,A,Tyler Yang,"2020-08-18",61,MX,1,33.14,33.14
8299,B,Shelley Frye,"2023-09-15",43,GB,2,38.76,19.38
8300,A,Kelly Jackson,"2021-08-06",21,SG,2,144.32,72.16
8303,B,Earl Burgess,"2023-08-18",50,SE,1,22.14,22.14
8306,A,Lauren Davies,"2025-01-17",62,US,2,437.84,218.92
8307,B,Stacey Robertson,"2020-09-01",75,AU,2,408.2,204.1
8308,A,Kendra Williams,"2022-08-27",22,JP,1,38.98,38.98
8309,B,Nicholas Rogers,"2020-03-31",74,FR,2,647.43,323.71
8312,A,Michael Harper,"2021-05-20",65,GB,1,132.06,132.06
8322,A,Dr. Mark Maynard,"2023-04-03",29,NL,1,278.65,278.65
8323,B,Jonathan Stephens,"2022-05-20",29,US,1,81.87,81.87
8327,B,Robin West,"2025-05-28",21,ES,1,27.68,27.68
8328,A,Linda Lyons,"2025-02-03",66,US,3,407.4,135.8
8329,B,Jason Singh,"2023-12-09",73,PL,3,312.45,104.15
8334,A,Elizabeth Deleon,"2021-10-15",42,IN,3,312.64,104.21
8335,B,Melissa Perkins,"2021-09-23",24,ES,1,136.63,136.63
8337,B,Shannon Armstrong,"2025-02-16",71,IN,1,75.09,75.09
8340,A,Chelsea Chang,"2022-07-03",21,US,1,145.41,145.41
8343,B,Matthew Ingram,"2022-07-20",43,PL,1,164.5,164.5
8354,A,George Taylor,"2024-03-16",46,US,1,53.86,53.86
8355,B,Chad Perry,"2022-04-15",50,SE,2,1951.32,975.66
8357,B,Michelle Gonzalez,"2022-01-20",44,US,1,83.18,83.18
8359,B,Ashley Schmidt,"2023-12-24",18,US,1,73.2,73.2
8362,A,Raymond Benson,"2025-08-18",52,US,1,21.83,21.83
8364,A,Andrea Mahoney,"2021-03-25",26,FR,1,32.3,32.3
8367,B,Jamie Cruz,"2024-03-04",22,FR,1,453.46,453.46
8372,A,Nathan Fisher,"2025-10-21",26,BR,1,75.62,75.62
8374,A,Laura Fisher,"2024-02-18",63,US,3,1124.83,374.94
8389,B,Jennifer Stokes,"2024-02-24",45,AU,1,68.09,68.09
8408,A,Tommy Webster,"2021-11-14",43,AE,1,30.38,30.38
8410,A,Ricky Glover,"2023-08-16",68,CA,1,78.4,78.4
8412,A,Christine Savage,"2022-10-25",57,NL,1,66.34,66.34
8414,A,Kelsey Ford,"2023-04-13",72,ES,1,37.51,37.51
8417,B,Ms. Melissa Stewart,"2025-09-23",49,GB,1,20.73,20.73
8421,B,Kimberly Russell,"2025-10-17",31,AE,1,73.7,73.7
8447,B,Casey Patterson,"2023-02-23",31,JP,2,75.25,37.62
8448,A,Michele Ayala,"2024-06-09",55,ES,3,417.66,139.22
8449,B,Amber Nash,"2023-05-08",72,AE,1,755.7,755.7
8450,A,Heidi Christensen,"2023-02-06",30,DE,2,217.65,108.82
8455,B,Raymond Parker,"2022-09-15",66,ES,1,132.26,132.26
8456,A,Jon Villarreal,"2023-09-25",55,CA,2,560.48,280.24
8457,B,Breanna Brown,"2021-01-31",65,BR,1,111.35,111.35
8459,B,Jason Cameron,"2025-10-04",63,FR,1,164.34,164.34
8468,A,Andrew Martinez,"2023-08-07",58,DE,1,162.85,162.85
8469,B,Susan Willis,"2021-05-01",52,IN,4,485.52,121.38
8473,B,Melinda Morales,"2023-06-04",34,GB,3,763.76,254.59
8479,B,Corey Branch,"2020-06-04",54,GB,1,605.74,605.74
8483,B,Dennis Graham,"2021-09-01",21,PL,1,64.86,64.86
8484,A,Jennifer Miller,"2022-06-27",39,JP,1,410.19,410.19
8485,B,James Mckenzie,"2022-09-13",75,US,2,29.93,14.97
8486,A,Randall Schultz,"2023-03-07",69,US,1,20.68,20.68
8491,B,Aaron Johnson,"2025-08-10",64,DE,2,602.02,301.01
8493,B,Trevor Young,"2025-10-23",45,PL,1,439.0,439.0
8494,A,Dominic Barr,"2022-10-31",54,JP,2,279.39,139.69
8497,B,Chase Stephens,"2021-05-15",74,SG,1,125.46,125.46
8498,A,Joshua Maldonado,"2022-09-11",67,GB,3,451.18,150.39
8499,B,Blake Wheeler,"2024-08-10",23,JP,4,518.18,129.54
8503,B,Cathy Castro,"2025-09-04",57,BR,1,113.56,113.56
8511,B,Lisa Floyd,"2021-07-16",37,US,1,47.82,47.82
8513,B,Kayla King,"2024-11-28",67,US,2,227.3,113.65
8522,A,Brian Vasquez,"2025-07-31",66,JP,1,44.1,44.1
8525,B,Megan Kelly,"2022-05-08",69,US,1,68.58,68.58
8528,A,Carrie Wiggins,"2024-03-16",37,DE,1,25.49,25.49
8532,A,Deborah Freeman,"2021-08-15",44,GB,1,33.51,33.51
8533,B,Anna Johnson,"2021-06-13",63,JP,1,14.24,14.24
8534,A,Joanna Wright,"2020-03-06",29,IN,1,38.86,38.86
8535,B,Tony French,"2023-02-04",41,MX,3,223.49,74.5
8537,B,Pamela Smith,"2021-07-20",48,FR,1,102.34,102.34
8546,A,Thomas Young,"2020-06-03",32,SG,1,251.34,251.34
8548,A,Renee Garcia,"2020-02-19",71,NL,2,185.0,92.5
8549,B,Kim Diaz,"2023-07-29",60,PL,4,385.38,96.34
8552,A,Debbie Day,"2024-02-22",39,US,3,472.2,157.4
8556,A,Lisa Khan,"2020-10-09",27,MX,1,126.11,126.11
8562,A,Jerry Rose,"2022-08-25",37,FR,1,22.22,22.22
8564,A,Noah Kane,"2025-08-28",22,BR,1,18.1,18.1
8566,A,Jeffery Lee,"2023-08-07",69,SG,1,104.07,104.07
8573,B,John Henderson,"2023-04-15",37,DE,1,11.13,11.13
8574,A,Samantha Miller,"2020-06-27",41,GB,1,713.04,713.04
8576,A,Shannon Martin,"2021-08-27",50,DE,1,208.98,208.98
8586,A,James Russell,"2024-11-12",61,FR,1,75.61,75.61
8588,A,Janet Wang,"2020-07-13",68,NL,1,50.18,50.18
8589,B,Matthew Edwards,"2022-03-03",62,US,1,102.89,102.89
8595,B,Susan Richardson,"2024-01-19",53,NL,1,18.02,18.02
8596,A,David Miller,"2025-03-10",45,ES,1,243.59,243.59
8597,B,Matthew Drake,"2021-01-31",66,BR,1,140.77,140.77
8598,A,Autumn Luna,"2025-10-05",66,AU,4,777.9,194.48
8600,A,James Clark,"2024-04-17",64,GB,3,120.39,40.13
8603,B,Philip Rogers,"2024-01-19",35,GB,2,185.82,92.91
8604,A,Michelle Walters,"2024-12-02",60,NL,2,97.02,48.51
8607,B,Ronald Miller,"2024-02-27",20,US,2,298.51,149.26
8608,A,Brandon Wilson,"2020-11-14",20,FR,1,183.37,183.37
8613,B,Crystal Higgins,"2024-01-25",41,SG,1,61.38,61.38
8617,B,Lindsey Flowers,"2025-03-17",40,PL,1,273.32,273.32
8619,B,Aaron Ferguson,"2023-10-02",32,JP,2,298.98,149.49
8620,A,Barry Torres,"2021-05-02",51,NL,1,87.58,87.58
8622,A,James Baker,"2024-12-08",70,FR,2,130.15,65.08
8626,A,Lauren Potter,"2021-08-23",43,SE,1,387.23,387.23
8628,A,Jacqueline Morales,"2020-10-11",72,IN,1,389.93,389.93
8629,B,Terry Diaz,"2020-10-24",65,AE,2,333.64,166.82
8630,A,Connie Becker,"2021-09-23",70,DE,1,114.85,114.85
8635,B,Sara Brown,"2024-10-18",39,GB,1,82.03,82.03
8637,B,Ashley Norman,"2023-09-28",27,IN,1,95.12,95.12
8638,A,Chad Smith,"2024-08-15",41,BR,2,134.89,67.44
8642,A,Leslie Gill,"2022-08-27",24,JP,2,136.62,68.31
8645,B,Thomas Johnson,"2020-03-18",49,IN,1,549.49,549.49
8646,A,Tiffany Rangel,"2022-08-19",63,GB,2,86.75,43.37
8647,B,Mark Cook,"2023-06-27",42,JP,1,343.18,343.18
8649,B,Nathaniel Johnson,"2023-09-11",25,DE,1,191.72,191.72
8654,A,John Williams,"2023-11-29",19,US,2,127.47,63.74
8655,B,Robert Sutton,"2024-05-01",72,IN,2,295.7,147.85
8658,A,Margaret Haley,"2022-07-13",55,GB,1,104.96,104.96
8659,B,Kimberly Thomas,"2021-03-25",55,US,1,98.08,98.08
8661,B,Jonathan Cook,"2023-08-16",71,ES,1,11.67,11.67
8669,B,Stephanie Mooney,"2021-12-19",62,MX,3,271.38,90.46
8670,A,Jenna Robbins,"2021-10-01",52,MX,2,473.58,236.79
8671,B,Luis Spence,"2024-08-18",18,IN,2,143.71,71.85
8673,B,Emily Ingram,"2025-06-03",48,US,2,1017.72,508.86
8674,A,Emily Coleman,"2023-01-14",27,SG,3,314.06,104.69
8675,B,Victoria Green,"2022-11-07",59,BR,2,296.12,148.06
8679,B,Kristina Turner,"2025-06-04",33,SE,2,46.04,23.02
8683,B,Jared Miller,"2020-10-08",19,AU,1,78.8,78.8
8686,A,Greg Evans,"2025-03-19",25,FR,1,85.16,85.16
8687,B,Kristin Cortez,"2022-01-09",29,FR,3,423.75,141.25
8688,A,Kelsey Peters,"2020-05-04",72,SG,3,251.99,84.0
8689,B,Diana Bell,"2022-04-13",69,SG,6,975.86,162.64
8692,A,Jordan Johnson,"2020-04-18",23,ES,1,49.76,49.76
8694,A,Erica Lawson,"2020-07-10",18,MX,1,116.49,116.49
8697,B,Katie Dunn,"2021-09-30",33,US,1,543.89,543.89
8698,A,Marissa May,"2024-02-16",32,US,1,140.34,140.34
8704,A,Heather Wallace,"2020-05-19",47,US,1,142.13,142.13
8707,B,Gary Mullins,"2023-02-21",61,PL,1,60.86,60.86
8709,B,Robert Barber,"2020-04-02",72,AU,1,21.83,21.83
8711,B,Marissa Nunez,"2023-12-22",47,US,1,91.5,91.5
8713,B,Keith Martinez,"2024-11-03",29,JP,1,111.44,111.44
8715,B,Anthony Cain,"2021-01-13",61,PL,1,11.57,11.57
8719,B,Paul Peck,"2022-07-05",42,PL,2,43.05,21.52
8722,A,Robert White,"2020-09-29",70,IN,1,294.31,294.31
8726,A,Michael Fleming,"2021-05-12",19,GB,1,125.6,125.6
8730,A,Derek Benson,"2022-03-04",57,BR,1,113.97,113.97
8733,B,Amanda Lambert,"2022-09-18",54,US,1,340.52,340.52
8739,B,David Wood,"2024-11-24",50,FR,1,257.24,257.24
8744,A,Latoya Dodson,"2023-11-29",72,ZA,1,223.49,223.49
8752,A,Alex Thompson,"2021-02-22",28,CA,1,78.8,78.8
8753,B,Stephanie Sanchez,"2023-07-18",28,IN,1,106.21,106.21
8759,B,Robert Calhoun,"2022-08-02",44,SE,2,270.28,135.14
8767,B,Paula Morrison,"2022-12-24",38,GB,1,53.74,53.74
8769,B,Lance Jacobs MD,"2022-01-16",73,PL,1,49.73,49.73
8778,A,Victoria Griffin,"2021-05-11",50,SG,1,25.49,25.49
8779,B,James Garcia,"2022-04-11",19,SG,1,58.02,58.02
8780,A,Richard Garcia,"2022-04-04",57,IN,2,317.16,158.58
8783,B,Rachael Chavez,"2024-02-20",29,ES,1,93.68,93.68
8790,A,Corey Robinson,"2020-07-04",52,US,1,217.72,217.72
8805,B,Robert Webb,"2022-09-13",23,US,1,212.9,212.9
8806,A,Jessica Potter,"2022-07-18",46,JP,2,56.24,28.12
8807,B,Daniel Graves,"2025-04-15",52,US,1,298.01,298.01
8814,A,Shawn Smith,"2020-06-25",34,CA,1,162.79,162.79
8819,B,Sarah Morgan,"2022-04-09",66,PL,3,246.25,82.08
8822,A,Arthur Mcgrath,"2020-12-27",39,IN,1,46.56,46.56
8823,B,Ronald Pollard,"2025-06-25",26,JP,1,15.22,15.22
8832,A,Cynthia Hill,"2020-06-22",33,DE,1,253.38,253.38
8833,B,Scott Owen,"2021-11-30",68,NL,2,458.92,229.46
8837,B,John Ingram,"2025-09-24",23,US,1,24.63,24.63
8841,B,Luke Black,"2021-04-14",73,SE,2,204.77,102.39
8844,A,Mike Oliver,"2021-12-26",48,DE,3,121.7,40.57
8845,B,Deborah Johnson,"2022-09-15",50,SG,1,246.74,246.74
8846,A,Laura Mercer,"2023-01-04",70,GB,1,31.51,31.51
8848,A,Kylie Campbell,"2024-10-14",25,BR,1,108.64,108.64
8849,B,Alicia Smith,"2021-03-17",18,SG,1,203.78,203.78
8851,B,Emily Adams,"2023-01-23",43,MX,1,41.99,41.99
8858,A,Victoria Brown,"2024-02-01",51,AU,1,14.8,14.8
8864,A,Sophia Henry,"2023-01-16",70,NL,1,79.7,79.7
8867,B,James Krause,"2023-01-19",29,ES,1,77.72,77.72
8868,A,Robert Nelson,"2022-04-02",75,NL,1,47.21,47.21
8872,A,Shawn Bishop,"2022-12-02",32,BR,1,15.35,15.35
8874,A,Susan Reynolds,"2022-12-17",46,IN,1,420.87,420.87
8877,B,Anthony Henderson,"2023-08-03",20,SE,3,310.74,103.58
8879,B,Gabrielle Carlson,"2022-12-13",19,DE,2,296.92,148.46
8881,B,Christopher Roman,"2025-10-30",38,AE,2,121.57,60.78
8895,B,Cody Ellis,"2023-05-26",42,FR,2,169.55,84.78
8899,B,Michelle Taylor,"2021-05-01",18,IN,1,60.48,60.48
8900,A,Zachary Hawkins Jr.,"2024-08-20",25,ES,1,307.49,307.49
8919,B,Michael Conner,"2020-12-21",75,MX,4,583.77,145.94
8921,B,Carol Shaw,"2023-05-22",18,PL,2,192.27,96.13
8922,A,Dr. Tammy Martin,"2023-05-02",33,AE,2,111.82,55.91
8927,B,George Acosta,"2022-12-21",28,IN,1,114.89,114.89
8928,A,Nicole Phillips,"2022-12-16",18,US,1,107.54,107.54
8929,B,David Edwards,"2022-04-09",43,GB,1,35.48,35.48
8936,A,Catherine Nguyen,"2021-02-17",58,IN,2,891.7,445.85
8940,A,Raymond Robertson,"2021-06-22",51,BR,3,592.21,197.4
8943,B,Kenneth Ryan MD,"2023-12-28",26,ES,3,43.93,14.64
8946,A,Gabriela Kim,"2022-05-11",46,PL,1,39.9,39.9
8949,B,Kyle Blackwell,"2023-07-31",73,US,1,291.93,291.93
8951,B,Jessica Sims,"2023-02-16",37,FR,1,92.56,92.56
8952,A,Jesse Avila,"2022-02-02",65,GB,2,519.59,259.79
8953,B,Molly Ramirez,"2023-07-08",43,FR,2,768.82,384.41
8955,B,Krystal Rodriguez,"2024-02-13",21,NL,1,631.8,631.8
8960,A,Shannon Miller,"2023-11-26",54,FR,2,425.1,212.55
8964,A,Brett Russell,"2020-10-04",73,BR,1,22.02,22.02
8965,B,Joseph Fuentes,"2025-10-14",67,ES,1,51.86,51.86
8968,A,James Moore,"2022-08-02",66,AU,1,37.22,37.22
8974,A,Bruce Adams,"2023-10-24",52,NL,1,49.91,49.91
8975,B,Julie Thomas,"2024-05-22",43,US,1,188.38,188.38
8976,A,Tina Wood,"2024-09-09",49,GB,1,288.64,288.64
8979,B,Erika Kelly,"2020-06-20",22,NL,1,122.84,122.84
8981,B,Jennifer Rojas,"2025-06-01",70,SG,2,60.12,30.06
8982,A,Carrie Williams,"2020-01-29",68,BR,1,138.49,138.49
8983,B,Daniel Mckee,"2024-03-12",72,US,1,37.65,37.65
8985,B,Regina Hunter,"2022-06-13",74,ES,1,123.6,123.6
8986,A,Jennifer Baker,"2022-05-05",55,US,1,14.55,14.55
8987,B,Peggy Jones,"2025-05-21",43,ES,3,491.98,163.99
8989,B,Veronica Howe,"2021-07-03",20,US,1,39.61,39.61
8994,A,Robert Dickerson,"2022-01-17",61,US,2,354.79,177.39
9003,B,Peter Duffy,"2023-06-26",65,NL,2,57.56,28.78
9007,B,Michael Ashley,"2022-11-02",26,SG,1,46.7,46.7
9008,A,Dakota James,"2023-05-19",72,AU,1,19.7,19.7
9011,B,Maria Burns,"2024-02-20",19,BR,1,13.86,13.86
9015,B,Crystal Steele,"2022-06-07",54,MX,2,700.39,350.19
9017,B,Rachel Barrera,"2023-12-13",35,US,1,18.39,18.39
9018,A,Kathryn Thompson,"2021-01-27",67,US,2,1261.63,630.81
9019,B,Ryan Greene DDS,"2025-07-21",72,AU,2,103.33,51.66
9021,B,Stephanie Brown,"2020-08-26",34,GB,1,165.25,165.25
9024,A,Laura Mathis,"2024-10-26",62,IN,2,462.14,231.07
9028,A,Anthony Mccarty,"2021-06-13",38,DE,1,15.54,15.54
9035,B,Andrew Vega,"2021-04-22",44,BR,1,21.29,21.29
9042,A,Timothy White,"2023-08-12",74,GB,2,46.39,23.2
9044,A,Jacob Sherman,"2025-06-19",51,IN,1,87.31,87.31
9045,B,Michael Garcia,"2022-06-04",19,JP,1,91.6,91.6
9053,B,Bryan Rojas,"2022-02-04",52,DE,1,26.67,26.67
9056,A,Gabrielle Contreras,"2022-03-21",51,NL,2,343.74,171.87
9057,B,Allison Beck,"2020-07-03",18,US,1,33.97,33.97
9060,A,Tiffany Orozco,"2020-03-15",19,AU,1,394.97,394.97
9061,B,Mrs. Alexa Garcia,"2020-05-12",38,ES,2,217.51,108.75
9062,A,John Sosa,"2021-09-05",20,ES,2,335.58,167.79
9063,B,Brian Black,"2023-08-17",59,ES,1,144.15,144.15
9069,B,David Cannon,"2022-01-21",67,DE,1,47.42,47.42
9077,B,Jennifer Olson,"2021-03-08",65,FR,4,406.72,101.68
9082,A,Vanessa Warner,"2020-07-05",40,BR,1,51.54,51.54
9083,B,Lance Campbell,"2020-04-09",29,DE,1,30.12,30.12
9092,A,Stacey Peterson,"2025-04-02",25,GB,1,23.35,23.35
9101,B,Catherine Kane,"2025-08-23",67,US,4,560.83,140.21
9103,B,Adriana Archer,"2023-12-23",31,ES,1,317.36,317.36
9104,A,Scott Johnson,"2024-03-28",39,BR,2,166.34,83.17
9110,A,John Anderson,"2023-11-12",74,SG,1,32.07,32.07
9114,A,David Cox,"2024-04-14",63,FR,1,195.07,195.07
9117,B,Erica Riley,"2022-04-09",69,ES,2,58.73,29.37
9123,B,Caleb Chase PhD,"2023-06-22",45,US,1,42.43,42.43
9126,A,Donna Watson,"2025-06-13",37,NL,1,119.57,119.57
9129,B,Samuel Gibbs,"2022-10-13",51,FR,1,124.56,124.56
9133,B,Kari Tucker,"2021-03-24",18,ES,1,433.31,433.31
9134,A,Brian Ayala,"2020-11-13",20,CA,1,113.58,113.58
9136,A,Elizabeth Atkinson,"2024-04-11",75,MX,1,301.6,301.6
9137,B,Jonathan Rivera,"2021-04-15",44,DE,2,285.43,142.72
9138,A,Rodney Christensen,"2025-10-26",39,IN,1,300.2,300.2
9140,A,Bryce Gonzalez,"2020-10-14",57,FR,2,200.24,100.12
9141,B,Kevin Smith,"2021-12-01",18,US,1,24.08,24.08
9143,B,Nicole Kidd,"2023-11-01",23,US,1,135.91,135.91
9145,B,Craig Rojas,"2021-03-23",36,AE,2,267.24,133.62
9147,B,Douglas Jimenez,"2025-03-12",23,BR,1,61.97,61.97
9156,A,Michelle King,"2024-08-16",54,CA,2,100.17,50.08
9162,A,Kristina Rangel,"2024-07-31",71,AU,1,69.52,69.52
9163,B,Paul Peters,"2020-09-23",53,JP,1,34.33,34.33
9176,A,Theodore Lane,"2023-12-07",33,MX,4,443.19,110.8
9179,B,Edward Lindsey,"2021-05-16",67,GB,3,253.39,84.46
9180,A,Laura Anderson,"2020-12-14",58,US,1,71.89,71.89
9182,A,Colleen Long,"2022-11-17",75,SG,3,174.8,58.27
9183,B,Amanda Roberson,"2024-03-12",45,US,3,432.08,144.03
9184,A,Christopher Lewis,"2022-10-22",58,US,1,49.37,49.37
9191,B,Paul Parker,"2023-07-19",38,IN,1,21.77,21.77
9194,A,Timothy Bernard,"2020-12-10",38,AE,1,32.05,32.05
9195,B,Erik Tran,"2025-08-30",42,BR,1,453.05,453.05
9196,A,Kimberly Alexander,"2024-10-16",24,AU,1,242.04,242.04
9197,B,Donald Krueger,"2024-05-05",55,IN,2,246.85,123.43
9198,A,Joshua Taylor,"2023-03-16",51,ZA,1,35.2,35.2
9199,B,Stephanie Ramirez,"2022-12-03",62,US,2,409.37,204.69
9201,B,Melissa Schneider,"2021-06-14",53,GB,2,293.67,146.83
9204,A,Yvonne Powers,"2020-05-05",57,GB,2,92.77,46.39
9211,B,Brian Austin,"2022-04-15",32,US,1,107.81,107.81
9214,A,Jane Gilbert,"2021-11-01",50,GB,3,769.19,256.4
9216,A,Stephen Hopkins,"2022-08-23",48,CA,1,36.81,36.81
9222,A,Sabrina Webb,"2024-10-11",45,FR,2,163.45,81.72
9223,B,Kristen Hernandez,"2023-10-18",38,CA,1,61.39,61.39
9224,A,Barbara Turner,"2025-02-11",60,US,1,38.7,38.7
9225,B,Scott Wagner,"2021-12-03",22,IN,2,198.47,99.23
9227,B,Scott Brown,"2025-04-02",57,SG,1,244.23,244.23
9230,A,Donald Davis,"2023-08-19",48,US,1,74.32,74.32
9232,A,Manuel King,"2023-07-24",36,IN,1,207.47,207.47
9234,A,Bobby Burns,"2024-04-17",28,BR,3,275.21,91.74
9235,B,Linda Moore,"2025-10-27",20,FR,1,220.35,220.35
9239,B,Michael Drake,"2023-07-05",22,US,1,15.33,15.33
9241,B,Omar Scott,"2024-04-18",18,CA,3,588.43,196.14
9242,A,Richard Robinson,"2023-09-24",63,AE,3,313.12,104.37
9243,B,Shari Hodge,"2020-09-05",73,GB,2,251.81,125.9
9245,B,Ashley Fields,"2023-07-14",72,JP,1,158.17,158.17
9248,A,Gail Jackson,"2023-04-17",67,JP,1,107.54,107.54
9250,A,Toni Johnson,"2025-09-15",36,IN,1,28.89,28.89
9251,B,Edward Kennedy,"2022-03-06",69,IN,2,311.22,155.61
9252,A,Richard Alvarez,"2021-06-26",37,BR,2,314.69,157.35
9253,B,Richard Cooke,"2020-12-27",31,SG,1,23.75,23.75
9257,B,Angela Alvarado,"2024-05-09",68,MX,1,115.39,115.39
9264,A,Thomas Burgess,"2024-09-01",56,FR,1,339.46,339.46
9265,B,Walter Gutierrez,"2020-07-25",53,FR,2,142.07,71.03
9268,A,Gabriel Cantrell,"2024-12-30",31,US,2,130.48,65.24
9269,B,Adrian Watson,"2022-06-29",74,IN,1,51.52,51.52
9276,A,Patrick Lawson,"2023-07-31",71,US,1,213.99,213.99
9285,B,Mr. Seth Bailey,"2022-01-14",43,BR,1,103.26,103.26
9289,B,Daniel Johnson,"2023-04-03",60,DE,1,58.26,58.26
9290,A,Tina Walker,"2023-07-25",50,GB,2,135.36,67.68
9292,A,Leslie Walter,"2025-08-29",57,GB,2,296.02,148.01
9294,A,Matthew Reed,"2023-03-07",55,BR,1,132.74,132.74
9298,A,Glen Silva,"2020-02-09",43,CA,1,27.11,27.11
9300,A,Christina Smith,"2024-01-30",43,CA,2,436.46,218.23
9310,A,Emily King,"2022-07-07",40,ZA,2,53.75,26.88
9312,A,Audrey Woods,"2025-04-02",70,ES,2,142.89,71.44
9325,B,Carol Wheeler,"2024-06-16",57,JP,1,18.9,18.9
9334,A,Denise Booker,"2022-09-02",72,US,1,177.66,177.66
9335,B,Terri Strong,"2025-07-29",58,AE,4,898.52,224.63
9337,B,Brady Harper,"2025-10-05",66,ZA,3,502.61,167.54
9338,A,Heather Soto,"2025-02-14",35,SG,2,160.01,80.01
9340,A,Joseph Key,"2024-05-19",70,BR,4,174.63,43.66
9343,B,Randy Schroeder,"2023-08-03",72,IN,2,53.92,26.96
9344,A,Mark Glover,"2021-11-24",36,US,2,225.78,112.89
9347,B,Rebecca Edwards,"2023-03-11",63,GB,1,71.9,71.9
9348,A,Brian Hamilton,"2025-07-23",70,US,4,344.5,86.12
9350,A,Rachael Leblanc,"2024-04-25",31,ES,1,142.7,142.7
9352,A,Nicholas Smith,"2020-01-23",46,ES,1,29.17,29.17
9354,A,Brandon Moon,"2023-05-18",31,PL,1,13.9,13.9
9355,B,Laura Johnson,"2024-09-24",37,US,1,58.24,58.24
9358,A,Erin Smith,"2025-10-16",45,JP,2,187.79,93.9
9360,A,Deborah Martinez,"2021-11-21",56,US,4,150.03,37.51
9361,B,Pamela Becker MD,"2022-04-18",54,JP,1,183.2,183.2
9367,B,Mark Green,"2025-04-26",25,MX,2,239.01,119.5
9369,B,Matthew Lane,"2025-10-29",25,IN,1,239.33,239.33
9371,B,Tina Ward,"2022-06-12",39,US,2,277.24,138.62
9374,A,Leslie Crawford,"2024-04-27",42,US,1,86.46,86.46
9381,B,Amy Castaneda,"2025-03-31",44,GB,3,355.06,118.35
9383,B,Elaine Jackson,"2021-09-08",33,BR,1,128.56,128.56
9387,B,Sonya Williams,"2024-10-04",24,BR,1,83.56,83.56
9388,A,Patrick Santana,"2025-01-17",43,SG,1,65.07,65.07
9390,A,Melanie Padilla,"2023-05-03",73,FR,1,71.79,71.79
9391,B,Joseph Kramer,"2024-03-15",72,SG,2,270.51,135.26
9392,A,Denise Dawson,"2024-07-13",72,US,2,59.39,29.69
9394,A,Nicole Hurley,"2020-12-17",38,GB,1,138.25,138.25
9398,A,Sherry Keller,"2023-08-12",34,GB,1,390.6,390.6
9399,B,Jermaine Horton,"2022-11-23",35,PL,1,199.35,199.35
9406,A,Rebecca Marshall,"2020-07-06",48,US,1,161.75,161.75
9411,B,Levi Lewis,"2025-02-23",25,US,4,389.7,97.43
9413,B,Austin Franco,"2022-09-27",32,ZA,1,637.25,637.25
9414,A,Kimberly Taylor,"2025-03-21",59,CA,1,78.78,78.78
9415,B,Kelly Montgomery,"2023-11-02",74,DE,2,271.59,135.8
9416,A,Blake Medina,"2021-12-19",18,FR,2,89.2,44.6
9420,A,Gregory Powell,"2023-10-25",27,SG,1,81.67,81.67
9421,B,Jordan Anderson,"2025-04-12",70,US,1,206.96,206.96
9422,A,Lawrence Miller,"2020-06-30",72,GB,1,56.84,56.84
9423,B,Jacqueline Bell,"2022-02-20",36,GB,1,623.72,623.72
9426,A,Jason Holmes,"2021-01-08",28,US,1,25.02,25.02
9431,B,Jessica King,"2023-06-07",40,GB,1,67.48,67.48
9433,B,Desiree Beck,"2022-03-26",32,FR,1,50.14,50.14
9437,B,Timothy David,"2022-03-02",41,FR,2,27.18,13.59
9439,B,Sandra Evans,"2025-01-04",66,IN,1,39.09,39.09
9440,A,Brian Anderson,"2022-08-26",22,SE,1,124.65,124.65
9441,B,Mackenzie Griffin,"2023-10-13",56,NL,1,49.67,49.67
9446,A,Javier Webb,"2022-12-04",65,MX,2,255.45,127.72
9448,A,Daniel Young,"2022-02-09",57,US,2,139.96,69.98
9450,A,Benjamin Salazar MD,"2020-12-23",63,IN,1,491.56,491.56
9465,B,Victor Davis,"2022-08-08",21,JP,1,19.35,19.35
9469,B,Brent Davis,"2021-10-05",29,MX,1,142.62,142.62
9472,A,Nicole Woods,"2025-03-03",61,CA,1,40.82,40.82
9474,A,Richard Hudson,"2023-04-21",63,US,1,101.79,101.79
9475,B,Dr. Connie Clark,"2022-10-27",68,AU,1,145.72,145.72
9476,A,Sandra Jenkins,"2020-09-12",68,IN,1,109.76,109.76
9482,A,Samuel Gallegos,"2024-10-24",32,BR,1,44.95,44.95
9489,B,Jennifer Nash,"2022-02-14",34,GB,1,258.71,258.71
9491,B,Robin Harvey,"2021-10-11",29,FR,1,13.92,13.92
9492,A,Cheryl Nixon,"2023-06-18",20,NL,1,401.32,401.32
9493,B,Jackie Williams,"2020-10-07",75,FR,1,721.12,721.12
9494,A,Alexandra Myers,"2020-04-26",38,MX,1,634.88,634.88
9498,A,Bryan Bonilla,"2025-03-22",47,AE,1,12.94,12.94
9501,B,Brandon Walters,"2021-04-21",63,MX,1,276.36,276.36
9504,A,Heather Price,"2024-11-06",37,US,1,135.14,135.14
9505,B,Mary Spencer,"2020-06-11",55,BR,2,534.97,267.48
9510,A,Rose Ruiz,"2023-02-08",33,SE,2,666.84,333.42
9512,A,Katherine Francis,"2025-07-31",36,GB,1,83.26,83.26
9515,B,Erica Rivera,"2025-05-29",51,PL,3,759.5,253.17
9521,B,Zachary Brown,"2021-01-30",66,NL,1,23.11,23.11
9522,A,Lori Holland,"2025-03-30",18,FR,1,66.31,66.31
9524,A,Allen Watson,"2024-06-25",21,DE,1,69.83,69.83
9532,A,James Santana,"2024-02-17",34,US,1,14.6,14.6
9535,B,Paige Williams,"2024-10-14",18,US,1,79.96,79.96
9536,A,Barbara Benson,"2025-05-14",62,IN,1,32.98,32.98
9539,B,Dennis Gardner,"2024-09-08",26,FR,3,437.45,145.82
9541,B,Susan Berg,"2024-02-06",38,AU,3,577.86,192.62
9542,A,Katrina Frazier,"2020-11-17",61,ZA,2,804.92,402.46
9549,B,Christine Rivera,"2020-09-27",65,JP,1,102.58,102.58
9550,A,Jaclyn Rodriguez,"2023-11-24",48,AU,2,141.41,70.7
9552,A,David Martinez,"2022-02-24",46,MX,2,48.85,24.43
9557,B,Jesus Phillips,"2025-01-25",20,JP,1,103.26,103.26
9558,A,Monica Wright,"2020-08-23",45,MX,2,142.87,71.43
9560,A,Nicholas Neal,"2024-06-01",75,US,1,94.81,94.81
9561,B,Jason Valdez,"2025-02-17",75,ES,1,49.82,49.82
9562,A,Shawn Ramirez,"2020-05-05",43,FR,1,83.26,83.26
9565,B,Daniel Marsh,"2020-03-29",72,IN,1,358.71,358.71
9567,B,Jeanette Roberts,"2023-01-31",20,US,2,170.3,85.15
9572,A,Kimberly Hansen,"2025-06-14",26,US,1,108.13,108.13
9573,B,Katherine Lee,"2023-07-17",30,ZA,5,1978.0,395.6
9584,A,Benjamin Coleman,"2024-10-23",23,FR,1,14.42,14.42
9586,A,Brian Gray,"2024-10-05",36,US,1,75.09,75.09
9588,A,Lydia Patterson MD,"2021-04-29",26,ES,2,280.48,140.24
9589,B,Miss Kendra Vega DVM,"2021-06-06",51,ES,5,342.25,68.45
9590,A,Anthony Brown,"2024-10-18",65,FR,2,157.64,78.82
9596,A,Colleen Davis,"2023-02-01",57,US,2,254.88,127.44
9600,A,Kaitlyn Saunders,"2021-04-14",68,BR,2,634.41,317.21
9601,B,Katie Smith,"2022-07-27",24,AE,3,315.7,105.23
9605,B,Wendy Boone,"2020-03-28",25,FR,1,94.25,94.25
9607,B,Kenneth Benton,"2020-10-06",40,AU,1,262.25,262.25
9623,B,Stephanie Adkins,"2020-07-31",72,IN,4,571.98,142.99
9624,A,Mark Mullins,"2022-11-15",48,DE,1,520.12,520.12
9632,A,William Shaw,"2024-10-15",56,AU,1,415.43,415.43
9637,B,Tricia Brown,"2024-01-30",36,AU,1,47.06,47.06
9641,B,Michael Weiss,"2022-12-20",55,SE,1,176.99,176.99
9646,A,Ryan Hanson,"2021-03-28",32,CA,4,636.79,159.2
9651,B,Jason Robbins,"2021-08-16",30,MX,2,221.56,110.78
9652,A,Linda Jones,"2022-07-30",33,DE,2,51.59,25.8
9659,B,David Carey,"2024-04-17",55,AU,1,35.69,35.69
9663,B,Barbara Johnson,"2023-04-08",67,US,1,277.26,277.26
9665,B,Stacy Hicks,"2023-11-19",18,SG,1,73.02,73.02
9666,A,Cheryl Lester,"2020-04-12",69,JP,1,38.32,38.32
9671,B,Blake Booker,"2024-04-15",51,IN,1,66.22,66.22
9675,B,Laura Morton,"2022-10-05",26,FR,2,1080.72,540.36
9677,B,Melissa Miller,"2024-11-05",18,SG,1,30.96,30.96
9678,A,Ryan Hart,"2022-06-12",31,IN,1,55.9,55.9
9679,B,Scott Golden,"2024-05-01",48,GB,2,70.04,35.02
9683,B,Daniel Arnold,"2024-05-24",27,NL,1,576.3,576.3
9688,A,Herbert Herrera,"2020-10-12",43,ES,1,65.59,65.59
9690,A,Alfred Jackson,"2020-11-03",28,AE,1,28.57,28.57
9691,B,Richard Carpenter,"2021-01-06",46,BR,2,121.96,60.98
9694,A,Andrew Torres,"2021-09-09",49,US,2,164.91,82.45
9700,A,Evelyn Hawkins DDS,"2023-10-04",56,SE,1,40.17,40.17
9701,B,Chelsea Carr,"2021-11-04",68,SG,1,315.13,315.13
9705,B,Timothy Kramer,"2020-05-17",62,CA,1,111.27,111.27
9710,A,James Clark,"2021-06-14",53,SE,1,51.96,51.96
9713,B,Mark Cochran,"2021-05-24",66,US,4,315.54,78.89
9716,A,Olivia Johnson,"2023-08-19",60,SG,1,32.18,32.18
9718,A,Whitney Holloway,"2020-04-04",50,US,2,1046.81,523.41
9719,B,Nicole Smith,"2024-06-28",26,BR,2,274.9,137.45
9728,A,Christopher Franco,"2025-03-15",35,GB,1,23.4,23.4
9732,A,Jennifer Anderson,"2025-10-28",29,MX,1,95.18,95.18
9734,A,Joshua Stone,"2025-08-27",51,US,1,232.79,232.79
9735,B,Thomas Williams,"2024-02-24",35,MX,1,1319.88,1319.88
9737,B,Mary Jones,"2022-01-13",68,US,2,172.17,86.09
9742,A,Patrick Montgomery,"2022-04-16",68,US,2,381.83,190.92
9745,B,Kathleen Wood,"2025-05-13",31,DE,4,355.26,88.81
9746,A,Rebecca Moore,"2022-11-20",74,FR,1,151.84,151.84
9748,A,Heather Miller,"2021-12-06",41,GB,2,275.0,137.5
9749,B,Patrick Maynard,"2022-09-26",71,GB,1,456.0,456.0
9751,B,Connie Moore,"2024-06-19",53,NL,2,589.45,294.73
9757,B,Evan Rice,"2025-10-30",71,IN,2,147.15,73.57
9759,B,Beth Stone,"2021-09-09",44,IN,1,238.78,238.78
9766,A,Claire Lopez,"2022-09-18",26,MX,2,389.77,194.88
9778,A,Amanda Crawford,"2020-09-06",50,NL,2,339.92,169.96
9780,A,Wendy Allen,"2025-02-02",55,PL,2,288.27,144.14
9782,A,Parker Crawford,"2023-02-05",51,NL,4,479.67,119.92
9785,B,Shannon Snow,"2023-07-22",58,SG,2,196.65,98.33
9790,A,Christopher Huff,"2023-12-18",72,BR,2,94.23,47.11
9793,B,Paul Robinson,"2021-03-13",37,MX,1,21.1,21.1
9795,B,Haley Jackson,"2021-11-10",36,FR,2,468.93,234.47
9799,B,Johnny Rogers,"2024-09-15",50,US,1,57.49,57.49
9804,A,Amanda Rowland,"2022-11-19",53,DE,2,314.73,157.36
9806,A,Richard Brown,"2024-06-23",39,US,1,76.28,76.28
9810,A,Parker Williams,"2020-12-29",57,IN,1,213.04,213.04
9815,B,Mary Burns,"2020-11-11",28,DE,4,132.2,33.05
9817,B,Amber Allen,"2022-03-04",22,AU,2,937.14,468.57
9818,A,Donna Hughes,"2021-10-20",68,DE,1,122.25,122.25
9819,B,Daniel Martin,"2023-06-16",48,MX,1,82.29,82.29
9821,B,Paul Garcia DDS,"2023-08-06",53,US,1,87.39,87.39
9826,A,Jeffrey Smith,"2024-04-23",26,US,1,310.22,310.22
9829,B,Jessica Morrow,"2024-12-31",62,BR,1,131.89,131.89
9835,B,Steven Wilkinson,"2023-12-24",71,US,1,34.29,34.29
9836,A,Colleen Ingram,"2022-01-11",21,IN,2,299.18,149.59
9838,A,Randall Proctor,"2022-01-13",20,CA,2,315.34,157.67
9839,B,Gina Davis,"2021-07-16",51,MX,2,498.92,249.46
9840,A,Lucas Kirby,"2020-11-04",62,US,1,32.23,32.23
9841,B,Michael Johnson,"2023-05-04",48,ES,1,46.4,46.4
9844,A,Adam Chaney,"2020-07-10",42,CA,2,629.74,314.87
9848,A,Debbie Espinoza,"2022-12-14",30,US,2,581.17,290.58
9852,A,Brian Foley MD,"2021-07-01",75,US,2,95.26,47.63
9854,A,Michael Davis,"2023-07-18",23,BR,1,81.87,81.87
9856,A,Heather Russo,"2020-03-21",29,US,3,61.33,20.44
9859,B,Scott Harding,"2023-04-20",47,DE,1,323.34,323.34
9864,A,Brendan Cabrera,"2021-05-01",25,MX,2,257.16,128.58
9865,B,Mr. Timothy Stephenson,"2024-01-16",55,IN,1,143.84,143.84
9867,B,Carlos Harrison,"2022-10-03",69,IN,1,121.59,121.59
9874,A,Michael Anderson,"2024-08-13",60,ZA,1,135.14,135.14
9878,A,Shane Smith,"2024-06-30",72,NL,1,55.64,55.64
9879,B,Antonio Schultz,"2024-01-25",46,DE,2,312.46,156.23
9880,A,Kimberly Levy,"2024-09-25",43,JP,1,10.97,10.97
9884,A,Karen Le,"2025-05-30",41,ZA,1,111.26,111.26
9895,B,Emily Vang,"2021-07-25",46,JP,2,149.58,74.79
9896,A,Charles Morris,"2023-01-31",75,GB,2,80.7,40.35
9908,A,Diana Knight,"2025-01-25",66,US,2,483.99,242.0
9909,B,Chelsea Reyes,"2025-05-04",18,BR,1,90.91,90.91
9910,A,Melissa Hart,"2025-06-10",72,MX,1,103.68,103.68
9913,B,Christopher Curtis,"2025-07-24",18,AU,1,249.35,249.35
9914,A,Pamela Taylor,"2022-02-21",34,BR,1,28.84,28.84
9916,A,Deborah Moore,"2024-08-31",72,GB,1,195.1,195.1
9922,A,Cindy Phillips,"2024-06-07",67,FR,2,544.89,272.44
9923,B,Zachary Moody,"2024-08-14",20,GB,2,210.94,105.47
9930,A,James Stokes,"2025-07-29",33,BR,1,105.35,105.35
9933,B,Mark Cruz,"2020-11-23",59,ES,2,249.11,124.55
9938,A,Debra Wilson,"2020-04-06",40,US,2,484.36,242.18
9940,A,Shane Church,"2025-10-04",62,NL,1,40.73,40.73
9941,B,Joseph Collins,"2020-08-10",42,BR,2,311.88,155.94
9946,A,Raven Smith,"2023-01-05",52,GB,3,344.96,114.99
9949,B,Carla Pierce,"2023-04-11",27,JP,3,345.37,115.12
9953,B,Kathryn Carlson,"2022-07-11",70,ES,2,97.74,48.87
9956,A,Daniel Robinson,"2023-10-01",56,US,1,33.97,33.97
9959,B,Katie Castro,"2020-05-07",27,BR,3,539.62,179.87
9963,B,Andres Martinez,"2024-02-26",52,MX,3,782.89,260.96
9966,A,Kathleen Lopez,"2024-01-04",36,BR,1,63.25,63.25
9978,A,Tracy Taylor,"2023-08-29",50,US,1,69.77,69.77
9980,A,Justin Ellis,"2024-10-16",37,SE,1,53.94,53.94
9987,B,Melinda Mcguire,"2020-10-03",72,DE,1,147.14,147.14
9988,A,Joseph Schneider,"2021-04-10",58,NL,1,193.0,193.0
9989,B,Jimmy Reeves,"2021-05-04",69,DE,2,149.65,74.83
9990,A,Aaron Davis,"2024-05-11",49,FR,2,292.68,146.34
10000,A,Stacy Klein,"2022-04-19",68,CA,1,150.46,150.46
10004,A,Gary Black,"2021-12-15",55,JP,1,33.36,33.36
10006,A,Amy Phillips,"2021-01-09",55,AU,1,71.95,71.95
10017,B,Christopher Brown,"2025-07-13",71,SG,3,115.42,38.47
10021,B,Maureen Soto,"2025-06-27",54,US,1,18.25,18.25
10023,B,Antonio Hamilton,"2020-02-22",34,AU,2,96.96,48.48
10031,B,Daniel Lee,"2025-03-13",62,SE,1,212.13,212.13
10032,A,Robin Kim,"2024-08-26",48,NL,3,171.01,57.0
10036,A,Robert Lambert,"2021-07-09",35,MX,1,79.76,79.76
10037,B,James Rojas,"2022-05-14",26,IN,1,80.09,80.09
10042,A,Heather Lewis,"2023-11-15",60,DE,2,680.25,340.13
10043,B,Charles Ross,"2020-01-22",74,AU,2,1083.73,541.86
10045,B,Courtney Pace,"2022-11-11",69,BR,2,539.1,269.55
10047,B,Daniel Cruz,"2025-07-13",23,BR,1,17.19,17.19
10048,A,Erica Valdez,"2020-01-04",59,US,1,361.44,361.44
10057,B,Randy Santana,"2020-08-02",41,AE,2,324.22,162.11
10059,B,Carrie Stanton,"2020-01-06",18,GB,1,302.89,302.89
10061,B,Stephen Cox,"2020-09-13",75,JP,1,405.54,405.54
10065,B,Kristina Johnson,"2022-01-22",30,SG,3,89.37,29.79
10067,B,Melissa Larsen,"2022-12-25",59,JP,1,23.23,23.23
10068,A,Cassandra Butler,"2022-02-08",19,ES,1,30.71,30.71
10070,A,Natasha Vega,"2022-02-10",39,MX,2,635.84,317.92
10078,A,Andrew Roach,"2025-04-12",37,CA,1,38.71,38.71
10093,B,Molly Patel,"2021-10-10",48,PL,2,258.59,129.29
10095,B,Christopher Johnson,"2022-01-07",46,JP,4,190.47,47.62
10096,A,Sheila Day,"2020-02-20",53,DE,1,60.64,60.64
10097,B,Cindy Turner,"2020-06-02",59,US,1,44.2,44.2
10101,B,Ryan Chung,"2025-02-12",75,SG,1,112.0,112.0
10104,A,Lauren Clark,"2021-04-11",70,FR,3,397.31,132.44
10107,B,Thomas Mitchell,"2025-07-19",31,DE,1,36.96,36.96
10111,B,Dr. Sandra Diaz,"2023-12-13",47,AU,2,221.61,110.81
10119,B,Kenneth Crawford,"2021-12-05",75,MX,2,171.07,85.54
10121,B,Dr. Kevin Dunn MD,"2022-04-12",31,AU,1,104.89,104.89
10134,A,Andrea Phillips,"2022-06-20",61,US,2,64.18,32.09
10137,B,Jesse Vega,"2024-01-16",71,IN,1,115.83,115.83
10139,B,April Rivera,"2021-04-17",54,AU,5,904.31,180.86
10141,B,Cory Norton PhD,"2024-01-03",48,FR,1,179.84,179.84
10145,B,Travis Davis,"2020-12-07",40,SE,1,333.37,333.37
10146,A,Tina Ford,"2021-06-10",73,ES,1,24.95,24.95
10149,B,Scott Elliott,"2022-12-14",26,JP,2,221.61,110.81
10152,A,Louis Baker,"2024-04-05",48,US,1,387.14,387.14
10153,B,Kimberly Thomas,"2025-06-19",46,US,2,222.93,111.47
10154,A,Gary Watson MD,"2022-09-25",55,US,2,272.62,136.31
10155,B,Phillip Thomas,"2021-12-03",70,FR,2,151.33,75.66
10156,A,Charlotte Mccoy,"2021-12-20",71,JP,4,463.52,115.88
10158,A,Tammy Smith,"2021-05-19",55,CA,1,79.46,79.46
10160,A,Emily Mclean,"2020-01-17",52,AU,1,86.73,86.73
10161,B,Michelle Adams,"2020-01-10",62,SE,1,55.02,55.02
10165,B,James Rosario,"2022-12-26",38,JP,1,29.83,29.83
10166,A,Jamie Nash,"2023-10-08",45,US,1,19.46,19.46
10172,A,Alexis Wilson,"2021-09-18",66,FR,3,232.48,77.49
10173,B,Jasmine Carter,"2021-10-15",28,US,4,450.42,112.6
10174,A,Bobby Holloway,"2025-06-03",74,FR,1,70.59,70.59
10175,B,Gary Benjamin,"2025-10-12",70,GB,1,21.51,21.51
10176,A,Christopher Vang Jr.,"2020-06-04",73,SE,1,34.54,34.54
10184,A,Judy Jones,"2025-08-07",18,ES,1,126.68,126.68
10188,A,Michele Hill,"2021-11-01",38,FR,1,66.6,66.6
10191,B,Nancy Roberts,"2020-08-02",40,SG,2,226.84,113.42
10195,B,Olivia Hall,"2020-07-07",47,FR,1,92.22,92.22
10204,A,Erik Cardenas,"2025-07-24",38,BR,1,22.96,22.96
10208,A,Robert Werner,"2023-07-22",28,BR,1,12.68,12.68
10210,A,Kenneth Weber,"2025-03-14",40,MX,1,98.21,98.21
10212,A,Chad Riley,"2022-10-22",24,MX,1,78.93,78.93
10213,B,Tina Stokes,"2025-06-01",26,US,2,235.22,117.61
10214,A,Richard Chan,"2021-03-29",41,GB,1,57.2,57.2
10215,B,Jeffrey Perry,"2024-04-11",22,ES,2,272.63,136.31
10218,A,Jennifer Krueger,"2020-01-10",64,NL,2,67.27,33.64
10221,B,Darrell Graham,"2024-04-16",21,ES,1,91.99,91.99
10226,A,Sarah Jennings,"2024-06-05",42,CA,1,58.82,58.82
10232,A,Sean Jackson,"2020-02-11",20,MX,1,29.61,29.61
10234,A,David Washington,"2025-08-25",60,US,4,131.61,32.9
10237,B,Brian Brown,"2025-06-17",26,IN,1,164.45,164.45
10240,A,Alexandra Osborne,"2023-07-23",41,NL,2,224.58,112.29
10245,B,Andrea Anderson,"2023-12-17",56,IN,2,511.01,255.51
10248,A,Lauren Rodriguez,"2025-09-09",52,GB,1,304.83,304.83
10252,A,Raymond Alvarado,"2021-12-23",45,ES,1,72.94,72.94
10254,A,Arthur Young,"2022-07-31",28,IN,2,66.31,33.15
10258,A,Justin Stone,"2023-04-28",31,US,4,103.48,25.87
10266,A,Lawrence Johnson MD,"2025-09-16",33,ES,2,1994.32,997.16
10268,A,Gina Buchanan,"2024-04-24",70,GB,1,150.59,150.59
10271,B,William Tapia,"2025-10-02",69,FR,2,284.64,142.32
10272,A,Kendra Gutierrez,"2022-07-10",38,ES,1,139.32,139.32
10274,A,Steven Hale,"2025-04-30",62,PL,2,280.43,140.21
10284,A,Stephen Hale,"2022-09-28",68,IN,1,114.53,114.53
10285,B,Nicole Mack,"2023-07-13",23,IN,1,90.83,90.83
10287,B,Theodore Vazquez,"2022-12-28",56,NL,1,47.0,47.0
10288,A,Samuel Kemp,"2022-12-15",31,BR,1,27.51,27.51
10294,A,Brian Williams,"2024-03-09",46,GB,3,381.81,127.27
10311,B,Patrick Clark,"2022-05-17",68,US,1,98.12,98.12
10314,A,Benjamin Carson,"2020-01-26",33,GB,1,108.81,108.81
10320,A,Jose Mcconnell,"2020-08-23",59,AU,1,119.14,119.14
10333,B,Nathan Burke,"2021-08-31",70,CA,3,287.4,95.8
10334,A,Jamie Berry,"2021-09-22",33,GB,1,393.84,393.84
10338,A,Daniel Choi,"2022-07-21",72,US,1,39.58,39.58
10342,A,David Mckay,"2020-09-05",75,IN,2,1773.07,886.53
10346,A,Brenda Wise,"2021-07-31",25,US,1,63.69,63.69
10355,B,Ana Zimmerman,"2025-10-01",18,NL,1,206.8,206.8
10358,A,Kenneth James,"2020-04-07",66,AU,1,140.78,140.78
10359,B,Keith Morgan,"2023-10-30",21,NL,2,692.36,346.18
10360,A,Katie Marshall,"2020-03-27",37,US,2,100.24,50.12
10362,A,Steven Smith,"2025-03-18",61,GB,2,203.36,101.68
10365,B,Michelle Rodriguez,"2022-12-04",72,SE,1,308.08,308.08
10379,B,Andrew Hawkins,"2023-05-03",68,SG,1,53.61,53.61
10380,A,Yolanda Jones,"2023-11-16",42,ES,1,225.15,225.15
10386,A,Jennifer Alvarez,"2022-08-02",60,GB,1,91.96,91.96
10395,B,Lisa Reyes,"2025-01-04",30,AU,1,22.16,22.16
10396,A,Jason Andrews,"2025-08-24",68,NL,1,37.18,37.18
10397,B,Victoria Mcgrath,"2021-01-20",63,IN,2,104.75,52.38
10401,B,Seth Wiggins,"2020-06-15",22,SG,3,548.13,182.71
10404,A,William Quinn,"2022-09-22",28,US,1,25.53,25.53
10406,A,Adam Sanders,"2024-10-22",46,MX,3,304.73,101.58
10407,B,Sheena Johnson,"2020-04-28",65,US,2,205.27,102.64
10409,B,Matthew Day,"2020-09-15",56,PL,2,339.12,169.56
10410,A,Mary Goodwin,"2022-11-20",27,FR,1,92.32,92.32
10412,A,Michael Hart,"2020-04-16",36,SG,2,70.49,35.24
10413,B,Blake Chambers,"2020-07-17",24,GB,1,42.62,42.62
10414,A,Natasha Velasquez,"2023-09-08",74,US,2,342.18,171.09
10423,B,Edward Reed,"2024-01-10",26,US,1,197.84,197.84
10430,A,Paul Burton,"2022-12-19",50,SE,2,67.89,33.95
10432,A,Audrey Ortiz,"2021-07-04",45,DE,1,187.06,187.06
10433,B,Ann Zavala,"2023-08-29",47,SE,1,27.15,27.15
10439,B,James Cruz,"2022-12-16",73,DE,1,12.73,12.73
10448,A,Craig Haas,"2022-07-27",41,FR,4,178.93,44.73
10449,B,Benjamin Wiley,"2024-08-23",58,NL,2,272.16,136.08
10451,B,Michelle Taylor,"2025-10-13",27,JP,1,87.59,87.59
10453,B,Heather Cook,"2025-09-07",63,US,1,11.92,11.92
10454,A,Mrs. Donna Peterson,"2022-03-18",49,FR,1,28.04,28.04
10457,B,Regina Weaver,"2023-03-06",47,ES,2,120.26,60.13
10461,B,Terry Ward,"2022-08-14",23,CA,1,37.51,37.51
10463,B,Lindsey Shaw,"2023-01-11",68,ES,2,1151.25,575.62
10472,A,Nicholas Davis,"2023-12-09",31,NL,1,65.7,65.7
10473,B,Michelle Goodwin,"2020-09-12",35,GB,1,35.56,35.56
10475,B,Julie Lindsey,"2020-01-14",31,US,2,186.98,93.49
10478,A,Melissa Davis,"2021-09-05",35,AE,1,34.18,34.18
10484,A,Scott Lopez,"2020-11-23",38,SG,2,281.13,140.56
10487,B,Jacob Lee,"2024-07-18",30,AE,1,454.41,454.41
10491,B,George Boyd,"2024-04-09",35,GB,3,281.25,93.75
10493,B,Devon Brown,"2021-08-05",21,AU,4,848.27,212.07
10498,A,Marc Duran,"2025-04-13",39,DE,1,145.18,145.18
10501,B,Brian Baker,"2020-04-11",74,BR,2,82.6,41.3
10505,B,Joshua Mejia,"2020-05-16",64,ES,1,298.63,298.63
10511,B,Diane Klein,"2023-06-20",38,AU,1,144.95,144.95
10518,A,Jonathan Pace,"2023-10-16",63,PL,1,132.39,132.39
10522,A,Elizabeth Ramos,"2020-05-28",33,ES,3,152.88,50.96
10524,A,Nicholas Nixon,"2021-02-08",66,US,1,16.73,16.73
10526,A,Mr. James Shannon,"2023-01-11",67,US,1,24.91,24.91
10528,A,Samantha Strong,"2020-08-16",63,AU,1,95.0,95.0
10534,A,Leah Goodman,"2020-07-20",49,US,1,69.66,69.66
10537,B,Cynthia Bell,"2020-03-04",41,JP,3,466.19,155.4
10542,A,Debra Martinez,"2024-09-19",75,US,1,82.22,82.22
10544,A,Molly Rivera,"2020-02-19",69,IN,3,333.69,111.23
10545,B,Carrie Hunt,"2021-01-06",32,FR,4,191.53,47.88
10547,B,James Blankenship,"2022-11-29",71,AE,3,471.48,157.16
10549,B,Stanley Walsh,"2022-10-03",44,SE,2,501.88,250.94
10561,B,Jasmine Alexander,"2023-08-16",26,FR,3,220.59,73.53
10566,A,Karen George,"2022-06-04",68,DE,1,65.67,65.67
10570,A,Suzanne Cobb,"2024-05-25",18,DE,2,119.76,59.88
10573,B,Michael Mathews,"2025-05-01",74,GB,1,71.9,71.9
10576,A,Erik Conley,"2024-09-26",20,ES,1,19.95,19.95
10581,B,Brandon Anderson,"2022-06-20",30,NL,1,87.18,87.18
10582,A,Christine Greene,"2024-01-12",52,US,1,183.06,183.06
10583,B,Rebecca Gomez,"2025-09-29",49,NL,1,344.3,344.3
10586,A,Alison Curtis,"2020-11-07",68,US,1,76.66,76.66
10590,A,Rachael Wu,"2022-04-21",68,AU,2,217.56,108.78
10592,A,Nathan Brown MD,"2020-01-10",21,GB,1,112.23,112.23
10593,B,Jenna Holland,"2025-05-23",21,US,2,182.94,91.47
10601,B,Eric Curry,"2023-07-05",21,SE,2,76.0,38.0
10602,A,Michele Hill,"2020-11-25",19,MX,1,53.19,53.19
10603,B,Jeremiah Thomas,"2022-08-30",23,US,2,65.85,32.92
10605,B,Adam Norman,"2020-10-08",24,SE,2,295.88,147.94
10620,A,Michelle Martinez,"2023-10-23",66,GB,2,233.54,116.77
10623,B,Ronald Rivas,"2020-10-23",60,SG,2,105.38,52.69
10629,B,Pamela Martin,"2020-04-19",40,US,1,127.26,127.26
10631,B,Christine Reese,"2020-12-25",24,US,1,568.36,568.36
10632,A,Michael Reynolds,"2025-07-04",46,BR,1,64.43,64.43
10637,B,Ryan Paul Jr.,"2023-01-01",57,BR,1,37.74,37.74
10643,B,Dorothy Green,"2024-11-30",67,US,1,202.52,202.52
10645,B,Fernando Davis,"2025-09-23",28,IN,1,18.39,18.39
10646,A,Paige Hernandez,"2021-10-24",60,FR,3,119.51,39.84
10647,B,Nicole Murphy,"2024-03-30",52,GB,2,50.88,25.44
10652,A,Kelly Huff,"2025-08-21",21,IN,1,153.6,153.6
10655,B,Holly Adams,"2022-02-04",72,GB,1,156.53,156.53
10656,A,Kelly Martin,"2024-11-11",59,IN,3,338.07,112.69
10664,A,Karen Moon,"2020-01-26",28,NL,1,14.6,14.6
10665,B,Thomas Church,"2025-05-31",30,US,3,560.29,186.76
10669,B,Marcus Arellano,"2020-12-17",73,PL,1,11.46,11.46
10671,B,James Stewart,"2025-09-03",39,SE,3,215.91,71.97
10674,A,Michael Barnes,"2022-01-27",50,MX,1,216.61,216.61
10675,B,Kyle Garza,"2023-06-07",56,MX,2,112.89,56.45
10676,A,Karla Everett,"2021-04-16",47,ES,1,475.22,475.22
10681,B,Kristina Woodard,"2023-04-04",74,JP,4,334.44,83.61
10683,B,Samantha Padilla,"2024-07-29",45,MX,2,137.67,68.84
10689,B,Taylor Rodriguez,"2025-01-19",28,FR,2,647.89,323.94
10691,B,Norma Lopez,"2021-07-15",59,BR,2,471.37,235.69
10694,A,Amanda White,"2022-04-12",30,US,2,233.02,116.51
10698,A,Cynthia Mcclure,"2023-03-26",64,CA,1,184.93,184.93
10699,B,Natalie Cohen,"2022-01-31",52,BR,2,239.02,119.51
10700,A,Debra Rodriguez,"2021-06-15",65,US,1,37.65,37.65
10716,A,Briana Powell,"2023-05-20",58,ES,1,60.04,60.04
10718,A,Jessica Freeman,"2022-01-14",36,US,2,130.24,65.12
10720,A,Brent Dunn,"2023-01-19",31,US,1,13.67,13.67
10726,A,Kent Mueller,"2022-04-17",38,IN,1,77.42,77.42
10728,A,Benjamin Cook,"2025-02-07",30,AU,1,346.74,346.74
10737,B,Sarah Fleming,"2020-09-30",34,NL,1,84.22,84.22
10741,B,Bryan Zavala,"2022-10-19",70,US,1,90.22,90.22
10744,A,Donna Davis,"2021-09-10",37,US,2,25.32,12.66
10745,B,Willie Browning,"2021-08-07",36,DE,1,36.81,36.81
10749,B,Samantha Stout,"2023-04-18",52,AU,2,194.1,97.05
10753,B,Francisco Rodriguez,"2021-05-21",33,CA,3,250.51,83.5
10754,A,Brittany Campbell,"2025-10-03",20,US,2,159.47,79.74
10756,A,Amber Hill,"2023-01-09",68,PL,1,87.32,87.32
10757,B,Mason Jacobs,"2024-05-05",37,US,2,219.98,109.99
10759,B,Lacey Krueger,"2021-07-07",72,BR,1,13.63,13.63
10760,A,Michael Howell,"2021-09-11",30,JP,1,50.83,50.83
10761,B,Stephen Beck,"2021-05-17",66,BR,2,38.4,19.2
10762,A,Xavier Cameron,"2023-04-08",75,MX,3,244.12,81.37
10764,A,Steven Hamilton,"2024-03-20",46,US,1,256.64,256.64
10767,B,Darrell Hall,"2022-10-26",66,MX,2,384.33,192.17
10769,B,Jeffrey Greer,"2024-01-30",35,MX,1,15.07,15.07
10778,A,Kerri Matthews,"2022-12-03",32,IN,1,44.08,44.08
10784,A,April Chapman,"2025-09-30",26,IN,2,681.56,340.78
10787,B,Jennifer Lopez,"2021-04-18",27,AU,1,31.33,31.33
10792,A,Amanda Mendez,"2021-12-01",47,MX,1,384.62,384.62
10794,A,Brianna Trevino,"2021-09-09",64,MX,2,224.02,112.01
10796,A,Timothy Rodriguez,"2021-01-24",57,BR,2,313.96,156.98
10799,B,Melissa Reynolds,"2020-10-28",44,MX,1,37.65,37.65
10806,A,Alex Hughes,"2025-05-04",55,SG,2,262.53,131.26
10807,B,Mark Sexton,"2021-09-11",35,CA,2,770.03,385.01
10809,B,Paul Price,"2020-11-20",73,JP,1,198.84,198.84
10812,A,Glenn Bush,"2020-06-06",72,PL,1,133.83,133.83
10813,B,Charles Hernandez,"2023-08-09",42,IN,2,216.64,108.32
10816,A,Michael Lee,"2023-11-29",68,NL,2,133.22,66.61
10817,B,Kathryn Crawford,"2024-03-19",63,SE,1,181.14,181.14
10823,B,Adriana Burton,"2025-02-25",44,NL,1,65.7,65.7
10824,A,David Moore,"2024-07-10",74,BR,1,17.52,17.52
10829,B,Michelle Williams,"2020-08-06",42,US,2,375.97,187.98
10832,A,Audrey Bradley,"2022-03-16",47,US,2,267.93,133.96
10841,B,Barbara Ware,"2022-04-30",56,IN,1,137.32,137.32
10842,A,Rhonda Shaw,"2023-12-11",43,JP,2,111.35,55.68
10843,B,Steven Jackson,"2025-01-20",61,SG,1,477.15,477.15
10845,B,Cole Williams,"2022-04-11",73,GB,3,577.26,192.42
10851,B,Emily Jones,"2022-07-27",53,BR,2,201.62,100.81
10852,A,William Schneider,"2023-08-10",48,US,3,498.77,166.26
10854,A,Jennifer Carson,"2024-01-02",31,SE,1,51.88,51.88
10863,B,Deborah Anderson,"2020-12-28",56,SG,1,211.38,211.38
10864,A,Dustin Porter,"2023-09-04",37,IN,1,59.0,59.0
10875,B,Patricia Hayes,"2021-05-11",61,FR,1,40.34,40.34
10876,A,Kathryn Stewart,"2024-06-05",46,DE,1,70.54,70.54
10877,B,Catherine Daniels,"2023-05-05",46,US,1,110.27,110.27
10880,A,Julie Rivera,"2020-06-26",37,BR,3,630.11,210.04
10882,A,Brooke Smith,"2022-10-07",35,DE,1,66.01,66.01
10884,A,Kirsten Faulkner,"2020-12-15",34,US,2,261.07,130.53
10890,A,William Merritt,"2020-06-07",33,US,1,108.28,108.28
10895,B,Leah Barry,"2025-02-13",36,US,5,1495.53,299.11
10898,A,Kimberly Garza,"2020-06-15",37,GB,3,557.29,185.76
10899,B,Peter Wright,"2025-05-17",32,US,1,184.88,184.88
10903,B,Richard Anderson,"2024-07-22",48,US,3,252.49,84.16
10904,A,Patricia Robertson,"2020-07-08",69,GB,1,229.76,229.76
10912,A,Susan Ramos,"2024-01-21",23,DE,1,193.28,193.28
10914,A,Courtney Nash,"2021-09-21",53,PL,1,173.75,173.75
10916,A,Kimberly Johnson,"2021-04-15",71,US,3,233.83,77.94
10917,B,Sabrina Reid,"2023-06-18",43,GB,2,597.16,298.58
10926,A,Helen Taylor,"2021-09-10",65,US,3,629.41,209.8
10931,B,Heather Andersen,"2021-02-11",35,US,2,36.07,18.03
10937,B,Neil Neal,"2021-05-18",56,GB,2,276.04,138.02
10938,A,Miguel Hanson,"2024-06-27",22,DE,1,33.03,33.03
10942,A,Robert Thomas,"2025-09-27",41,US,2,364.69,182.34
10945,B,Evelyn Barnes,"2023-05-25",58,AU,2,136.55,68.27
10947,B,Alison Kennedy,"2020-12-14",18,MX,3,161.49,53.83
10948,A,Jasmin Hendrix,"2022-03-01",51,FR,1,19.1,19.1
10953,B,Barry Moore,"2024-09-12",48,US,2,279.66,139.83
10955,B,Kristy Greer,"2022-08-30",44,AU,2,95.16,47.58
10956,A,Karen Boyd,"2021-04-30",59,NL,2,97.26,48.63
10958,A,Megan Williams,"2022-06-16",53,US,1,27.66,27.66
10961,B,Luke Blake,"2023-04-10",33,ES,1,49.0,49.0
10964,A,Stephen Robertson,"2021-12-29",46,GB,1,47.21,47.21
10966,A,Kimberly Stanley,"2025-03-16",32,GB,2,73.56,36.78
10967,B,Robert Small,"2025-02-14",64,AU,1,131.7,131.7
10969,B,Ryan Gallagher,"2022-12-20",24,BR,1,41.35,41.35
10973,B,Manuel Hernandez,"2025-01-03",74,AU,1,909.35,909.35
10975,B,Robert Macdonald,"2022-05-13",38,SE,1,128.34,128.34
10978,A,Linda Martinez,"2022-05-18",30,IN,1,82.47,82.47
10980,A,Susan Chen,"2025-10-24",50,CA,1,161.39,161.39
10981,B,Terry Smith,"2023-07-10",31,US,1,39.58,39.58
10986,A,Benjamin Carr,"2020-04-14",56,US,2,260.19,130.1
10988,A,Tyler Campbell,"2025-04-02",29,US,2,132.79,66.4
10992,A,Alicia Vargas,"2023-04-12",38,GB,1,327.73,327.73
10993,B,Dana Anderson,"2021-07-25",45,SG,2,261.42,130.71
10996,A,Benjamin Rodriguez,"2022-02-09",46,US,2,200.95,100.47
10997,B,Jessica Harris,"2021-12-13",37,IN,2,432.7,216.35
11001,B,Jocelyn Soto,"2020-07-19",36,MX,2,729.74,364.87
11003,B,Wayne Underwood,"2022-08-16",44,ZA,1,313.96,313.96
11005,B,Scott Dixon,"2024-05-12",72,GB,1,128.26,128.26
11009,B,Chad Soto,"2021-02-07",69,FR,1,144.47,144.47
11010,A,Christian Whitaker,"2024-01-13",20,SE,1,139.92,139.92
11011,B,Traci Myers,"2020-06-18",35,CA,2,201.22,100.61
11013,B,Ryan Newman,"2020-09-19",50,JP,2,74.86,37.43
11019,B,Theodore Johnson,"2023-07-25",53,SE,2,296.97,148.49
11020,A,Erica Doyle,"2020-07-07",43,FR,3,287.73,95.91
11023,B,Joseph Matthews,"2021-11-21",21,US,1,84.05,84.05
11027,B,Dawn Romero,"2023-03-16",55,GB,2,206.94,103.47
11029,B,Rebecca Medina,"2025-09-21",58,US,2,285.65,142.82
11033,B,Julie Solomon,"2020-12-30",74,SE,1,47.97,47.97
11040,A,Danielle Potter,"2020-10-28",35,MX,2,530.61,265.31
11043,B,Lori Marshall,"2023-09-24",38,US,2,129.78,64.89
11047,B,Laura Mason,"2020-06-02",62,SG,1,58.69,58.69
11048,A,Mark Martin,"2022-07-31",37,JP,2,485.34,242.67
11049,B,Heather Simmons,"2024-08-19",25,CA,1,49.57,49.57
11050,A,Scott Allen,"2024-04-03",74,DE,1,65.64,65.64
11052,A,Dawn Trujillo,"2021-08-07",58,GB,1,72.89,72.89
11054,A,Steven Reyes,"2025-01-22",62,US,3,105.89,35.3
11066,A,Jeremy Riddle,"2022-03-12",19,IN,1,17.62,17.62
11074,A,Sydney Smith,"2020-11-30",60,AE,1,58.99,58.99
11075,B,Lisa Nguyen,"2024-10-03",70,GB,1,238.24,238.24
11079,B,Marcus Hawkins,"2024-09-03",27,IN,1,119.14,119.14
11094,A,Heather Gilbert,"2021-03-10",55,PL,2,75.09,37.54
11096,A,Karen Baker,"2021-01-07",75,BR,1,146.57,146.57
11102,A,Elizabeth Gates,"2022-04-13",41,FR,3,89.25,29.75
11106,A,Emily Rogers,"2021-04-25",68,US,2,106.6,53.3
11107,B,Joy Garcia,"2023-11-23",68,US,2,250.49,125.24
11109,B,Todd Jacobs,"2022-05-01",53,GB,2,224.14,112.07
11110,A,Lindsay Stewart,"2020-04-12",32,BR,1,25.94,25.94
11111,B,Chad Santiago,"2021-12-02",25,MX,1,56.49,56.49
11112,A,Amanda Williams,"2024-07-25",55,US,1,256.92,256.92
11116,A,Natalie Casey,"2022-02-26",28,IN,1,402.4,402.4
11119,B,Elizabeth Meyer,"2020-03-12",42,US,2,81.02,40.51
11120,A,Molly Green,"2023-03-20",47,ES,2,72.22,36.11
11126,A,Joel Jones,"2023-12-30",69,FR,3,641.39,213.8
11128,A,Zachary Matthews,"2025-07-19",67,IN,1,231.42,231.42
11131,B,Sean Mcmahon,"2025-01-30",56,PL,1,49.21,49.21
11134,A,Mr. Jason Thomas,"2025-03-12",44,US,2,279.73,139.86
11138,A,Adrian Holder,"2022-02-11",38,JP,1,42.24,42.24
11148,A,Jennifer Green,"2020-11-03",41,ES,1,52.39,52.39
11151,B,Thomas Marsh,"2021-10-11",57,DE,1,153.58,153.58
11159,B,Nicole Young,"2021-06-04",21,MX,1,101.91,101.91
11162,A,Andrea White,"2023-03-09",42,JP,2,48.24,24.12
11166,A,Brian Hart,"2022-02-09",64,GB,1,211.73,211.73
11169,B,Shelby Hall,"2022-10-20",52,IN,1,190.25,190.25
11172,A,William Yang,"2025-03-06",30,FR,3,2085.29,695.1
11177,B,Angel Dalton,"2025-04-25",28,CA,1,58.99,58.99
11178,A,Jose White,"2025-06-21",61,DE,2,141.17,70.59
11179,B,Peter Lucas,"2021-09-11",31,AU,1,102.64,102.64
11181,B,Mary James,"2024-10-20",38,NL,2,321.65,160.82
11184,A,Cynthia White,"2020-05-03",46,ES,2,211.72,105.86
11186,A,Taylor Williams,"2023-07-15",66,US,1,65.64,65.64
11190,A,Angel Lee,"2022-04-12",68,IN,1,174.05,174.05
11191,B,Dennis Mendoza,"2020-12-10",44,US,1,26.99,26.99
11193,B,Andrew Williams,"2022-12-22",61,ES,1,11.02,11.02
11198,A,Vincent Martinez,"2024-08-22",19,BR,1,71.88,71.88
11204,A,Amanda Harrison,"2024-01-10",29,IN,1,26.38,26.38
11205,B,Sheryl Ramos,"2025-03-09",68,JP,1,26.4,26.4
11207,B,Randy Garcia,"2021-08-05",18,ES,1,70.3,70.3
11214,A,Morgan Thomas,"2023-08-09",37,ZA,1,498.16,498.16
11222,A,Charles Brown,"2021-08-09",32,ZA,1,182.18,182.18
11227,B,Kenneth Davila,"2020-08-20",73,NL,1,377.01,377.01
11231,B,Ashley Wilson,"2020-06-23",38,JP,2,373.24,186.62
11237,B,Justin Randolph,"2021-07-31",30,SG,1,261.89,261.89
11240,A,Ashley Smith,"2023-05-20",33,GB,1,109.89,109.89
11245,B,Michelle Collins,"2020-08-22",26,GB,1,132.66,132.66
11246,A,John Torres,"2020-03-28",38,JP,2,67.82,33.91
11254,A,Caitlyn Deleon,"2022-04-09",30,GB,3,588.81,196.27
11259,B,Tiffany Sullivan,"2023-10-23",69,FR,2,276.88,138.44
11261,B,Jonathan Silva,"2023-04-12",49,GB,2,593.49,296.74
11265,B,Brian Gray,"2020-08-18",20,US,2,845.49,422.74
11266,A,Elizabeth Cervantes,"2022-03-15",23,BR,1,86.14,86.14
11267,B,Brenda Castro MD,"2025-04-26",49,AU,2,133.98,66.99
11272,A,Michelle Evans,"2023-01-19",54,CA,1,45.74,45.74
11283,B,Christopher Gonzalez,"2020-01-29",32,AE,2,2364.76,1182.38
11285,B,Brandon Patterson II,"2023-03-10",33,AU,1,235.72,235.72
11286,A,Daniel Sandoval,"2021-03-30",60,DE,2,133.59,66.8
11293,B,Craig Wolf,"2021-04-19",49,JP,1,209.53,209.53
11295,B,Lisa Smith,"2022-02-28",62,US,1,45.5,45.5
11299,B,William Gray,"2022-04-25",55,MX,2,139.9,69.95
11301,B,James Reed,"2022-12-27",33,DE,1,50.86,50.86
11305,B,John Price,"2023-08-31",45,MX,1,87.26,87.26
11306,A,James Jones,"2022-07-21",39,NL,2,105.75,52.88
11311,B,Adam Reed,"2020-12-28",53,CA,1,250.18,250.18
11312,A,Kristin Stewart,"2023-07-17",40,FR,1,16.05,16.05
11316,A,Phillip Gutierrez,"2025-06-13",74,US,2,264.28,132.14
11319,B,Richard Mcbride,"2020-03-26",46,DE,1,250.58,250.58
11332,A,Mary Hurst,"2024-06-26",34,GB,2,139.7,69.85
11336,A,Dr. Sarah Collins MD,"2022-05-09",68,MX,1,183.82,183.82
11341,B,Robert Scott,"2024-04-17",30,GB,2,408.61,204.31
11347,B,Wendy Mcfarland,"2023-03-05",47,GB,1,125.35,125.35
11353,B,Justin Grant,"2023-03-06",37,BR,3,141.32,47.11
11354,A,Louis Garrison,"2021-05-20",20,DE,1,100.88,100.88
11361,B,Rebecca Lindsey,"2022-07-07",45,CA,1,51.26,51.26
11363,B,Gina Donaldson,"2023-05-14",42,SE,1,39.11,39.11
11364,A,Scott Phillips,"2023-02-14",55,AE,2,68.0,34.0
11365,B,Cheyenne Page,"2023-02-03",39,US,2,373.02,186.51
11374,A,Jesse Smith,"2023-05-21",25,DE,2,163.11,81.56
11375,B,Shelby Robertson,"2021-12-10",29,NL,1,24.63,24.63
11378,A,Douglas Thomas,"2025-10-11",53,US,1,19.05,19.05
11381,B,Jerry Gardner,"2023-06-28",71,MX,1,65.47,65.47
11382,A,Jose Owens,"2023-02-10",51,US,1,79.83,79.83
11383,B,Yolanda Adams,"2022-12-10",42,BR,1,55.01,55.01
11384,A,Audrey Beasley,"2022-07-11",41,US,1,25.42,25.42
11387,B,Greg Scott,"2020-01-15",28,DE,2,488.67,244.33
11389,B,Dylan Williams,"2022-05-20",24,IN,3,361.76,120.59
11390,A,Lisa Melendez,"2025-04-28",30,BR,1,120.31,120.31
11394,A,Sandra Quinn,"2025-06-04",42,AU,2,294.26,147.13
11397,B,Geoffrey Harding,"2020-05-27",32,US,2,110.32,55.16
11400,A,Denise Villarreal MD,"2021-10-21",35,AE,2,478.09,239.05
11401,B,Brittany Morris,"2024-10-07",28,MX,1,54.46,54.46
11404,A,Alexander Anderson,"2021-10-30",67,DE,2,137.3,68.65
11408,A,Melissa Arias MD,"2022-09-22",69,ES,1,48.32,48.32
11410,A,Cindy Martin,"2025-08-19",45,IN,2,44.88,22.44
11416,A,Amanda Kemp,"2020-02-10",71,US,1,229.44,229.44
11418,A,Kayla Wang,"2022-09-30",44,GB,1,179.06,179.06
11436,A,Taylor Higgins,"2023-10-25",57,ES,2,107.6,53.8
11438,A,Megan Johnson,"2021-09-10",50,GB,1,16.33,16.33
11444,A,Kristen Rodriguez,"2022-04-02",52,AU,4,422.09,105.52
11446,A,Raymond Wilson,"2020-08-23",35,BR,2,1123.78,561.89
11448,A,Sarah Thomas,"2020-05-31",65,SG,1,188.49,188.49
11451,B,Cassandra Parker,"2023-05-06",25,CA,1,116.62,116.62
11457,B,Jessica Hamilton,"2025-04-09",24,DE,1,35.74,35.74
11458,A,Lisa Young,"2024-08-03",54,US,1,235.2,235.2
11460,A,Gilbert Taylor,"2023-01-31",41,AE,1,118.66,118.66
11462,A,Rachel Humphrey,"2023-04-26",70,AE,1,61.38,61.38
11464,A,Patricia Young,"2025-03-31",75,CA,2,356.31,178.15
11465,B,William Burke,"2025-07-19",27,GB,2,407.47,203.74
11466,A,Michael Cooke,"2023-01-01",48,DE,2,113.77,56.89
11470,A,James Diaz,"2024-05-07",55,GB,5,428.47,85.69
11471,B,James West,"2021-08-26",20,IN,1,231.65,231.65
11472,A,Jennifer Barton,"2021-12-03",63,FR,1,470.11,470.11
11480,A,Timothy Scott,"2025-04-09",33,IN,1,94.22,94.22
11489,B,Alexandria Turner,"2023-02-24",39,BR,3,133.52,44.51
11499,B,Brian Villarreal,"2022-03-07",53,IN,2,82.71,41.36
11502,A,Heather Jackson,"2025-02-21",48,BR,2,718.77,359.39
11503,B,Carrie Walton,"2023-08-19",68,MX,2,127.45,63.73
11504,A,Michelle Jones,"2025-04-17",75,AE,1,183.35,183.35
11507,B,Annette Lang,"2024-08-02",22,IN,1,42.09,42.09
11510,A,Roger Smith,"2024-09-20",61,US,1,125.26,125.26
11513,B,Dave Sanchez,"2021-08-11",35,PL,2,291.18,145.59
11514,A,Angela Oconnell,"2025-01-28",70,MX,2,113.93,56.97
11528,A,Jamie Williamson,"2021-05-30",33,IN,1,26.6,26.6
11530,A,Robert Cooley,"2023-04-14",28,SE,1,105.42,105.42
11535,B,Wendy Gutierrez,"2023-10-28",31,IN,2,464.53,232.27
11539,B,Jason Thompson,"2021-08-19",52,BR,1,27.22,27.22
11540,A,Tiffany Ramirez,"2022-09-23",22,BR,1,162.78,162.78
11541,B,Jodi Moore,"2024-05-28",59,BR,3,189.25,63.08
11542,A,Luke Lopez,"2021-04-27",23,GB,2,381.11,190.56
11550,A,Kimberly Medina,"2024-04-10",39,JP,1,32.02,32.02
11553,B,Brittany Murray,"2023-11-22",20,MX,3,733.71,244.57
11554,A,Daniel Haynes,"2021-09-07",69,DE,2,297.98,148.99
11556,A,Alan Ward,"2025-01-07",19,NL,1,316.63,316.63
11558,A,Rebecca Sullivan,"2022-07-31",27,BR,1,111.21,111.21
11560,A,Benjamin Aguilar,"2023-08-18",58,ZA,1,84.34,84.34
11564,A,Holly Drake,"2024-08-13",74,MX,3,254.67,84.89
11566,A,Nathan Hernandez,"2024-01-20",42,SG,1,31.92,31.92
11567,B,Nicholas Moran,"2024-08-31",47,BR,1,108.09,108.09
11574,A,Courtney Johnson,"2020-10-10",41,GB,2,470.58,235.29
11577,B,Holly Hogan,"2023-07-17",57,US,2,48.01,24.0
11583,B,Christopher Werner,"2022-08-03",33,US,1,51.76,51.76
11590,A,Kelly Davis,"2022-10-23",70,US,1,59.86,59.86
11592,A,Greg Hurley,"2021-08-26",33,IN,1,74.47,74.47
11593,B,Ruben Rodgers,"2024-07-27",53,BR,2,209.57,104.79
11603,B,Rachel Frederick,"2022-09-17",53,AE,1,86.59,86.59
11606,A,Julie Williams DDS,"2021-08-25",65,SG,2,965.48,482.74
11613,B,Alicia Bryant,"2025-03-05",27,BR,2,85.26,42.63
11615,B,Robert Lang,"2021-07-26",62,SE,2,183.06,91.53
11617,B,Bethany Johnson,"2024-01-28",33,SG,2,211.19,105.59
11624,A,Krista West,"2023-11-16",54,IN,3,222.39,74.13
11625,B,Brianna Contreras,"2020-07-31",64,US,2,947.73,473.87
11628,A,Eric Watson,"2021-09-27",47,BR,3,875.1,291.7
11629,B,Kevin Sexton,"2025-01-25",32,US,1,35.1,35.1
11631,B,Christina Flores,"2022-10-16",66,US,1,122.8,122.8
11634,A,Kayla Reynolds,"2021-03-10",34,GB,2,374.79,187.4
11637,B,Patricia Lewis,"2023-04-27",51,IN,1,60.03,60.03
11638,A,Casey Fletcher,"2021-09-13",35,CA,2,585.22,292.61
11642,A,Katherine Williams,"2020-06-15",31,FR,1,220.54,220.54
11643,B,John Williams,"2024-07-07",58,JP,3,116.88,38.96
11646,A,Brian Welch,"2020-04-02",37,ES,1,95.19,95.19
11661,B,Nicholas Smith,"2023-09-01",38,BR,1,247.57,247.57
11662,A,Stephanie Lyons,"2023-08-13",42,FR,2,500.94,250.47
11663,B,Cassandra Roman DDS,"2025-02-18",53,GB,2,52.83,26.41
11669,B,Allen Silva,"2025-07-30",18,MX,2,216.14,108.07
11671,B,Russell Taylor,"2023-06-25",59,DE,1,70.67,70.67
11683,B,Devin Rodriguez,"2023-07-10",46,BR,2,36.51,18.26
11689,B,Amy Rodriguez,"2022-11-06",40,DE,1,60.98,60.98
11690,A,Marc Robinson,"2020-05-19",74,US,1,18.71,18.71
11693,B,Tyler Wade,"2020-03-08",39,US,1,58.39,58.39
11699,B,Matthew Smith,"2023-08-05",18,DE,3,333.55,111.18
11707,B,Jonathan Morris,"2024-01-06",30,MX,1,183.6,183.6
11714,A,Sheila Contreras,"2025-02-09",47,US,1,228.42,228.42
11715,B,Angela Henry,"2024-09-27",39,BR,1,39.61,39.61
11733,B,Tiffany Campbell,"2020-12-01",38,CA,1,184.06,184.06
11735,B,Thomas Christian,"2025-05-21",49,FR,1,66.72,66.72
11740,A,Christopher Barrett,"2023-03-03",20,US,1,147.78,147.78
11744,A,Megan Bradford,"2023-05-15",61,MX,1,246.98,246.98
11747,B,Jennifer Garrison,"2020-09-03",36,BR,6,757.45,126.24
11749,B,Donna Vance,"2025-04-29",51,ZA,3,185.59,61.86
11756,A,Sarah Perez,"2025-06-13",39,IN,3,597.13,199.04
11763,B,Joseph Edwards,"2021-10-01",71,NL,1,68.26,68.26
11777,B,Dr. Ryan Fleming Jr.,"2022-03-06",70,JP,1,260.59,260.59
11779,B,John Patel Jr.,"2024-11-06",55,IN,2,500.44,250.22
11781,B,Brian Ford,"2021-09-05",68,US,2,264.69,132.35
11784,A,Jonathan Quinn,"2024-11-04",18,US,1,67.45,67.45
11785,B,Mark James,"2021-09-17",65,SG,1,62.61,62.61
11787,B,Donald Miller,"2021-08-28",42,AU,1,343.06,343.06
11790,A,Brian Banks,"2022-09-05",40,PL,1,61.55,61.55
11791,B,William Mcgrath,"2024-09-04",41,US,2,199.56,99.78
11796,A,Patrick Butler,"2023-06-13",49,BR,1,768.67,768.67
11797,B,Christopher Moreno,"2023-03-04",55,US,1,214.4,214.4
11800,A,Douglas Santos,"2021-09-08",20,CA,1,75.86,75.86
11802,A,Andrew Peterson,"2020-09-14",39,DE,1,133.27,133.27
11810,A,Edward Williams,"2025-02-26",62,MX,2,144.47,72.24
11813,B,Joshua Ross,"2022-03-11",23,MX,1,74.58,74.58
11818,A,Kimberly Miller,"2021-05-08",37,NL,1,16.58,16.58
11824,A,Matthew Johnson,"2021-05-01",58,DE,2,303.13,151.57
11828,A,Allison Sweeney,"2021-11-10",52,IN,1,128.09,128.09
11832,A,Ashley Thomas,"2024-01-22",23,DE,1,371.42,371.42
11839,B,Cynthia Fisher,"2021-12-20",38,BR,1,32.04,32.04
11843,B,Anthony Williams,"2022-01-09",31,NL,1,119.47,119.47
11850,A,Lori Rivera,"2022-06-08",22,DE,1,180.6,180.6
11852,A,April Davis,"2024-06-22",65,DE,2,37.55,18.77
11856,A,Jerome Ware,"2025-01-11",24,GB,1,259.3,259.3
11858,A,Kyle Tran,"2020-06-28",62,SE,1,115.59,115.59
11859,B,Matthew Lawson,"2023-05-19",66,US,1,38.86,38.86
11862,A,Anne Suarez,"2021-08-17",19,US,2,26.75,13.38
11868,A,Angela Jones,"2023-10-01",23,FR,3,292.9,97.63
11870,A,Taylor Smith,"2020-08-30",38,US,2,415.02,207.51
11874,A,Mrs. Angela Peters,"2020-08-29",26,IN,2,109.12,54.56
11876,A,Robin Lamb MD,"2021-06-05",69,US,1,15.33,15.33
11878,A,William Simpson,"2024-08-31",74,CA,1,132.91,132.91
11882,A,Dr. Theodore Lewis DDS,"2023-04-14",51,BR,1,67.11,67.11
11885,B,Randy Griffin,"2020-08-04",70,JP,1,44.53,44.53
11895,B,Jennifer Myers,"2024-03-08",59,US,4,313.85,78.46
11898,A,Michael Mccarty,"2022-11-27",61,DE,3,376.28,125.43
11900,A,Ian Preston,"2025-07-10",52,GB,1,43.88,43.88
11901,B,Christian Juarez,"2022-11-01",19,JP,3,73.76,24.59
11904,A,Jade Davis,"2021-01-06",61,BR,2,185.61,92.81
11908,A,Mr. Thomas Johnson,"2024-01-12",36,MX,2,101.73,50.87
11909,B,Jonathan Shepherd,"2023-01-22",74,ES,2,128.33,64.16
11912,A,Kendra Wood,"2020-05-22",38,BR,1,189.25,189.25
11916,A,Kevin Andrews,"2023-08-02",68,BR,1,331.25,331.25
11920,A,Caitlin Cochran,"2022-09-25",52,US,2,160.71,80.35
11923,B,Andrew Berger,"2024-09-06",70,BR,2,346.17,173.08
11924,A,Joe Wilson,"2025-01-11",31,AU,2,201.79,100.9
11925,B,Juan Stewart,"2022-04-21",75,ES,2,222.05,111.02
11926,A,Katrina Hernandez,"2020-07-08",66,PL,1,41.26,41.26
11934,A,Martha Ortega,"2020-10-29",45,JP,1,118.57,118.57
11935,B,Mark Bentley,"2023-03-15",18,DE,2,98.49,49.25
11948,A,Nicole Martinez,"2024-04-14",67,IN,1,113.88,113.88
11953,B,Kristopher Robinson,"2020-02-15",55,AE,1,330.78,330.78
11955,B,Lynn Hughes,"2025-07-01",51,NL,2,361.43,180.72
11960,A,Michael Ross,"2024-07-06",70,DE,2,969.94,484.97
11970,A,Cindy Williams,"2024-11-19",28,US,2,405.66,202.83
11977,B,Yvette Dominguez,"2021-06-04",50,FR,2,221.17,110.58
11978,A,Maria Lane,"2020-02-04",29,IN,1,10.6,10.6
11986,A,Kaitlin Friedman,"2020-09-24",56,AU,2,209.91,104.95
11994,A,Ryan Parker,"2023-12-03",46,CA,1,621.57,621.57
11995,B,Troy Hayes,"2024-01-08",28,ZA,1,119.27,119.27
11997,B,Bryan Dawson,"2024-06-10",21,US,2,204.15,102.07
11998,A,Megan Rios DDS,"2022-07-17",55,IN,1,42.3,42.3
12004,A,Chad Smith,"2023-05-17",20,US,3,418.17,139.39
12006,A,Jessica Payne,"2020-06-21",43,AU,1,86.53,86.53
12010,A,Dr. Patrick Morse Jr.,"2020-12-18",69,US,2,378.58,189.29
12015,B,Jennifer Mcintosh,"2023-09-12",19,US,1,76.6,76.6
12021,B,Brian Short,"2020-09-12",25,GB,1,107.46,107.46
12022,A,Charles Velasquez,"2020-09-18",38,AU,2,309.56,154.78
12024,A,Courtney Webb,"2020-10-18",28,BR,1,99.15,99.15
12026,A,Lindsey Stanley,"2021-03-09",53,US,1,97.73,97.73
12029,B,Rhonda Stewart,"2023-07-01",22,US,1,36.32,36.32
12031,B,Nicholas Garcia,"2025-06-03",29,US,1,430.92,430.92
12033,B,Patricia Parker,"2024-11-10",42,US,1,72.79,72.79
12035,B,Brittany Madden,"2023-09-12",38,AU,1,37.98,37.98
12038,A,Tiffany Wheeler,"2025-09-30",65,GB,1,49.2,49.2
12044,A,James Craig,"2025-05-25",45,SG,2,231.98,115.99
12045,B,Jasmine Davis,"2021-11-19",63,BR,2,222.15,111.07
12049,B,Kimberly White,"2024-03-23",48,CA,1,44.4,44.4
12052,A,Allison Martinez,"2023-08-18",36,SG,2,244.19,122.1
12057,B,Karen Mendoza,"2023-03-02",30,IN,1,11.67,11.67
12058,A,Jean Brown,"2024-08-04",28,US,3,462.85,154.28
12059,B,Patrick Clark,"2024-01-09",42,ES,1,134.89,134.89
12062,A,Christina Ruiz,"2021-04-24",54,US,1,162.44,162.44
12064,A,Sara Miller,"2023-02-28",69,US,2,183.05,91.52
12068,A,Lindsay Mcgee,"2022-05-19",38,SG,1,111.85,111.85
12075,B,Anthony Cobb,"2020-03-19",35,DE,2,58.88,29.44
12077,B,Kelly Wilkins,"2021-02-22",60,US,1,220.05,220.05
12078,A,Jennifer Murray,"2023-04-28",45,SG,2,343.48,171.74
12081,B,Martin Simon,"2024-11-20",65,JP,1,90.8,90.8
12084,A,Timothy Velez,"2025-03-26",23,IN,2,109.51,54.75
12091,B,Jacqueline Velasquez,"2021-09-06",53,IN,2,52.54,26.27
12092,A,James Johnson,"2022-03-23",59,GB,1,53.39,53.39
12093,B,John Perez,"2020-08-03",70,IN,1,230.81,230.81
12096,A,Juan Lane IV,"2025-05-14",48,US,2,243.69,121.85
12100,A,Daniel Hoffman,"2023-09-15",35,ES,1,285.82,285.82
12102,A,Rebecca Fleming,"2023-08-07",37,CA,2,101.26,50.63
12105,B,Joseph Price,"2025-02-02",41,NL,2,510.65,255.33
12107,B,Sandra Stewart,"2022-08-20",63,IN,2,66.67,33.34
12109,B,Rebecca Patterson,"2022-06-06",41,CA,1,63.55,63.55
12113,B,Dillon Bean,"2023-08-02",21,US,1,95.1,95.1
12114,A,Katelyn Melton,"2020-10-26",22,US,2,558.53,279.26
12117,B,Leslie Mcgee,"2024-09-15",75,CA,2,1136.28,568.14
12129,B,Troy Snyder,"2020-06-29",34,IN,2,313.81,156.9
12130,A,Sarah Brown,"2020-11-09",75,FR,1,80.22,80.22
12136,A,David Hall,"2024-05-28",54,BR,2,238.37,119.18
12137,B,Jasmine Mcguire,"2020-02-15",59,US,1,66.46,66.46
12139,B,Stephanie Lopez,"2024-03-30",24,FR,2,319.91,159.95
12140,A,Robert Wilson,"2021-09-03",68,BR,1,19.1,19.1
12143,B,Carrie Jones,"2021-11-04",29,AU,2,195.45,97.73
12148,A,Janet Glover,"2020-07-16",61,ES,2,179.83,89.91
12154,A,Mary English DVM,"2025-08-04",20,GB,2,195.72,97.86
12156,A,Tyler Proctor,"2023-03-16",27,SE,1,15.51,15.51
12165,B,Megan Stevens,"2020-08-05",20,JP,1,89.17,89.17
12169,B,Courtney Walker,"2023-09-11",49,GB,1,24.45,24.45
12172,A,Michaela Little,"2025-01-23",22,IN,1,167.7,167.7
12186,A,Rachel Garrison,"2021-07-21",58,SE,2,269.78,134.89
12188,A,Jose Johnson,"2021-07-15",69,JP,2,165.98,82.99
12189,B,Jeffrey Rubio,"2024-01-07",27,ZA,1,13.82,13.82
12190,A,Ronald Wise,"2023-01-20",66,MX,1,270.0,270.0
12191,B,Robert Collins,"2025-05-07",19,CA,2,317.46,158.73
12193,B,Donna Woods,"2023-07-22",25,GB,1,22.06,22.06
12196,A,Brooke Mitchell,"2024-01-22",20,US,1,103.93,103.93
12197,B,Jordan Mullen,"2021-10-02",35,JP,2,575.4,287.7
12199,B,Kurt Lowe,"2020-06-23",69,BR,2,400.66,200.33
12200,A,Barry Mayer,"2022-08-21",46,SG,2,251.65,125.82
12207,B,Mr. Clayton Escobar,"2025-10-02",43,NL,1,121.42,121.42
12210,A,Darren Olsen,"2025-03-26",34,DE,2,1081.57,540.79
12211,B,Anita Garcia,"2023-04-09",53,DE,1,112.16,112.16
12213,B,Julie Smith,"2023-11-21",37,ZA,2,568.99,284.5
12216,A,Terri Lewis,"2025-06-12",57,US,1,17.26,17.26
12218,A,David Patterson,"2023-08-01",24,AU,3,629.5,209.83
12222,A,Robert Fitzpatrick,"2023-12-15",73,NL,1,23.23,23.23
12223,B,Jason Ward,"2025-05-20",47,US,2,139.72,69.86
12226,A,Mario Luna,"2023-05-07",71,IN,2,248.46,124.23
12227,B,Gordon Ward,"2020-11-01",72,SG,3,513.17,171.06
12230,A,Kendra Fisher,"2024-03-25",71,DE,1,241.57,241.57
12236,A,Pamela Chambers,"2024-09-20",42,JP,1,195.7,195.7
12240,A,Elizabeth Ramirez,"2020-01-13",47,GB,1,318.61,318.61
12242,A,Dr. Jennifer Contreras,"2025-08-29",65,US,3,391.43,130.48
12253,B,Cody Cruz,"2023-08-01",62,GB,1,12.8,12.8
12255,B,Michael Russell,"2020-06-21",21,US,2,53.97,26.99
12261,B,Beth Wagner,"2023-01-18",27,MX,2,150.8,75.4
12262,A,Tyler Carter,"2025-05-25",19,GB,1,77.26,77.26
12263,B,Micheal Hodges,"2024-08-14",35,CA,1,181.51,181.51
12264,A,Roy Jackson,"2023-08-19",22,JP,1,39.25,39.25
12266,A,Christopher Gomez,"2024-06-03",66,US,2,124.93,62.47
12272,A,Katherine Price,"2024-08-10",62,MX,1,20.19,20.19
12277,B,Terrance Norton,"2021-05-09",72,US,1,48.02,48.02
12278,A,David Roach,"2025-09-27",54,IN,2,404.16,202.08
12287,B,Rebecca Chaney,"2025-06-05",40,ES,3,505.23,168.41
12291,B,Kevin Wheeler,"2020-01-23",57,SE,1,16.25,16.25
12296,A,Steve Bridges,"2025-07-02",50,US,1,1000.74,1000.74
12298,A,Joshua Merritt,"2021-10-15",35,PL,1,103.04,103.04
12299,B,Jennifer Smith,"2020-06-09",63,CA,1,199.17,199.17
12300,A,Edward Graham,"2023-12-04",69,US,3,218.57,72.86
12302,A,Andrea Frank,"2021-03-05",46,US,1,98.19,98.19
12304,A,David Bradley,"2021-06-04",62,NL,1,21.26,21.26
12305,B,Jill Crane,"2025-09-03",31,GB,1,176.02,176.02
12307,B,Sharon Browning,"2021-11-06",42,IN,1,10.64,10.64
12308,A,Benjamin Lin,"2024-10-13",39,CA,1,101.03,101.03
12310,A,Martin Johnson,"2021-12-25",69,US,1,402.49,402.49
12311,B,Benjamin Thompson,"2022-05-29",52,ES,1,13.13,13.13
12312,A,Kristina Ward,"2021-10-01",34,DE,1,82.61,82.61
12324,A,Stephanie Ochoa,"2025-03-08",37,ES,1,20.66,20.66
12325,B,Kristi Clay,"2021-11-23",28,MX,2,367.88,183.94
12330,A,Melissa Dunn,"2023-05-09",53,GB,1,12.37,12.37
12335,B,Michael Caldwell,"2025-09-06",25,PL,1,63.28,63.28
12337,B,Ashley Yu,"2023-10-28",63,GB,1,77.58,77.58
12339,B,Jonathan Wilson,"2020-01-28",18,CA,1,100.37,100.37
12341,B,Michael Flores,"2021-01-17",66,CA,3,884.06,294.69
12343,B,Karen Valentine,"2024-12-29",33,MX,1,55.18,55.18
12347,B,Catherine Lopez,"2025-05-12",54,JP,2,186.4,93.2
12348,A,Donald Martin,"2023-04-02",53,NL,1,63.52,63.52
12350,A,Gregory Stokes,"2023-05-23",30,JP,1,76.13,76.13
12351,B,Justin Pierce,"2020-03-03",21,CA,1,171.24,171.24
12356,A,Jerry Kennedy,"2025-02-23",39,US,1,13.63,13.63
12358,A,Mr. Edward Bird,"2021-10-11",53,GB,2,150.21,75.1
12363,B,Brent Turner,"2024-01-31",33,BR,2,649.73,324.87
12364,A,Melanie Lee,"2024-11-05",59,US,1,313.15,313.15
12373,B,Sherry Freeman,"2025-01-30",18,MX,3,294.27,98.09
12375,B,David Rogers,"2025-04-01",28,PL,1,269.97,269.97
12378,A,David Crawford,"2021-07-26",48,NL,2,157.79,78.9
12381,B,Thomas Jones,"2024-01-26",48,JP,3,261.7,87.23
12382,A,Taylor Hill,"2024-03-16",50,GB,2,122.09,61.04
12385,B,Pamela Morrison,"2021-12-31",26,US,1,161.6,161.6
12392,A,Mia Cain,"2024-11-12",46,BR,1,512.33,512.33
12400,A,Heather Hood,"2021-11-17",49,US,3,91.9,30.63
12402,A,Melvin Ramirez,"2024-03-06",46,GB,1,81.1,81.1
12406,A,John Hayden,"2023-11-06",63,GB,1,330.84,330.84
12407,B,Paul Mullen,"2024-02-18",53,US,2,716.62,358.31
12408,A,Robert Frey,"2021-06-03",55,DE,1,31.66,31.66
12412,A,Patty Parker,"2024-01-07",52,BR,3,157.84,52.61
12415,B,Thomas Dixon,"2020-12-08",42,AU,1,336.0,336.0
12416,A,Sarah Rice,"2025-03-13",28,MX,2,51.01,25.51
12420,A,Eric Savage,"2022-10-20",39,IN,1,16.45,16.45
12422,A,Erik Rush,"2025-09-19",55,SG,2,35.14,17.57
12423,B,Kristina Lee,"2020-02-01",48,BR,1,83.49,83.49
12428,A,Rachel Cook,"2021-10-08",47,FR,1,240.51,240.51
12430,A,Joshua Simmons,"2020-01-07",48,AU,1,188.93,188.93
12432,A,Elizabeth Campbell,"2021-04-02",63,IN,1,195.08,195.08
12433,B,Amy Baker,"2020-04-20",64,DE,1,142.07,142.07
12435,B,Mitchell Stewart,"2024-08-05",75,FR,1,50.84,50.84
12437,B,Amanda Bishop,"2021-07-16",42,CA,3,151.8,50.6
12443,B,Amy Gomez,"2023-09-16",73,US,1,214.55,214.55
12444,A,Brianna Wilson,"2024-08-02",58,CA,1,195.71,195.71
12447,B,Derek Taylor,"2020-04-09",58,GB,1,42.61,42.61
12448,A,Edward Dunn,"2025-05-29",68,DE,1,1066.11,1066.11
12450,A,Jill Jones,"2022-11-26",75,GB,2,457.33,228.66
12451,B,Richard Wright,"2022-07-17",67,US,2,222.37,111.19
12453,B,Catherine Hill,"2025-01-01",72,DE,2,561.53,280.76
12456,A,Mr. George Payne,"2024-08-09",62,US,1,51.43,51.43
12460,A,Jesse Mcdonald,"2021-04-02",19,DE,1,58.09,58.09
12461,B,Calvin Salinas,"2024-07-09",38,FR,2,186.3,93.15
12462,A,Ricky Gaines,"2024-07-04",50,GB,1,234.8,234.8
12463,B,Stephanie Fox,"2021-01-03",69,IN,2,198.96,99.48
12464,A,Todd Williams,"2023-12-12",33,JP,2,356.08,178.04
12466,A,Joe Brown,"2024-01-17",32,GB,1,233.62,233.62
12468,A,Carol Martinez,"2023-11-27",43,IN,1,60.73,60.73
12469,B,Justin Walls,"2020-02-11",21,US,1,221.7,221.7
12472,A,Diane Le,"2024-11-01",73,US,2,172.11,86.06
12475,B,Robert Steele,"2022-11-22",71,DE,2,204.92,102.46
12479,B,Jamie Chapman,"2024-07-13",27,FR,1,121.73,121.73
12481,B,Paul Tucker,"2025-09-06",58,JP,2,145.16,72.58
12483,B,Donna Fisher,"2020-10-19",73,JP,1,110.22,110.22
12488,A,Henry Sanchez,"2021-11-19",27,US,1,55.75,55.75
12489,B,Taylor Anderson,"2024-02-09",65,DE,3,154.39,51.46
12492,A,Michelle Davis,"2021-06-06",47,CA,2,204.12,102.06
12497,B,Laura Hunt,"2023-08-14",74,US,1,27.14,27.14
12505,B,Kimberly Fisher,"2024-10-25",26,PL,1,103.55,103.55
12513,B,Colleen Weiss,"2021-03-07",23,GB,1,56.3,56.3
12514,A,Mrs. Amanda Lee,"2020-02-26",61,CA,1,119.19,119.19
12515,B,Christopher Stuart,"2023-07-26",20,GB,1,19.33,19.33
12521,B,Tracey Mills,"2025-04-16",73,MX,1,490.01,490.01
12524,A,Linda Roberts,"2022-03-13",50,IN,1,438.84,438.84
12530,A,Jason Meyers,"2021-09-22",71,FR,4,357.77,89.44
12532,A,Daniel Keller,"2021-09-26",58,FR,1,211.74,211.74
12535,B,Kelsey Sanchez,"2023-04-12",65,US,1,19.81,19.81
12536,A,Michael Moore,"2022-10-04",20,SE,1,156.07,156.07
12543,B,Michelle Williams,"2020-01-07",23,US,1,160.68,160.68
12545,B,Erik Watts,"2025-04-07",49,FR,1,42.63,42.63
12546,A,Stephanie Henderson,"2025-02-14",39,BR,1,51.82,51.82
12555,B,Elizabeth Campos,"2022-01-12",73,US,1,109.36,109.36
12556,A,Kristen Houston,"2025-10-12",43,DE,1,43.59,43.59
12559,B,Kathleen Garner,"2023-05-26",69,SE,2,116.2,58.1
12560,A,Brandy Gordon,"2022-07-12",27,GB,1,24.7,24.7
12569,B,Robin Robles,"2020-12-19",68,JP,1,56.15,56.15
12573,B,Carol Martin,"2020-12-31",48,ES,1,39.3,39.3
12577,B,Dominique Wilkinson,"2024-10-11",53,FR,2,192.07,96.03
12581,B,Michael Perez,"2024-07-27",53,ES,2,34.92,17.46
12582,A,Stanley Mueller,"2023-11-08",20,US,1,171.55,171.55
12584,A,William Smith,"2024-03-06",36,NL,1,218.32,218.32
12587,B,Zachary Jones,"2023-05-10",26,US,2,382.69,191.35
12591,B,Allen Rush,"2020-02-09",31,BR,2,153.73,76.87
12592,A,James Hernandez,"2025-10-07",35,US,1,180.28,180.28
12593,B,Wendy Welch,"2022-09-06",64,AE,2,493.61,246.81
12596,A,Brandon Hoover,"2024-03-20",68,GB,3,465.18,155.06
12599,B,Joseph Richards,"2023-08-05",35,PL,2,437.19,218.6
12601,B,Michael Barnes,"2025-05-02",68,FR,2,179.14,89.57
12603,B,Jennifer Phillips,"2023-11-30",38,CA,2,387.2,193.6
12605,B,Michael Bean,"2021-05-08",40,US,1,40.69,40.69
12606,A,Emily Mullen,"2022-04-21",21,SG,1,18.56,18.56
12613,B,Janet Terry,"2020-06-26",53,IN,2,72.69,36.35
12616,A,William Rush,"2022-04-26",33,IN,1,229.0,229.0
12619,B,Judith Taylor,"2021-07-20",39,IN,1,106.96,106.96
12620,A,Douglas Elliott,"2021-02-04",53,IN,1,47.44,47.44
12622,A,Dillon Miller,"2022-12-24",46,IN,1,40.69,40.69
12626,A,Bryan Rivera,"2024-01-30",43,PL,2,74.76,37.38
12637,B,Chad Leonard,"2024-09-03",68,AU,4,425.22,106.31
12643,B,Theodore Cooper,"2025-09-25",67,MX,1,129.66,129.66
12646,A,Dawn Jones,"2024-08-05",48,MX,3,1111.63,370.54
12647,B,Alexander Davis,"2020-04-07",63,BR,2,303.2,151.6
12649,B,Kathy Gonzales,"2024-12-19",51,GB,2,158.19,79.09
12652,A,Jeremy Woodard,"2022-10-19",50,SE,1,34.84,34.84
12655,B,Kelly Rosales,"2024-06-15",63,AE,1,65.91,65.91
12659,B,Latasha Hampton,"2021-07-20",51,DE,2,76.91,38.46
12660,A,Joel Vega,"2020-12-25",23,GB,1,230.72,230.72
12663,B,Ryan Torres,"2021-05-27",19,US,1,32.53,32.53
12664,A,Joseph Macdonald,"2023-01-31",70,NL,2,668.08,334.04
12666,A,Lindsay Rowe,"2025-10-22",70,GB,2,314.51,157.26
12670,A,Neil Reilly,"2022-01-18",38,ES,1,118.62,118.62
12673,B,Robert Hunter,"2024-09-15",57,BR,2,189.37,94.69
12679,B,Christopher Walker,"2023-10-26",71,US,1,216.5,216.5
12685,B,Matthew Elliott,"2025-03-20",66,FR,2,385.98,192.99
12689,B,Michael Cooper,"2021-05-11",52,JP,2,647.31,323.65
12692,A,Tracey Moran DVM,"2024-12-29",54,SE,2,452.33,226.17
12693,B,Jane Davis,"2024-04-12",21,GB,1,116.3,116.3
12699,B,William Clarke,"2024-03-13",70,DE,2,64.26,32.13
12700,A,William Campbell,"2022-04-25",30,GB,1,383.96,383.96
12702,A,Aaron Mckinney,"2021-03-28",47,CA,2,461.62,230.81
12704,A,Timothy Wright,"2021-01-28",25,BR,1,75.21,75.21
12707,B,Melissa Clark,"2024-11-24",46,AE,1,49.55,49.55
12712,A,Christopher Duncan,"2022-03-30",23,FR,2,104.63,52.32
12713,B,Rhonda Shannon,"2024-06-09",61,SE,1,32.32,32.32
12716,A,Justin Peters,"2022-03-15",71,SG,2,484.73,242.36
12718,A,Adam Wilson,"2023-10-21",69,SG,2,174.92,87.46
12721,B,Nichole Alexander,"2023-01-22",54,SE,2,118.63,59.32
12724,A,Tracy Dyer,"2022-08-17",21,BR,2,158.65,79.33
12726,A,William Conner,"2023-11-15",35,AE,1,195.54,195.54
12732,A,Ashley Murray,"2025-07-29",22,MX,1,243.45,243.45
12737,B,Jamie Cruz,"2024-04-14",36,SG,2,38.13,19.07
12739,B,Doris Brown,"2022-10-17",63,DE,1,110.99,110.99
12741,B,Amy Wilkins,"2022-11-25",67,FR,1,54.72,54.72
12743,B,Jeffrey Williams,"2023-08-01",32,NL,2,374.17,187.08
12744,A,Nicole Miller,"2022-06-27",53,GB,2,116.74,58.37
12752,A,Haley Wilson,"2020-06-12",43,FR,2,63.71,31.85
12755,B,Shane Smith,"2025-01-05",68,JP,1,58.8,58.8
12758,A,Calvin Flores,"2024-10-08",27,ZA,1,85.85,85.85
12765,B,James Vargas,"2025-02-10",66,NL,1,60.73,60.73
12766,A,Sylvia Hicks,"2025-01-04",58,DE,3,427.74,142.58
12768,A,Stephanie Barnett,"2025-02-08",55,US,2,155.41,77.71
12772,A,Amanda Thompson,"2020-01-19",25,NL,1,20.11,20.11
12774,A,Susan Barnes,"2020-12-09",24,ES,1,19.52,19.52
12778,A,Lynn Clark,"2020-05-20",36,MX,2,384.23,192.12
12783,B,Tiffany Long,"2025-09-29",26,IN,2,124.82,62.41
12784,A,Carmen Jenkins,"2024-03-22",27,IN,1,60.55,60.55
12785,B,Kristin Bray,"2024-03-27",24,NL,2,64.77,32.39
12786,A,Erik Duncan,"2023-05-31",41,MX,1,27.28,27.28
12790,A,William Kent,"2022-10-05",38,NL,1,39.86,39.86
12793,B,Tina Mooney,"2022-12-12",34,DE,1,60.97,60.97
12796,A,Rachel Lewis,"2024-09-02",32,ES,2,233.79,116.89
12801,B,Jennifer Pierce,"2025-10-25",51,CA,2,58.78,29.39
12804,A,Xavier Davis,"2022-10-13",55,FR,2,156.88,78.44
12808,A,Andrea Wilcox,"2023-01-22",67,FR,1,25.17,25.17
12809,B,Matthew Haynes,"2020-03-14",53,BR,1,179.06,179.06
12811,B,Mr. Michael Davenport,"2021-05-03",41,CA,1,56.88,56.88
12812,A,Craig Davis,"2024-01-16",54,SE,2,174.9,87.45
12814,A,Eric Thomas,"2022-09-08",29,US,1,42.34,42.34
12815,B,Stacy Mcfarland,"2023-05-01",63,JP,1,176.15,176.15
12816,A,Jeffery Orr,"2023-02-04",64,SG,3,151.29,50.43
12817,B,Tina Massey,"2025-06-23",33,IN,2,292.92,146.46
12818,A,Kelsey Adams,"2023-10-06",37,AE,3,104.18,34.73
12819,B,Mark Guzman,"2021-02-02",45,IN,1,244.2,244.2
12821,B,Patty Garcia,"2022-10-18",40,US,1,256.54,256.54
12822,A,Cody Vance,"2025-08-03",26,AU,2,584.12,292.06
12825,B,Matthew Wilson,"2022-03-19",19,FR,2,215.53,107.77
12828,A,Jane Wallace,"2024-09-24",48,US,1,57.33,57.33
12829,B,Adam French,"2023-11-17",42,DE,4,90.43,22.61
12832,A,Russell Garcia,"2025-02-20",20,JP,3,1500.62,500.21
12840,A,Madison Finley,"2021-12-29",73,MX,2,415.23,207.61
12844,A,Jonathon Booth,"2022-06-24",70,US,2,204.12,102.06
12845,B,Angela Henry,"2021-12-31",23,SE,1,236.41,236.41
12846,A,Laurie Wilson,"2021-06-23",73,IN,1,54.43,54.43
12849,B,Cynthia Lewis,"2025-01-28",48,NL,2,291.95,145.97
12851,B,Jennifer Jensen,"2024-07-01",57,MX,1,129.38,129.38
12855,B,Rhonda Romero,"2023-02-20",51,BR,2,379.38,189.69
12866,A,Jill Thornton,"2024-08-07",67,ES,1,23.9,23.9
12870,A,Dr. Meghan Miller MD,"2022-11-22",59,US,1,21.09,21.09
12873,B,Donna Fletcher,"2025-04-25",73,FR,1,404.46,404.46
12879,B,Catherine Fields,"2020-06-01",73,AU,1,59.75,59.75
12881,B,Crystal Morris,"2022-11-19",68,US,3,435.19,145.06
12884,A,Casey Ramirez,"2025-09-15",57,IN,2,43.5,21.75
12888,A,Jasmine Bell,"2021-12-19",36,FR,1,505.82,505.82
12900,A,Jennifer Taylor,"2021-12-08",34,BR,2,187.06,93.53
12902,A,Charles Walker,"2022-02-16",22,MX,1,69.64,69.64
12903,B,Michael Klein,"2023-04-15",20,JP,1,31.26,31.26
12904,A,Jessica Nelson,"2024-08-02",64,NL,2,623.0,311.5
12905,B,Michael Russell,"2024-06-15",59,ZA,2,234.5,117.25
12908,A,Marcus Montes,"2022-04-16",49,MX,1,247.72,247.72
12909,B,Rebecca Reid,"2020-02-28",41,CA,1,116.17,116.17
12910,A,Henry Greene,"2023-04-19",32,AU,1,20.95,20.95
12911,B,Michelle Nash,"2025-03-08",53,ES,2,251.85,125.93
12918,A,Amy Clark,"2021-01-19",62,AE,2,372.08,186.04
12925,B,Melissa Johnson,"2023-03-20",56,IN,1,69.35,69.35
12929,B,Sheila Juarez,"2023-05-10",26,US,2,148.0,74.0
12930,A,Nicholas Heath,"2021-02-05",27,AE,2,1095.43,547.72
12931,B,Christine Rush,"2022-04-09",22,MX,1,286.83,286.83
12934,A,Christopher Reynolds,"2020-11-28",44,US,1,119.89,119.89
12937,B,Darren Caldwell,"2021-07-25",52,US,1,206.17,206.17
12939,B,Ellen Cunningham,"2021-12-26",22,AU,2,553.46,276.73
12940,A,Carol Guerrero,"2022-08-13",36,US,2,117.1,58.55
12941,B,Sara Johnson,"2023-06-28",51,US,2,120.39,60.19
12953,B,Nicholas Coleman,"2021-10-04",38,AU,1,77.6,77.6
12957,B,Sandra Watts,"2020-10-05",29,AU,1,49.06,49.06
12962,A,Maria King,"2021-03-01",19,DE,2,78.89,39.44
12964,A,James Fleming,"2022-05-29",64,ZA,2,113.06,56.53
12967,B,Michael Schroeder,"2023-08-27",52,ZA,3,164.02,54.67
12968,A,Jasmine Morales,"2020-01-11",29,DE,1,129.72,129.72
12969,B,Johnathan Nichols,"2025-09-30",47,PL,3,982.53,327.51
12972,A,Andrew Daniels,"2023-10-15",55,FR,1,68.92,68.92
12974,A,Allison Meza,"2020-09-20",58,DE,2,367.11,183.56
12975,B,Andrea Garza,"2020-01-05",56,US,1,57.57,57.57
12978,A,Andrea James,"2022-07-22",33,IN,1,47.16,47.16
12982,A,Wesley Sutton,"2023-09-29",31,US,3,292.78,97.59
12983,B,Walter Davis,"2020-03-29",39,ES,1,27.45,27.45
12988,A,Noah Wagner,"2022-09-02",31,ES,2,193.88,96.94
12991,B,Danielle Montgomery,"2023-04-26",75,NL,1,296.97,296.97
12997,B,Stephanie Jenkins,"2022-06-25",71,SE,4,1672.49,418.12
12999,B,Robert Hess,"2023-07-29",65,FR,2,97.59,48.8
13002,A,Jessica West,"2021-06-20",19,US,2,274.27,137.14
13004,A,Robert Duncan,"2022-09-06",27,US,4,317.14,79.29
13005,B,Christian Morgan,"2024-02-28",22,CA,2,180.66,90.33
13006,A,Jeremy Jones,"2023-10-02",55,ES,1,130.24,130.24
13009,B,Scott Downs,"2021-02-26",69,ES,1,72.48,72.48
13011,B,Parker Wiggins,"2024-07-16",50,PL,1,36.7,36.7
13015,B,David Smith,"2020-03-09",46,AE,2,174.77,87.39
13016,A,Christopher Fields,"2021-12-20",67,US,1,63.37,63.37
13017,B,Jennifer Simpson,"2022-06-15",68,BR,1,199.63,199.63
13018,A,Gina Gilbert,"2024-12-09",38,JP,1,69.95,69.95
13020,A,Diana Nicholson,"2022-02-11",38,IN,1,840.49,840.49
13022,A,Dennis Jenkins,"2020-06-13",39,JP,1,46.9,46.9
13023,B,Maria Williams,"2025-09-28",57,US,1,60.68,60.68
13025,B,Joseph Key,"2021-06-10",38,BR,1,26.51,26.51
13026,A,Rebecca Larsen,"2025-09-22",64,GB,2,119.48,59.74
13032,A,Catherine Casey,"2023-09-13",41,SG,2,150.92,75.46
13036,A,April Smith,"2024-08-19",35,GB,1,158.76,158.76
13043,B,Mike Sullivan,"2023-10-27",59,US,2,67.01,33.51
13047,B,John Huerta,"2025-06-07",42,ES,3,1268.65,422.88
13051,B,Steven Campbell,"2025-05-30",60,DE,2,324.61,162.31
13052,A,Lori Blake,"2021-05-02",73,US,2,165.8,82.9
13053,B,Jeanette Mckay,"2022-11-26",66,FR,2,99.12,49.56
13054,A,Christina Dawson,"2020-06-05",55,FR,1,51.57,51.57
13055,B,Jessica Cox,"2020-11-24",40,SE,1,25.58,25.58
13057,B,Melissa Rice,"2024-10-28",20,FR,1,67.4,67.4
13061,B,Kevin Hughes,"2021-09-19",63,ES,1,149.28,149.28
13062,A,Benjamin Willis,"2020-11-11",37,DE,2,108.51,54.26
13067,B,Jennifer Williams,"2022-07-13",56,DE,1,667.24,667.24
13068,A,Larry Cabrera,"2022-03-28",66,FR,1,32.05,32.05
13072,A,Keith Thomas,"2025-03-26",63,DE,2,74.1,37.05
13074,A,Michael Zimmerman,"2021-08-09",51,ES,1,39.08,39.08
13076,A,Norma Mann,"2021-09-28",36,ZA,1,178.21,178.21
13080,A,Corey Sherman,"2024-04-26",30,ZA,2,602.42,301.21
13085,B,Melissa Macdonald,"2023-04-07",75,US,1,24.89,24.89
13103,B,Christina Grant,"2020-01-18",25,IN,2,107.09,53.55
13107,B,Daniel Diaz,"2024-11-02",55,DE,1,62.33,62.33
13108,A,Erin Wilson DDS,"2020-03-13",67,US,3,898.25,299.42
13109,B,Robert Curtis Jr.,"2023-07-03",75,ES,2,287.9,143.95
13115,B,Karen Meyer,"2021-08-02",37,PL,1,37.17,37.17
13122,A,Jordan Ortiz,"2020-01-11",48,PL,1,46.18,46.18
13126,A,Melinda Campbell,"2023-02-02",64,IN,2,211.96,105.98
13131,B,Terry Shaw,"2025-08-30",22,MX,1,13.84,13.84
13146,A,Jason Turner,"2021-11-03",41,BR,3,145.75,48.58
13147,B,Jeffery Munoz,"2022-06-09",55,US,1,110.36,110.36
13158,A,Savannah Salinas,"2021-08-11",52,AU,2,226.82,113.41
13160,A,Michael Chambers,"2023-10-30",71,BR,1,72.3,72.3
13167,B,Victoria Hicks,"2025-04-02",75,BR,1,78.03,78.03
13175,B,Amy Malone,"2025-09-15",67,FR,1,101.84,101.84
13181,B,Scott Klein,"2020-11-08",69,SG,1,35.6,35.6
13190,A,Dawn Gonzalez,"2025-06-11",25,SG,2,35.14,17.57
13193,B,Shawn Stewart,"2023-12-07",47,US,1,49.17,49.17
13205,B,Rebecca Petty,"2023-03-08",29,AU,1,181.91,181.91
13208,A,Tyler Davis,"2024-10-08",63,JP,1,19.15,19.15
13210,A,Debra Martin,"2025-04-24",55,NL,1,971.75,971.75
13215,B,Brian Olson,"2020-12-21",28,ZA,2,525.44,262.72
13224,A,Lisa Jackson,"2020-11-09",18,NL,1,63.56,63.56
13226,A,Beth Taylor,"2023-03-06",55,FR,1,78.78,78.78
13232,A,Eric Gomez,"2020-09-24",57,GB,3,383.06,127.69
13238,A,Alicia Parker,"2024-11-10",74,US,1,64.77,64.77
13239,B,Belinda Johnson,"2022-12-19",46,FR,1,98.24,98.24
13243,B,Allen Davis,"2022-09-03",46,FR,1,73.78,73.78
13250,A,Juan Gonzalez,"2022-06-06",32,MX,1,653.02,653.02
13262,A,Darryl Morton,"2022-10-13",38,GB,1,53.91,53.91
13264,A,Arthur Marsh,"2021-04-22",63,DE,2,246.8,123.4
13269,B,Mark Romero,"2022-07-18",35,MX,1,125.7,125.7
13275,B,Melanie Meyer,"2025-07-07",39,PL,1,221.49,221.49
13278,A,Stephanie Yang,"2022-12-10",48,US,3,635.24,211.75
13282,A,Robert Thompson,"2021-11-23",63,ES,3,710.86,236.95
13283,B,Antonio Ortega,"2020-11-10",60,CA,1,170.35,170.35
13286,A,Abigail Robles,"2022-12-24",33,JP,1,98.78,98.78
13288,A,Heather Butler,"2023-12-20",49,MX,1,240.98,240.98
13295,B,Eric Rojas,"2020-04-23",61,JP,1,102.09,102.09
13298,A,Eduardo Leon,"2020-05-29",45,SE,1,56.47,56.47
13303,B,Luis Porter,"2021-12-31",71,US,3,633.4,211.13
13306,A,Jacob Hernandez,"2020-10-11",59,US,3,449.64,149.88
13307,B,Connie Lee,"2021-07-20",53,FR,3,264.93,88.31
13312,A,Dr. Joshua Welch,"2024-07-14",74,NL,1,89.62,89.62
13313,B,Ryan Ramirez,"2021-02-14",40,GB,1,87.7,87.7
13322,A,Robin Weaver,"2021-03-11",50,AU,1,109.72,109.72
13325,B,Vanessa Adams,"2021-08-15",54,US,2,180.89,90.44
13329,B,Diane Rivera,"2020-07-06",57,FR,2,266.86,133.43
13332,A,Christine Jordan,"2020-05-28",25,JP,2,179.64,89.82
13333,B,Amanda Allen,"2022-09-02",22,JP,1,149.54,149.54
13334,A,Russell Medina,"2025-08-17",27,BR,1,140.29,140.29
13335,B,Joseph Oconnor,"2025-08-18",21,ES,2,92.87,46.43
13339,B,Taylor Carlson,"2020-06-10",21,IN,1,95.1,95.1
13340,A,Richard Parker,"2023-11-28",57,ES,1,94.2,94.2
13343,B,Michael Blair,"2020-10-25",51,US,1,308.21,308.21
13344,A,Brenda Henderson,"2024-01-01",32,DE,2,187.04,93.52
13354,A,Lisa Walters,"2024-06-22",51,JP,3,190.31,63.44
13356,A,Abigail Dunn,"2024-02-22",44,ES,1,45.58,45.58
13358,A,Megan Wiggins,"2023-02-28",70,AE,1,14.4,14.4
13360,A,Vanessa Williams,"2023-08-10",60,MX,1,77.73,77.73
13361,B,April Austin,"2022-04-25",66,ZA,2,331.59,165.79
13364,A,Danielle Lee,"2021-07-31",48,US,2,233.16,116.58
13366,A,Katherine Miller,"2024-02-10",63,CA,1,23.11,23.11
13368,A,Lucas Ruiz,"2023-10-23",55,CA,4,610.52,152.63
13370,A,Caleb Hodge,"2020-04-30",41,MX,1,187.14,187.14
13371,B,Charles Castro,"2021-10-18",36,BR,3,516.13,172.04
13373,B,Katie Glover,"2025-05-01",19,IN,1,30.12,30.12
13375,B,Cheryl Yang,"2022-10-28",20,MX,1,39.84,39.84
13376,A,Jessica Romero,"2025-01-31",37,US,1,115.11,115.11
13380,A,Calvin Richard,"2020-10-19",62,CA,1,27.05,27.05
13382,A,Melissa Golden,"2025-07-23",67,JP,1,41.41,41.41
13383,B,George Maldonado,"2023-05-25",67,SE,1,181.85,181.85
13386,A,Katrina Thomas,"2020-07-13",46,DE,1,156.37,156.37
13387,B,William Torres,"2024-06-21",35,BR,1,42.09,42.09
13388,A,Jody Moore,"2020-03-25",25,FR,2,76.52,38.26
13389,B,Linda Barnes,"2021-10-11",69,FR,2,822.65,411.32
13393,B,John Shepard,"2021-05-30",52,DE,2,214.44,107.22
13397,B,Jenna Mccullough,"2022-11-06",58,CA,1,96.87,96.87
13398,A,Eric Lewis,"2024-08-19",57,ES,1,24.04,24.04
13403,B,Nicholas Leon,"2021-12-10",57,US,3,158.22,52.74
13404,A,John Butler,"2021-08-10",55,CA,1,147.58,147.58
13407,B,Tiffany Jordan,"2024-03-14",40,DE,1,59.24,59.24
13419,B,Tina Lynch,"2022-05-24",67,FR,2,80.07,40.03
13420,A,James Scott,"2020-08-17",19,SE,1,36.17,36.17
13422,A,Jason Bennett,"2022-05-16",52,US,1,288.56,288.56
13424,A,Christopher Dennis,"2024-08-19",33,JP,1,28.57,28.57
13428,A,William Lambert,"2021-01-20",21,US,1,56.24,56.24
13430,A,Mary Chase,"2020-07-18",31,ZA,1,66.28,66.28
13435,B,Ryan Roberts,"2023-03-30",70,US,1,162.63,162.63
13438,A,Dr. Jennifer Dillon MD,"2023-03-25",42,MX,1,55.05,55.05
13439,B,Lucas Lopez,"2020-10-31",49,MX,1,39.45,39.45
13440,A,Zachary Green,"2020-02-24",58,ZA,1,76.11,76.11
13450,A,Cory Burnett,"2023-08-19",67,ES,2,76.97,38.48
13451,B,Amy Miller,"2023-03-04",39,GB,1,113.46,113.46
13453,B,Daniel Fisher,"2020-02-03",61,US,1,235.71,235.71
13455,B,Stacey Lopez,"2024-02-25",28,GB,3,71.06,23.69
13457,B,Andrew Martinez,"2023-07-20",57,AU,1,641.7,641.7
13463,B,Janet Pruitt,"2025-07-31",29,BR,2,147.19,73.6
13465,B,Mark Obrien,"2020-04-04",58,US,4,795.02,198.75
13466,A,Monica White,"2023-05-24",34,IN,1,51.58,51.58
13467,B,Sharon Hoffman,"2025-05-07",20,MX,2,213.99,107.0
13470,A,Jessica Cole,"2023-10-02",72,US,2,397.26,198.63
13471,B,Dr. Michael Lewis,"2024-02-02",42,PL,1,41.26,41.26
13474,A,David Johnson,"2025-05-13",34,CA,1,148.38,148.38
13475,B,Ricky Moore,"2024-02-22",48,DE,2,109.05,54.52
13480,A,Veronica Mccoy,"2021-12-31",44,US,2,174.9,87.45
13481,B,Ricky Moran,"2025-09-25",53,SG,1,45.43,45.43
13484,A,Krystal Becker,"2021-10-26",41,NL,1,87.58,87.58
13497,B,Joseph Cabrera,"2022-11-20",38,ES,2,479.23,239.61
13502,A,Kara Miller,"2023-11-23",63,SG,2,421.03,210.52
13504,A,Katherine Johnson,"2023-12-20",49,US,1,210.96,210.96
13505,B,Mario Schroeder,"2022-08-11",19,US,2,76.34,38.17
13506,A,Daniel Rodriguez,"2025-04-16",38,AE,2,52.63,26.31
13511,B,Gabriela Garrett,"2023-02-23",32,US,1,77.5,77.5
13512,A,Suzanne Hodges,"2021-09-09",62,SE,1,108.39,108.39
13513,B,Darrell Carson,"2022-05-03",34,US,2,877.02,438.51
13518,A,Brian Rodriguez,"2021-03-27",48,US,1,75.07,75.07
13522,A,Jose Green,"2023-05-09",55,US,1,163.48,163.48
13530,A,Christina Gray,"2021-05-26",48,NL,1,140.74,140.74
13531,B,Laurie Potter,"2023-04-03",48,GB,1,184.72,184.72
13539,B,Tamara Washington,"2021-10-17",61,MX,2,56.63,28.31
13545,B,Carol Martin,"2022-05-15",39,US,1,111.74,111.74
13546,A,Duane Jackson,"2021-11-11",62,NL,1,262.03,262.03
13547,B,Craig Moyer,"2024-11-20",24,MX,2,326.62,163.31
13552,A,John Taylor,"2023-05-11",63,MX,2,499.84,249.92
13555,B,Jessica Stark,"2021-11-07",53,FR,1,56.3,56.3
13561,B,Christina Calhoun,"2022-04-08",18,US,3,958.4,319.47
13568,A,Misty Acosta,"2025-08-05",32,CA,1,224.0,224.0
13570,A,Oscar Murphy,"2025-01-17",28,SG,2,79.12,39.56
13575,B,Sandy Dillon,"2024-07-27",71,CA,3,346.25,115.42
13579,B,Marcus Hartman,"2021-02-24",46,GB,2,73.73,36.87
13583,B,Lori Holt,"2025-10-06",33,SE,2,86.34,43.17
13585,B,Thomas Maddox MD,"2024-04-10",39,JP,1,161.92,161.92
13589,B,Kelly Olsen DVM,"2021-11-12",59,NL,3,160.02,53.34
13591,B,Ronald Scott,"2020-06-12",42,SG,1,133.87,133.87
13594,A,Kendra Sutton,"2021-06-02",60,IN,1,90.58,90.58
13595,B,Emma Hess,"2020-07-03",41,NL,2,258.75,129.37
13596,A,Matthew Griffith,"2022-03-10",64,US,1,56.42,56.42
13602,A,Mrs. Shirley Williams,"2021-08-15",32,US,3,822.05,274.02
13608,A,Mrs. Linda Mcintyre,"2024-06-25",69,GB,1,178.22,178.22
13609,B,Candice Baker,"2024-12-22",30,ES,1,100.53,100.53
13610,A,Jorge Avila PhD,"2021-05-04",71,AE,1,289.31,289.31
13614,A,Mark Sanford,"2023-07-26",18,DE,1,303.43,303.43
13618,A,Alison Gay,"2025-02-22",69,BR,1,44.78,44.78
13621,B,Justin Little,"2021-06-25",55,FR,2,2487.41,1243.7
13622,A,Taylor Mullen,"2021-05-09",52,ES,3,574.18,191.39
13625,B,Crystal Eaton,"2024-12-23",63,BR,1,28.89,28.89
13626,A,Sarah Washington,"2025-03-10",22,MX,1,132.75,132.75
13628,A,Shannon Miller,"2020-09-22",73,US,1,258.87,258.87
13632,A,Robert Harris,"2023-10-07",47,CA,2,635.38,317.69
13640,A,Brenda Garcia,"2023-05-06",65,JP,1,15.8,15.8
13643,B,Brandon Anderson,"2024-12-09",18,US,1,43.04,43.04
13644,A,Michael Oconnor,"2023-10-21",25,IN,2,430.7,215.35
13646,A,James Cohen,"2024-02-24",39,US,1,63.01,63.01
13648,A,Danielle Herrera,"2021-02-26",59,US,3,434.59,144.86
13653,B,Janice Porter,"2023-12-31",29,SG,1,151.33,151.33
13654,A,Jacob Salazar,"2024-07-31",30,CA,1,19.7,19.7
13657,B,Kenneth Harris,"2023-06-15",52,MX,2,306.22,153.11
13658,A,Melissa Cross,"2020-06-26",28,FR,2,427.29,213.64
13659,B,Robert Sampson,"2020-06-22",54,JP,2,165.06,82.53
13663,B,Brandy Flowers,"2023-03-28",47,FR,1,25.4,25.4
13664,A,Brian Kelly,"2025-03-01",35,US,1,120.47,120.47
13672,A,Paul Gutierrez,"2025-07-07",70,DE,1,67.16,67.16
13673,B,Janet Durham,"2025-02-23",34,AE,1,61.46,61.46
13678,A,Valerie Porter,"2021-12-25",25,DE,1,29.51,29.51
13679,B,Steven Bender,"2025-10-11",24,MX,1,658.44,658.44
13683,B,Ethan Martinez,"2025-04-21",20,BR,1,125.41,125.41
13687,B,Jessica Ward,"2025-03-06",61,JP,1,42.83,42.83
13691,B,Donald Anthony,"2025-07-22",59,GB,1,133.31,133.31
13693,B,Ashley Rivas,"2025-07-07",47,PL,2,568.31,284.16
13696,A,Melinda Horton,"2021-08-15",61,ES,1,144.05,144.05
13698,A,Dr. Scott Martin,"2021-02-13",42,SE,1,234.48,234.48
13699,B,Sergio Cooper,"2020-12-01",75,GB,1,97.91,97.91
13702,A,Steven Hicks,"2020-02-17",42,US,2,276.38,138.19
13706,A,Douglas Anderson,"2024-02-15",49,FR,1,104.42,104.42
13708,A,Zachary Castaneda,"2024-02-04",53,GB,2,52.39,26.19
13713,B,Carolyn Lopez,"2023-08-15",64,US,2,605.13,302.57
13717,B,James Lee,"2020-03-11",56,US,1,58.97,58.97
13719,B,Jacob Brown,"2024-04-21",18,CA,1,39.65,39.65
13720,A,Timothy Rhodes,"2023-06-17",69,PL,2,215.57,107.78
13721,B,Alexandra Blackwell,"2021-07-04",40,BR,1,150.32,150.32
13722,A,Danny Harvey,"2020-03-05",24,JP,2,475.77,237.89
13725,B,Martha Hicks,"2024-07-11",69,PL,1,1678.36,1678.36
13731,B,Derrick Padilla,"2021-09-28",60,AU,3,935.54,311.85
13732,A,Joseph Tran,"2025-05-07",27,MX,1,40.68,40.68
13734,A,Courtney Kelly,"2020-08-27",59,AU,1,63.53,63.53
13738,A,Shelley Smith,"2023-04-24",32,IN,3,371.01,123.67
13740,A,Angela Fernandez,"2020-06-01",34,US,1,70.97,70.97
13743,B,Breanna Ibarra,"2022-08-06",49,GB,2,148.14,74.07
13747,B,Robert Bell,"2023-07-11",23,NL,4,947.43,236.86
13748,A,Brittany Bennett,"2025-04-18",70,NL,1,68.2,68.2
13752,A,John Haynes,"2021-09-24",51,JP,1,50.15,50.15
13759,B,Tammy Douglas,"2020-10-31",51,US,2,216.97,108.49
13761,B,Amanda Ware,"2021-05-11",48,IN,1,110.33,110.33
13764,A,Dr. Shawn Brown,"2023-03-12",19,BR,2,278.14,139.07
13783,B,Ashley Cook,"2022-03-16",72,BR,1,120.19,120.19
13784,A,Joseph Tucker,"2024-04-26",18,GB,2,117.56,58.78
13791,B,Leslie Torres,"2023-03-23",56,US,1,10.63,10.63
13792,A,Jimmy Rogers,"2020-06-30",31,MX,1,48.16,48.16
13805,B,Sarah Sanders,"2023-07-26",75,SG,1,113.81,113.81
13818,A,Gary Jones,"2020-07-05",40,JP,2,240.28,120.14
13819,B,Daniel Brown,"2021-11-13",72,NL,1,186.4,186.4
13821,B,Jose King,"2022-07-29",47,SG,3,387.51,129.17
13822,A,Kelly Hudson,"2021-12-27",73,US,1,64.04,64.04
13823,B,Scott Howard,"2023-02-25",51,US,2,251.99,126.0
13826,A,Eric Stokes,"2025-09-17",30,GB,1,28.04,28.04
13833,B,Kelli Carpenter,"2020-10-30",54,SE,1,88.51,88.51
13838,A,Shawn Washington,"2021-09-28",61,MX,2,282.08,141.04
13845,B,Keith Smith,"2020-06-16",19,US,1,113.01,113.01
13854,A,Michael Coleman,"2020-12-02",68,DE,3,844.82,281.61
13858,A,Raymond Munoz,"2025-05-22",61,NL,1,140.93,140.93
13860,A,Kelly Wang,"2024-03-26",71,US,1,99.14,99.14
13863,B,Denise Johnson,"2020-01-28",44,AU,1,181.9,181.9
13866,A,James Peterson,"2021-03-28",70,US,1,87.18,87.18
13869,B,Michael Lopez,"2025-08-14",20,IN,1,340.35,340.35
13870,A,Andrew Mckinney,"2023-08-04",37,IN,1,150.1,150.1
13871,B,Gregory Gray III,"2024-01-29",71,US,2,457.48,228.74
13873,B,John Reed,"2024-12-12",68,FR,1,81.74,81.74
13879,B,Lauren Perez,"2020-05-31",24,GB,3,399.83,133.28
13880,A,Tommy Schmidt,"2020-11-11",31,FR,1,565.03,565.03
13881,B,Karen Sharp,"2022-06-15",55,AU,1,406.2,406.2
13886,A,Kristina Williams,"2020-12-01",41,CA,1,77.07,77.07
13887,B,William Wade,"2021-02-05",22,US,2,138.93,69.47
13888,A,Gregory Garcia,"2020-10-10",52,FR,1,131.0,131.0
13890,A,Stephen Hudson,"2022-10-13",64,DE,3,242.51,80.84
13894,A,Elizabeth Taylor,"2020-08-14",62,AU,4,2099.35,524.84
13898,A,Jennifer Ashley MD,"2020-02-19",37,US,1,132.74,132.74
13902,A,Sandra Carter,"2022-06-19",66,NL,4,405.19,101.3
13905,B,Bryce Sutton,"2023-11-19",60,CA,1,45.47,45.47
13906,A,Ryan Morgan,"2024-08-13",38,DE,1,163.74,163.74
13908,A,Courtney Turner,"2024-02-08",72,DE,3,743.04,247.68
13912,A,Jeffrey Lynn,"2020-02-27",28,GB,1,111.11,111.11
13913,B,Katrina Buchanan,"2020-12-05",67,NL,1,302.72,302.72
13914,A,Gregory Johnson,"2023-06-25",60,MX,4,462.69,115.67
13916,A,Paige Davidson,"2020-09-12",68,US,2,27.05,13.52
13919,B,Gordon Mcgee,"2022-03-17",66,ZA,3,180.96,60.32
13921,B,Joshua Bailey,"2024-04-18",63,US,3,282.39,94.13
13922,A,Joseph Walsh,"2022-12-22",26,US,1,115.83,115.83
13932,A,Eric Reed,"2022-10-24",27,BR,2,332.02,166.01
13933,B,Nathan Warren,"2020-08-08",26,SG,2,722.07,361.03
13950,A,Richard Richards,"2021-04-28",28,FR,2,145.77,72.88
13953,B,Tanya Ramirez,"2023-05-09",25,CA,2,609.51,304.76
13954,A,Jennifer Schroeder,"2021-04-12",34,US,1,78.12,78.12
13958,A,Larry Jordan,"2020-12-10",62,PL,1,130.73,130.73
13960,A,Nancy Smith,"2023-05-15",49,US,1,174.44,174.44
13962,A,Eric Flores,"2025-03-10",44,DE,2,212.42,106.21
13964,A,Ann Chan,"2024-05-14",69,MX,3,275.85,91.95
13965,B,Mark Lynch,"2022-05-01",29,ZA,1,786.75,786.75
13968,A,Travis Young,"2020-07-19",60,DE,1,172.88,172.88
13973,B,Eric Johnson,"2024-05-08",33,US,1,58.93,58.93
13980,A,Marcus Hurley,"2022-11-09",46,SG,1,147.3,147.3
13982,A,Joe Barnes,"2020-04-29",20,ES,2,219.88,109.94
13988,A,Dawn Scott,"2025-06-21",38,PL,3,531.3,177.1
13989,B,Teresa Gregory,"2022-07-31",60,BR,1,11.02,11.02
13991,B,Ricky Li,"2025-10-25",49,SG,1,40.69,40.69
13992,A,Joshua Cooper,"2025-09-30",35,GB,1,49.29,49.29
13993,B,John Ramirez,"2021-11-25",43,AE,2,324.73,162.36
13997,B,Kimberly Weaver,"2024-05-19",40,IN,2,69.99,34.99
13998,A,Lori Cameron,"2023-08-27",45,DE,2,271.46,135.73
13999,B,Pamela Gallagher,"2024-11-09",32,SE,1,941.0,941.0
14003,B,Judith Bell,"2022-02-27",60,MX,3,149.34,49.78
14009,B,Lisa Collins,"2025-01-02",37,ES,2,73.37,36.68
14010,A,Shawn Larson,"2025-07-12",69,FR,3,262.57,87.52
14012,A,Brent Brown,"2023-03-01",51,US,1,30.97,30.97
14020,A,Audrey Daniels,"2024-07-03",20,US,1,32.05,32.05
14026,A,Aaron Ewing,"2025-07-21",21,US,1,99.4,99.4
14037,B,Kayla Nelson,"2023-12-17",43,ES,1,157.15,157.15
14038,A,Deanna Hunt,"2020-12-24",20,NL,1,82.37,82.37
14039,B,Katie Flowers,"2024-04-12",32,IN,2,354.92,177.46
14045,B,Mathew Tanner,"2022-08-24",51,SG,1,16.53,16.53
14047,B,Tammy Smith,"2025-10-18",18,BR,3,586.09,195.36
14049,B,William Juarez,"2022-07-09",71,DE,3,234.83,78.28
14058,A,Danielle Martin,"2023-02-13",54,US,1,28.96,28.96
14059,B,Jeffrey Lawson,"2021-02-14",50,NL,1,226.12,226.12
14065,B,Rebecca Davis,"2022-10-05",59,US,1,111.38,111.38
14067,B,Courtney Hodge,"2020-12-01",50,ES,2,111.88,55.94
14071,B,Michael Khan,"2021-03-25",72,MX,1,256.16,256.16
14072,A,Jason Wilson,"2020-11-11",21,BR,2,116.33,58.16
14074,A,Steven Lee,"2025-04-12",52,GB,1,75.47,75.47
14078,A,Thomas Jones,"2020-04-21",64,JP,1,118.73,118.73
14082,A,Alex Carey,"2025-05-04",55,FR,1,329.59,329.59
14084,A,Charles Allen,"2023-04-28",33,JP,2,293.2,146.6
14086,A,Andrew Young,"2023-12-18",63,BR,1,27.35,27.35
14092,A,Leslie Diaz,"2023-04-25",18,IN,2,173.92,86.96
14094,A,Rose Bennett,"2020-04-07",57,IN,1,21.93,21.93
14095,B,Melissa Jefferson,"2020-12-24",56,US,1,14.02,14.02
14097,B,Patricia Scott,"2021-10-20",38,DE,1,47.85,47.85
14098,A,Kelli Bradley,"2022-04-10",25,DE,1,133.03,133.03
14102,A,Kelly Jensen,"2021-07-12",50,PL,1,33.76,33.76
14103,B,Christopher Barrett,"2023-09-04",35,US,1,112.28,112.28
14107,B,Tiffany Barajas,"2023-11-30",54,MX,2,609.57,304.78
14111,B,Matthew Gallegos,"2024-01-05",33,IN,2,320.41,160.2
14113,B,Nicole Manning,"2020-07-04",44,BR,1,24.28,24.28
14118,A,Katrina Mcfarland,"2024-09-06",67,CA,2,193.47,96.73
14119,B,Sandra Montgomery,"2021-10-28",55,DE,1,82.16,82.16
14120,A,John Foster,"2020-10-04",48,US,1,22.22,22.22
14123,B,Sara Griffin,"2021-12-05",59,SG,1,229.2,229.2
14125,B,Brian Moon,"2024-05-11",32,MX,1,267.49,267.49
14127,B,Darren Bowen,"2025-01-06",24,NL,1,128.16,128.16
14128,A,Ann Robinson,"2025-07-07",66,DE,1,112.45,112.45
14133,B,Joshua Cook,"2022-07-02",58,DE,1,68.76,68.76
14135,B,Micheal Howell,"2020-03-27",24,PL,3,2588.95,862.98
14136,A,Jennifer Kirby,"2020-09-24",62,US,1,41.13,41.13
14137,B,Brett Bates,"2021-01-20",23,CA,2,221.3,110.65
14138,A,Norma Smith,"2021-01-07",45,GB,1,35.75,35.75
14141,B,Michelle Ramirez,"2021-01-31",48,MX,2,56.11,28.05
14145,B,Holly Allen,"2021-08-25",71,AU,2,38.77,19.39
14149,B,Anne May,"2022-06-02",43,SG,2,101.15,50.57
14152,A,Matthew Daniels,"2022-12-10",41,MX,1,229.27,229.27
14153,B,Jamie Leon,"2022-11-03",64,FR,1,747.76,747.76
14155,B,Stephanie Parks,"2023-04-29",24,MX,1,87.03,87.03
14160,A,Angela Johnson,"2020-09-29",49,US,1,76.48,76.48
14166,A,Frank Long,"2025-05-10",43,AU,1,163.87,163.87
14168,A,Casey Jackson,"2020-07-29",19,US,1,83.25,83.25
14169,B,Ashley Brewer,"2023-07-04",72,SG,2,586.1,293.05
14171,B,Christopher Williams MD,"2021-05-14",51,ZA,2,449.05,224.53
14174,A,Joanna Wood,"2022-10-08",32,IN,1,57.46,57.46
14175,B,Katherine Ross,"2024-10-05",24,JP,1,40.61,40.61
14177,B,Jose Ortega,"2022-02-19",64,SG,1,84.02,84.02
14188,A,Kelsey Brown,"2021-05-09",36,US,2,233.62,116.81
14191,B,Brenda Booth,"2022-01-22",44,BR,1,64.52,64.52
14194,A,Pamela Rogers,"2022-11-06",44,AU,1,78.75,78.75
14196,A,Linda Cantu,"2023-05-24",69,GB,2,265.45,132.72
14197,B,Sarah Davis,"2023-02-06",53,AU,1,169.28,169.28
14200,A,Amanda Young,"2023-05-02",22,IN,2,161.4,80.7
14201,B,Elizabeth Sanchez,"2022-05-13",54,AE,1,39.23,39.23
14203,B,Matthew Flores,"2024-12-08",59,US,2,157.64,78.82
14204,A,Mary Martin,"2025-07-12",35,BR,1,65.48,65.48
14205,B,Karen Santiago,"2025-02-23",30,MX,2,127.85,63.93
14206,A,Kenneth Jones,"2024-04-21",71,IN,1,351.86,351.86
14207,B,Rebecca Hawkins,"2020-08-29",40,US,2,72.64,36.32
14210,A,Garrett Higgins,"2021-09-17",52,BR,2,563.83,281.92
14213,B,Sara Fisher,"2023-06-26",68,FR,2,180.89,90.45
14215,B,Tammy Ramos,"2022-07-22",27,ES,2,249.54,124.77
14216,A,Jordan Matthews,"2024-04-06",32,SG,1,138.92,138.92
14219,B,Benjamin Smith,"2021-01-02",50,SE,2,382.77,191.39
14221,B,Sherry Carey,"2023-11-16",52,AU,1,189.06,189.06
14222,A,Shannon Norton,"2023-05-22",58,NL,1,55.39,55.39
14224,A,Jacqueline Wright,"2024-12-05",50,SE,4,364.31,91.08
14225,B,Emily Brown,"2021-04-08",20,DE,1,339.16,339.16
14226,A,Kari Russo,"2024-06-02",59,IN,2,64.83,32.41
14230,A,Victoria Olson,"2025-02-02",45,SG,1,59.55,59.55
14231,B,Leah Marks,"2025-10-14",31,IN,2,482.64,241.32
14232,A,Ashley Miller,"2020-05-29",47,IN,3,378.76,126.25
14233,B,Anthony Adkins,"2020-12-24",68,IN,1,246.74,246.74
14235,B,Jason Johnson,"2023-03-01",53,SE,1,55.45,55.45
14238,A,Mrs. Kristen Robinson DDS,"2021-04-21",54,IN,2,229.88,114.94
14239,B,Jason Jones,"2022-10-07",26,US,1,16.43,16.43
14244,A,Peggy Mercado,"2024-07-27",71,ES,1,155.68,155.68
14246,A,Kristina Mcgee,"2021-02-18",32,IN,1,27.69,27.69
14247,B,Brad Cole,"2024-07-20",74,US,1,224.97,224.97
14248,A,Mr. Michael Garrett,"2024-07-19",75,DE,2,374.79,187.4
14249,B,Kenneth Rogers,"2024-11-01",55,IN,1,26.02,26.02
14253,B,April Howard,"2021-07-16",60,GB,1,565.87,565.87
14256,A,Caitlin Pineda,"2020-01-14",55,JP,2,71.59,35.8
14259,B,Natasha Lewis MD,"2023-09-14",71,US,1,118.56,118.56
14260,A,Wendy Ruiz,"2025-08-20",28,JP,1,182.1,182.1
14261,B,Joseph Moore,"2022-04-17",39,AU,1,48.38,48.38
14262,A,Nicole Smith,"2023-02-08",37,BR,3,139.5,46.5
14266,A,Melissa Rodriguez,"2023-10-18",75,ES,1,65.56,65.56
14270,A,Sarah Dominguez,"2020-10-15",52,SG,2,223.72,111.86
14274,A,Jason Burnett,"2024-12-20",42,JP,1,128.09,128.09
14281,B,Lori Hill,"2020-12-23",50,DE,1,41.74,41.74
14289,B,Gregory Smith,"2023-07-17",31,SG,2,67.57,33.78
14290,A,Latoya Hodge,"2025-03-22",68,DE,1,56.23,56.23
14294,A,Jessica Rodriguez,"2020-05-31",27,MX,1,40.23,40.23
14298,A,Jon Harrison,"2021-07-11",55,DE,2,156.51,78.25
14301,B,Spencer Ramirez,"2020-11-25",67,US,2,106.7,53.35
14304,A,Nicholas Henry,"2025-07-20",56,DE,2,109.11,54.56
14308,A,Susan Johnson,"2024-03-06",46,US,1,137.2,137.2
14311,B,Linda Cervantes,"2021-05-25",62,US,1,544.69,544.69
14318,A,Andrew Benson,"2020-08-13",18,JP,2,318.95,159.47
14319,B,James Grimes,"2022-09-29",42,IN,2,154.71,77.36
14320,A,Kristy Bates,"2024-05-10",22,DE,4,132.1,33.02
14326,A,Dr. Luke Wilkins,"2020-07-11",26,US,2,623.7,311.85
14328,A,Scott Chambers,"2020-10-17",46,CA,1,561.16,561.16
14329,B,Sheri Wilson,"2021-04-01",54,AU,1,111.28,111.28
14333,B,Kimberly Kim,"2024-05-04",59,GB,3,168.93,56.31
14335,B,Jason Walsh,"2024-09-13",38,US,1,104.36,104.36
14338,A,Eric Brown,"2020-04-24",19,DE,1,116.25,116.25
14345,B,Sara Martin,"2020-06-23",45,ZA,3,172.97,57.66
14347,B,Roy Clark,"2025-09-29",18,JP,2,278.79,139.39
14349,B,Philip Brown,"2022-11-21",54,IN,1,94.68,94.68
14354,A,Kevin Douglas,"2021-03-20",63,US,2,573.16,286.58
14357,B,Stephanie Adams,"2023-09-07",55,US,1,145.04,145.04
14358,A,Roger Rubio,"2022-08-29",25,BR,3,189.94,63.31
14359,B,Christopher Williams,"2020-06-04",45,GB,2,209.5,104.75
14360,A,Sheri Sanchez,"2025-08-22",23,NL,1,264.0,264.0
14365,B,Brandi Smith,"2021-12-25",23,ZA,3,182.04,60.68
14366,A,Gregory Hays,"2020-07-27",58,CA,2,261.95,130.97
14367,B,Amy Boone,"2022-02-16",35,ES,1,105.32,105.32
14371,B,Mrs. Michelle Berry DDS,"2020-05-16",59,FR,1,244.63,244.63
14372,A,Jennifer Franklin,"2025-03-26",72,BR,2,212.52,106.26
14374,A,Michael Wright,"2021-03-31",71,DE,1,117.14,117.14
14376,A,Joy Dickerson,"2021-07-22",57,US,3,805.01,268.34
14385,B,Cynthia Macdonald,"2024-07-28",27,US,2,265.16,132.58
14388,A,Taylor Norton DDS,"2022-12-16",43,FR,2,262.46,131.23
14400,A,Ann Goodman,"2021-06-07",19,ZA,2,965.06,482.53
14404,A,Daniel Stark,"2025-01-10",67,AE,1,66.05,66.05
14409,B,Gregory Aguilar,"2025-10-03",33,NL,2,276.82,138.41
14418,A,Dustin Carter,"2020-06-10",32,US,2,36.09,18.05
14419,B,Christina Snow,"2021-03-02",67,US,1,17.93,17.93
14421,B,Tammy Adams,"2020-10-01",68,SG,2,745.7,372.85
14424,A,Eileen Lopez,"2020-08-09",69,US,2,257.99,128.99
14425,B,Connie Dickerson,"2025-08-28",58,FR,1,136.67,136.67
14433,B,Cynthia Burns,"2021-03-14",27,MX,1,103.55,103.55
14438,A,Michael Chaney,"2025-01-11",67,US,2,127.09,63.54
14439,B,Sharon Harris,"2020-11-23",37,US,2,665.47,332.73
14440,A,Miss Mary Simmons,"2025-09-24",20,DE,2,408.69,204.35
14441,B,Carol Martin MD,"2024-07-02",19,CA,1,150.65,150.65
14449,B,Robert Hernandez,"2023-04-22",37,AE,1,13.71,13.71
14456,A,Troy Black,"2021-07-28",48,NL,2,264.05,132.02
14464,A,Jason Gould,"2025-02-28",27,DE,2,614.64,307.32
14465,B,Leslie Mitchell,"2025-09-13",68,GB,1,87.84,87.84
14470,A,Kelly Johnson,"2023-12-31",54,GB,3,331.39,110.46
14473,B,Tina Guerrero,"2023-08-06",61,MX,2,295.94,147.97
14474,A,Robert Powell,"2021-12-07",70,MX,1,220.97,220.97
14478,A,Molly Powell,"2023-03-10",39,CA,4,283.5,70.87
14481,B,Ronald Allen,"2020-11-01",36,BR,1,233.44,233.44
14482,A,Nicholas Rice,"2020-02-21",33,ES,1,24.33,24.33
14486,A,Connie Robinson,"2022-01-02",64,US,1,25.73,25.73
14489,B,John Parker,"2024-11-10",23,BR,1,104.13,104.13
14495,B,Jessica Romero,"2020-12-16",59,GB,1,1924.76,1924.76
14501,B,Michele Hunt MD,"2023-04-09",28,CA,2,209.03,104.51
14512,A,Nathan Tran,"2022-10-22",49,PL,1,26.1,26.1
14518,A,John Sanchez,"2023-10-04",29,GB,1,32.9,32.9
14519,B,Sandy Murphy,"2023-01-27",63,DE,1,23.56,23.56
14520,A,Sean Lee,"2025-09-27",23,JP,1,87.66,87.66
14522,A,Tamara Mccoy,"2022-12-16",41,US,1,270.26,270.26
14524,A,Jose Little,"2025-04-07",25,BR,1,61.33,61.33
14526,A,Jerome Parker,"2021-01-04",55,FR,1,102.76,102.76
14527,B,Robert Harris,"2025-01-16",23,US,2,104.12,52.06
14528,A,Terry Gibson,"2024-09-09",73,SE,1,72.44,72.44
14537,B,Sara Hall,"2023-06-25",46,US,1,103.79,103.79
14539,B,Kaylee Reese,"2025-02-16",25,GB,2,210.58,105.29
14544,A,Brian Yang,"2023-12-08",40,NL,2,207.08,103.54
14547,B,Ann Jackson,"2022-02-01",37,DE,3,283.74,94.58
14549,B,Jonathan Martinez,"2022-06-03",54,NL,2,199.8,99.9
14551,B,Thomas Thompson,"2023-12-26",20,IN,1,48.47,48.47
14558,A,David Bauer,"2024-12-31",65,DE,1,24.28,24.28
14562,A,Alicia Davis,"2024-12-27",28,US,2,219.45,109.72
14565,B,Brittany Mills,"2024-01-21",72,BR,1,40.09,40.09
14568,A,Carmen Campbell,"2023-05-04",20,ES,2,168.94,84.47
14570,A,Marco Gordon,"2024-01-23",47,CA,2,127.18,63.59
14572,A,Stephen Prince,"2025-10-31",24,PL,2,128.31,64.16
14573,B,Scott Davis,"2021-12-11",60,US,2,40.22,20.11
14574,A,Paula Baker,"2024-07-31",57,SG,1,30.5,30.5
14586,A,Jeffrey Munoz,"2025-07-21",69,US,1,112.38,112.38
14587,B,Gina Thompson,"2021-09-27",34,BR,2,123.5,61.75
14590,A,Kelly Alvarez,"2021-07-06",58,IN,1,78.14,78.14
14591,B,Tyler Bailey,"2020-07-29",44,NL,1,685.11,685.11
14592,A,Michelle Little,"2023-10-03",67,ES,1,21.6,21.6
14596,A,Martin Sanchez,"2025-09-29",39,NL,1,149.53,149.53
14599,B,Craig Rodgers,"2024-01-17",21,DE,2,207.18,103.59
14600,A,James Avila,"2022-10-11",54,IN,4,649.8,162.45
14602,A,Tiffany Gonzalez,"2024-11-08",24,ES,1,58.84,58.84
14604,A,Theresa Gonzales,"2024-09-10",30,FR,2,468.99,234.49
14607,B,Debbie Stewart,"2024-05-23",33,IN,1,83.38,83.38
14611,B,Matthew Mendez,"2020-08-13",40,IN,1,75.36,75.36
14613,B,Lindsay Bond,"2020-10-03",57,IN,1,83.31,83.31
14615,B,Carolyn Stein,"2024-08-22",32,DE,4,605.33,151.33
14618,A,Joshua Davis,"2024-11-05",27,BR,3,287.52,95.84
14622,A,Victoria Jones,"2022-06-27",48,AU,1,26.72,26.72
14623,B,Kyle Scott,"2023-08-16",21,FR,2,388.47,194.23
14625,B,Matthew Kennedy,"2024-02-05",56,FR,2,386.13,193.06
14627,B,Jesus Johnson,"2022-02-19",22,GB,2,146.85,73.42
14628,A,Daniel Woodard,"2024-12-25",49,CA,2,63.61,31.8
14630,A,Michael Anderson,"2021-01-17",26,SE,2,85.82,42.91
14631,B,Matthew Floyd,"2020-03-03",54,IN,1,224.73,224.73
14633,B,Kevin Martinez,"2023-09-14",60,BR,2,391.71,195.85
14634,A,Jason Johnson,"2024-09-20",58,BR,2,605.85,302.93
14635,B,Tyler Smith,"2024-02-10",39,US,2,86.26,43.13
14639,B,Sheila Edwards,"2025-06-04",50,US,2,48.19,24.1
14640,A,Karen Poole,"2021-05-12",34,IN,2,400.46,200.23
14641,B,Stephanie Lester,"2022-04-10",73,SE,2,69.06,34.53
14642,A,Jay Evans,"2020-02-27",44,IN,2,211.22,105.61
14647,B,Megan Fisher,"2025-03-05",23,GB,3,386.78,128.93
14648,A,Michael Morgan,"2020-08-01",45,US,1,83.68,83.68
14650,A,Paige Perry,"2022-06-18",44,AU,1,224.34,224.34
14652,A,Javier Flores,"2020-03-12",26,NL,2,187.78,93.89
14653,B,Robert Sanchez,"2025-04-16",39,US,1,432.43,432.43
14655,B,Brian Simon,"2022-12-20",54,AU,1,147.22,147.22
14656,A,Tammy Singh,"2024-08-28",33,CA,1,394.25,394.25
14658,A,Derek Hoffman MD,"2024-05-04",51,FR,1,196.22,196.22
14664,A,Melissa Harper,"2023-05-12",71,AU,1,255.14,255.14
14665,B,Brian Hopkins,"2020-10-08",64,GB,3,710.23,236.74
14668,A,Suzanne Howard,"2021-08-18",47,MX,2,263.02,131.51
14669,B,Roger Lee,"2023-09-14",23,BR,1,291.33,291.33
14672,A,Jonathan Clements,"2021-08-18",25,US,3,1316.47,438.82
14676,A,Sophia Hodge,"2024-08-19",67,BR,1,48.4,48.4
14684,A,Alicia Brewer,"2022-01-05",45,IN,1,138.51,138.51
14688,A,Erik Rojas,"2020-11-26",69,IN,1,43.64,43.64
14689,B,Ian Thomas,"2023-09-18",53,ES,4,494.27,123.57
14690,A,Lisa Fitzgerald,"2020-06-07",19,GB,1,32.62,32.62
14692,A,Jamie Zimmerman,"2022-03-06",52,ES,1,113.82,113.82
14693,B,Angelica Mccarthy,"2021-12-26",57,CA,2,69.83,34.92
14694,A,Cynthia Jimenez,"2022-10-18",71,ZA,1,118.16,118.16
14696,A,Paula Boyd,"2023-01-21",30,PL,1,102.74,102.74
14702,A,Kim Lara,"2024-12-18",27,DE,1,117.99,117.99
14710,A,Billy Thomas,"2024-06-20",36,GB,1,91.72,91.72
14714,A,Rachel Scott,"2024-11-02",41,PL,1,290.86,290.86
14715,B,Erin Anderson,"2023-12-10",18,US,3,215.5,71.83
14716,A,Bonnie Pena,"2023-01-21",57,AU,1,33.24,33.24
14718,A,Christopher Moses,"2020-08-25",66,MX,1,291.24,291.24
14720,A,Michele Mitchell,"2024-08-17",68,FR,1,27.91,27.91
14730,A,Courtney Kidd,"2020-01-19",46,US,1,60.97,60.97
14731,B,Kimberly Middleton,"2020-11-06",21,FR,2,82.41,41.21
14732,A,Eddie Perez,"2021-03-30",20,SE,1,261.19,261.19
14734,A,William Burns,"2020-04-27",18,ZA,1,43.22,43.22
14736,A,Tanya Sanders,"2021-08-30",35,GB,1,194.13,194.13
14737,B,Tina Gordon,"2024-04-28",54,MX,3,272.99,91.0
14739,B,Mario Brown,"2020-07-14",55,MX,1,103.0,103.0
14740,A,Danny Morris,"2022-10-17",34,US,1,205.73,205.73
14743,B,Sarah Carter,"2020-10-06",29,PL,1,82.08,82.08
14748,A,Sherry Gray,"2023-09-07",73,BR,2,181.54,90.77
14752,A,Tyler Shields,"2023-09-21",19,NL,5,682.19,136.44
14754,A,Preston Tucker,"2021-02-04",54,CA,1,64.73,64.73
14755,B,Betty Jones,"2025-07-16",28,JP,1,49.16,49.16
14764,A,Danielle Mays,"2020-01-25",47,ES,3,353.25,117.75
14766,A,Alexander Mckinney,"2022-06-24",57,JP,1,40.34,40.34
14768,A,Lisa Benson,"2020-05-03",57,BR,1,40.15,40.15
14772,A,Karen Kim,"2025-09-04",31,NL,2,219.02,109.51
14773,B,Eric Garcia,"2020-09-04",62,JP,1,147.81,147.81
14778,A,Brittney Cox,"2021-08-01",30,GB,1,290.67,290.67
14806,A,Nicole Pierce,"2025-08-03",45,US,1,110.19,110.19
14811,B,Teresa Smith,"2022-10-14",34,SE,1,17.58,17.58
14817,B,Jessica Brown,"2022-07-19",50,ES,2,533.52,266.76
14818,A,Katelyn Davis,"2021-04-16",47,GB,1,90.34,90.34
14822,A,David Fuller,"2022-07-19",40,CA,2,124.7,62.35
14829,B,Sarah Deleon,"2025-09-21",22,SG,1,50.76,50.76
14833,B,Walter Campbell,"2022-06-02",41,PL,4,428.36,107.09
14836,A,Ryan Robinson,"2020-12-08",27,SG,2,334.04,167.02
14837,B,William Henderson Jr.,"2023-05-30",52,IN,3,478.36,159.45
14842,A,Dr. Lorraine Willis,"2020-05-31",49,US,2,140.28,70.14
14844,A,Philip Wheeler,"2022-08-02",74,US,1,101.14,101.14
14845,B,Chelsea George,"2022-06-10",60,IN,2,178.49,89.24
14849,B,Mr. Darrell Thomas,"2022-06-30",36,CA,5,237.75,47.55
14854,A,Julie Hill,"2022-05-13",34,MX,2,180.31,90.15
14855,B,Maria Dawson,"2024-01-06",58,NL,1,33.71,33.71
14860,A,Kevin White,"2024-09-25",19,ES,1,243.2,243.2
14862,A,Charles Montgomery,"2025-03-04",56,SG,1,43.48,43.48
14873,B,Edwin Williams,"2024-02-08",74,MX,2,33.33,16.67
14875,B,Luis Miller,"2025-06-05",22,NL,3,159.8,53.27
14879,B,Sean Myers,"2020-10-10",32,CA,2,94.17,47.08
14880,A,William Edwards,"2022-07-02",45,US,2,752.46,376.23
14883,B,Brenda Reynolds,"2020-10-20",40,BR,1,32.04,32.04
14888,A,Maria Fisher,"2022-12-08",63,JP,1,102.06,102.06
14889,B,Vincent White,"2022-09-03",53,PL,1,96.29,96.29
14891,B,Caitlin Taylor,"2022-02-25",44,AU,1,96.46,96.46
14893,B,Roberto Jones,"2025-03-12",52,AE,2,476.5,238.25
14895,B,Phillip Poole,"2023-10-01",40,CA,1,35.78,35.78
14897,B,Anita Wells,"2021-12-29",43,GB,1,86.56,86.56
14900,A,Joseph Nelson,"2021-09-11",44,ES,2,117.25,58.63
14904,A,Riley Day,"2024-10-11",21,PL,3,405.52,135.17
14907,B,Julie Diaz,"2025-02-12",59,AU,3,251.1,83.7
14908,A,Daniel Davidson,"2020-03-17",37,SG,3,159.52,53.17
14915,B,Kevin Diaz,"2021-05-08",75,JP,2,313.17,156.59
14919,B,Sheila Vazquez,"2021-07-05",51,US,2,284.44,142.22
14922,A,Peter Ferguson,"2022-11-14",35,JP,3,211.12,70.37
14923,B,Heather Mccormick,"2023-01-20",36,GB,2,135.95,67.98
14932,A,Mary Todd,"2020-09-18",48,IN,2,52.33,26.17
14938,A,Wayne Pierce,"2024-06-24",65,DE,1,27.91,27.91
14939,B,Adam Barton,"2025-09-16",25,AU,1,133.02,133.02
14942,A,Bryan Becker,"2023-04-28",52,US,2,279.35,139.67
14953,B,Mary Hayes,"2020-12-27",34,JP,2,169.77,84.88
14960,A,Samantha Beck,"2024-01-21",46,BR,2,179.51,89.76
14963,B,Michael Vincent,"2022-12-31",19,JP,2,190.35,95.17
14964,A,Denise Johnson,"2021-09-09",28,BR,2,134.65,67.33
14967,B,Kenneth Allen,"2024-10-20",55,CA,1,135.97,135.97
14973,B,Annette Johnson,"2020-06-08",18,IN,1,25.79,25.79
14979,B,Joy Day,"2023-10-27",58,AE,1,11.82,11.82
14980,A,Timothy Tucker,"2022-08-15",69,CA,1,17.03,17.03
14984,A,Eric Hernandez,"2020-12-19",48,PL,2,266.25,133.13
14988,A,Paula Daniel,"2024-12-17",25,ZA,1,537.24,537.24
14989,B,Shannon Thompson,"2024-04-15",49,DE,2,168.35,84.18
14991,B,Todd Berry,"2023-09-21",74,US,1,180.09,180.09
14994,A,Andrew Pennington,"2022-08-12",41,IN,2,115.79,57.9
14995,B,Donald Jordan,"2025-09-24",24,FR,1,60.48,60.48
14996,A,Shelby Ford,"2021-12-08",67,NL,1,213.44,213.44
15001,B,Lisa Burke,"2024-03-28",45,NL,1,57.45,57.45
15003,B,Daniel Mitchell,"2022-03-09",42,US,2,64.13,32.06
15011,B,Sherri Green,"2025-06-09",31,MX,1,21.81,21.81
15018,A,Lucas Morgan,"2025-05-17",46,JP,2,371.53,185.77
15019,B,Laura Cunningham,"2025-08-22",74,NL,3,198.42,66.14
15020,A,William Davis,"2021-01-03",36,BR,1,115.51,115.51
15021,B,Matthew Lee,"2025-02-13",51,BR,1,82.58,82.58
15025,B,Johnny Edwards,"2021-11-14",40,MX,1,69.64,69.64
15028,A,Paul Graham,"2025-04-06",18,FR,1,165.97,165.97
15036,A,Connor Coffey,"2020-05-28",53,US,1,153.6,153.6
15037,B,Joshua Love,"2025-06-13",68,AE,1,67.86,67.86
15039,B,Kathleen Vance,"2022-01-06",57,PL,2,1020.9,510.45
15045,B,Jeffrey Jones,"2022-03-09",49,GB,1,53.09,53.09
15047,B,John Smith,"2020-05-17",51,SE,1,57.81,57.81
15053,B,James Rodriguez,"2022-08-27",72,US,1,12.37,12.37
15056,A,Yolanda Robertson,"2022-04-25",38,GB,2,421.64,210.82
15058,A,Shelley York,"2025-08-19",48,US,3,196.18,65.39
15062,A,Brandi Fleming,"2023-05-22",49,NL,1,37.85,37.85
15071,B,Joseph Kelley,"2022-02-07",20,AU,1,16.49,16.49
15076,A,Amber Jones,"2022-05-27",45,IN,1,10.97,10.97
15077,B,Richard Young,"2024-04-26",24,DE,1,36.62,36.62
15078,A,Tammy Roberts,"2024-11-07",59,CA,1,26.85,26.85
15090,A,Timothy Zimmerman,"2021-04-08",30,US,1,202.0,202.0
15098,A,Brian King,"2025-02-17",18,IN,1,46.71,46.71
15099,B,Gina Wells,"2022-02-03",67,JP,3,396.12,132.04
15101,B,Jose Lambert,"2020-03-12",68,SE,1,90.31,90.31
15102,A,Mathew George,"2023-11-21",67,BR,1,39.84,39.84
15104,A,Jessica Moore,"2021-01-27",20,DE,2,256.52,128.26
15108,A,Peter Acosta,"2021-05-21",55,BR,5,1409.51,281.9
15111,B,Clifford Ramirez,"2020-06-13",20,BR,1,92.11,92.11
15112,A,Brett Lee,"2020-08-08",50,PL,1,74.14,74.14
15117,B,Nancy Mckinney,"2021-09-24",49,US,1,115.16,115.16
15119,B,William Sanders,"2022-04-16",26,DE,1,41.81,41.81
15120,A,Benjamin Luna,"2022-02-14",73,GB,1,60.8,60.8
15122,A,James Greer,"2023-06-18",47,US,1,58.83,58.83
15124,A,Dustin Hamilton,"2024-10-08",41,GB,2,202.44,101.22
15127,B,Jasmine Dean,"2023-02-28",65,AU,1,28.08,28.08
15128,A,Samuel Bailey,"2020-02-21",41,US,1,342.2,342.2
15129,B,Stephanie Rubio,"2022-04-16",73,MX,1,234.26,234.26
15130,A,Michael Pierce MD,"2020-06-16",55,US,2,474.21,237.11
15136,A,Kimberly Williams,"2023-02-05",31,ES,3,300.32,100.11
15139,B,Kenneth Allen,"2020-03-14",73,JP,2,175.16,87.58
15142,A,William Tyler,"2025-08-15",55,MX,2,184.6,92.3
15144,A,Justin Weaver,"2020-09-01",73,JP,1,16.97,16.97
15153,B,Willie Newton,"2024-10-29",59,MX,1,94.43,94.43
15162,A,Kevin Green,"2025-09-23",43,MX,2,127.29,63.65
15172,A,Pamela Lynch,"2025-01-02",52,BR,1,225.14,225.14
15177,B,Adam Henry,"2024-03-13",38,BR,2,242.69,121.35
15178,A,Ashley Reyes,"2021-04-30",63,US,1,57.33,57.33
15179,B,Deborah Orozco,"2025-10-30",18,FR,1,101.06,101.06
15182,A,Mr. Jonathan Rice,"2022-12-01",73,GB,1,29.93,29.93
15184,A,Jason Knapp,"2021-12-15",71,PL,1,121.74,121.74
15185,B,Daniel Peters,"2023-07-08",59,GB,1,181.95,181.95
15186,A,Thomas Ramos,"2024-06-29",27,CA,1,109.48,109.48
15187,B,James Russo,"2024-10-03",69,JP,1,234.62,234.62
15189,B,Stephanie Prince,"2022-10-26",31,GB,1,331.45,331.45
15195,B,Phillip Clark,"2024-12-04",45,BR,2,1132.71,566.35
15196,A,Scott Parker,"2025-06-15",54,DE,2,333.69,166.85
15202,A,Wesley Alexander,"2021-11-30",68,DE,1,60.58,60.58
15205,B,Elizabeth Rivera,"2023-11-24",26,PL,1,397.1,397.1
15211,B,Michael Curry,"2022-05-24",60,US,1,51.19,51.19
15213,B,Erin Wolfe,"2024-06-19",70,CA,3,234.1,78.03
15214,A,Jasmine Mclaughlin,"2024-09-25",61,BR,1,1002.36,1002.36
15215,B,Kelsey Neal,"2020-01-14",37,ES,3,295.75,98.58
15219,B,Eric Phillips,"2022-07-03",41,US,1,145.78,145.78
15228,A,William Stanley,"2021-12-31",21,US,1,317.6,317.6
15231,B,Chelsea Lee,"2020-04-29",23,US,2,40.96,20.48
15233,B,Christina Bennett,"2020-01-09",67,CA,1,161.6,161.6
15238,A,Alisha Cummings,"2021-07-17",65,US,1,60.64,60.64
15239,B,Jennifer Rivera,"2024-05-09",48,US,4,368.35,92.09
15240,A,Dawn Estrada,"2022-03-29",40,US,1,20.73,20.73
15242,A,Anna Kramer,"2021-03-19",53,SG,1,125.53,125.53
15243,B,Jamie Jackson,"2024-12-10",61,AU,1,129.51,129.51
15244,A,Mary Rose,"2023-02-24",68,IN,1,36.85,36.85
15245,B,Rita Phillips,"2021-08-24",46,US,3,1189.56,396.52
15246,A,Sandra Holt,"2024-08-22",45,IN,1,14.56,14.56
15252,A,Misty Brown,"2020-03-15",40,IN,2,92.17,46.09
15253,B,Richard Ramirez,"2022-07-18",52,SE,1,282.79,282.79
15255,B,Kristie Montes,"2023-08-28",27,AU,1,280.94,280.94
15257,B,Alexandra Perez,"2020-02-24",52,AU,1,286.82,286.82
15262,A,Lisa Ruiz,"2024-08-01",35,ES,1,306.9,306.9
15267,B,Jeremy Garcia,"2022-05-11",31,GB,2,420.63,210.32
15271,B,Tony Ramirez,"2021-03-24",57,AU,1,78.33,78.33
15274,A,Jasmine Mitchell,"2025-06-04",33,US,1,91.98,91.98
15276,A,Reginald Johnson,"2020-09-20",50,SG,2,53.92,26.96
15277,B,Lisa Newton,"2023-06-18",39,IN,1,144.97,144.97
15281,B,Terry Ewing,"2023-05-14",24,MX,1,280.04,280.04
15283,B,Edward Hendricks,"2024-04-13",26,ZA,2,403.75,201.88
15291,B,Jennifer Jones,"2021-11-12",42,AU,3,371.99,124.0
15292,A,Jason Pitts,"2022-04-02",27,AE,3,267.72,89.24
15293,B,Samantha Cooper,"2020-04-01",39,SG,1,45.2,45.2
15297,B,Sarah Johnson,"2020-01-02",64,MX,1,39.09,39.09
15299,B,Heather White,"2023-06-22",33,BR,1,105.52,105.52
15300,A,Katherine Jimenez,"2022-12-27",39,IN,2,514.16,257.08
15311,B,Daniel Wiley,"2025-05-08",29,SE,1,247.37,247.37
15315,B,Kathryn Anderson,"2020-08-27",53,GB,1,426.85,426.85
15317,B,John Johnson,"2025-09-13",34,DE,1,68.89,68.89
15320,A,Dean Lynch,"2024-06-09",43,CA,1,17.19,17.19
15322,A,David Nelson,"2023-09-17",61,FR,1,15.01,15.01
15325,B,Sandra Conway,"2024-07-18",49,FR,1,234.33,234.33
15333,B,Miguel Horn,"2024-02-04",34,DE,1,39.84,39.84
15334,A,Deborah Dennis,"2024-05-30",74,FR,1,406.96,406.96
15335,B,Jessica Conley,"2021-03-02",38,ES,2,280.76,140.38
15336,A,Alexander Hunter,"2023-11-21",45,BR,1,106.41,106.41
15337,B,Russell Johnson,"2024-10-20",59,IN,1,73.75,73.75
15339,B,Ralph Foster,"2020-11-20",61,MX,1,28.55,28.55
15341,B,Daniel Wallace,"2022-06-25",59,US,2,354.05,177.03
15347,B,Marissa Weiss,"2021-03-29",62,GB,2,166.05,83.03
15352,A,Jeffery Lopez,"2023-09-28",32,FR,1,92.16,92.16
15353,B,Heidi Wilson,"2023-11-04",20,US,2,168.79,84.4
15354,A,Lisa Roberts,"2020-01-16",54,US,1,40.27,40.27
15356,A,Janet Clark,"2022-04-23",46,FR,2,63.4,31.7
15357,B,Lauren Hamilton,"2024-05-14",24,CA,1,217.78,217.78
15361,B,Daniel Edwards,"2022-03-06",22,GB,1,239.45,239.45
15365,B,Jennifer Lewis,"2025-06-21",22,BR,1,71.48,71.48
15369,B,Robin Houston,"2022-11-26",71,CA,1,31.48,31.48
15371,B,Christopher Dawson,"2025-06-07",24,US,1,65.48,65.48
15373,B,Allison Escobar,"2022-08-04",74,US,1,129.74,129.74
15374,A,Joyce Sherman,"2021-10-22",47,US,1,137.89,137.89
15376,A,Douglas Hudson,"2023-04-11",56,SE,2,51.14,25.57
15377,B,Michael Taylor,"2020-11-16",73,US,2,121.34,60.67
15378,A,Amanda Davis,"2020-09-11",67,SE,1,99.18,99.18
15384,A,Crystal Newton,"2025-09-21",74,GB,1,177.84,177.84
15385,B,Sheryl Rodriguez,"2020-09-19",35,MX,2,136.05,68.03
15391,B,Julie Harmon,"2025-01-23",26,SG,1,29.96,29.96
15393,B,Misty Douglas,"2023-04-24",24,US,1,32.05,32.05
15399,B,Jeremy Robinson,"2024-05-29",23,US,1,13.8,13.8
15400,A,Ralph Green,"2022-04-09",66,IN,1,61.64,61.64
15402,A,Nicholas James,"2025-04-17",75,DE,1,251.72,251.72
15403,B,Holly Hunt,"2022-10-02",45,US,1,195.6,195.6
15405,B,Lisa Ramirez,"2023-04-12",72,DE,1,57.52,57.52
15417,B,Kelly Nguyen,"2022-07-26",68,CA,1,174.99,174.99
15423,B,Linda Ramos,"2021-09-15",25,PL,4,492.49,123.12
15425,B,Miguel Kidd,"2020-12-15",64,CA,1,88.47,88.47
15429,B,Randy Patrick,"2022-01-24",64,AU,2,182.6,91.3
15430,A,Tiffany Whitaker,"2022-04-27",27,IN,1,59.96,59.96
15436,A,Christopher Robinson Jr.,"2025-04-06",69,IN,1,110.69,110.69
15440,A,Donald Brown,"2025-02-20",28,DE,1,222.77,222.77
15441,B,Linda Flores,"2023-08-04",23,AE,2,104.83,52.41
15446,A,Hailey Johnson,"2020-03-12",32,IN,5,605.06,121.01
15448,A,Mark Dominguez PhD,"2025-01-07",61,DE,1,13.8,13.8
15449,B,Thomas Thomas,"2024-06-10",21,US,2,243.73,121.86
15452,A,Casey Schmitt,"2022-03-21",27,SG,2,311.56,155.78
15456,A,Whitney Richards MD,"2020-11-12",29,US,1,55.73,55.73
15459,B,Matthew Dennis,"2023-11-26",31,IN,1,98.01,98.01
15460,A,Amy Perez,"2023-01-19",43,BR,3,349.19,116.4
15461,B,Micheal Lambert,"2022-06-03",34,NL,1,282.79,282.79
15465,B,David Townsend,"2022-09-23",51,DE,1,29.99,29.99
15468,A,Rose Cunningham,"2022-06-07",52,GB,1,252.01,252.01
15469,B,Melinda Santiago,"2021-01-19",46,DE,1,79.8,79.8
15478,A,Patricia Sutton,"2022-03-17",53,US,2,295.29,147.64
15480,A,Nicole Nicholson,"2021-09-14",61,FR,2,316.34,158.17
15481,B,Daniel Diaz,"2022-06-01",72,BR,2,263.14,131.57
15483,B,Richard Koch,"2022-11-28",32,SG,1,193.86,193.86
15484,A,Taylor Juarez,"2024-07-05",57,DE,1,123.41,123.41
15490,A,Erica Wang,"2024-08-31",75,US,3,368.67,122.89
15492,A,Deborah Lopez,"2023-09-02",60,CA,1,73.24,73.24
15493,B,Lori Adkins,"2020-10-22",59,MX,1,870.81,870.81
15500,A,Erin Jackson,"2023-04-15",68,GB,1,32.13,32.13
15502,A,Patrick Anderson,"2021-10-17",48,BR,3,370.87,123.62
15505,B,Cynthia Kennedy,"2022-06-16",60,ES,2,561.51,280.75
15508,A,Nicholas Perry,"2020-08-29",71,FR,3,387.1,129.03
15511,B,Mike Crawford,"2023-07-24",25,MX,2,173.21,86.61
15513,B,Travis Graves,"2024-10-07",36,US,1,47.18,47.18
15517,B,Anna Whitaker,"2020-06-12",62,AE,2,1017.8,508.9
15523,B,Shane Morris,"2022-05-24",41,ES,2,219.76,109.88
15531,B,Christopher Black,"2024-04-07",19,FR,1,43.18,43.18
15538,A,Meagan Smith,"2025-05-08",29,ES,1,576.1,576.1
15539,B,Mr. Michael Long,"2023-05-29",18,DE,1,22.41,22.41
15540,A,Casey Zimmerman,"2025-01-20",32,IN,2,210.73,105.36
15544,A,Ronald James,"2023-05-23",28,ES,1,81.14,81.14
15545,B,Monique Dean,"2023-03-03",40,IN,2,75.71,37.86
15547,B,Kelly Combs,"2025-04-18",67,GB,2,344.04,172.02
15548,A,Amanda Brock,"2020-03-10",75,CA,1,81.32,81.32
15551,B,Matthew Parker,"2023-04-24",21,US,1,60.55,60.55
15554,A,James Michael,"2023-08-06",48,US,1,32.18,32.18
15556,A,Bobby Craig,"2023-08-17",43,US,1,31.31,31.31
15558,A,Sean Hodges,"2025-05-10",66,SG,1,81.4,81.4
15562,A,Kaylee Bailey,"2021-10-28",26,PL,2,541.31,270.66
15563,B,Lisa Davila,"2022-12-30",73,JP,2,42.24,21.12
15572,A,David Smith,"2020-02-07",23,FR,2,296.41,148.21
15574,A,Michael Garrett,"2025-07-01",30,AE,1,103.88,103.88
15580,A,Anthony Johnson,"2024-07-02",64,GB,2,185.98,92.99
15582,A,Lori Johnson,"2023-02-23",50,NL,1,260.54,260.54
15597,B,Kristen Wagner,"2023-02-07",48,DE,2,854.59,427.29
15598,A,James Chung,"2022-10-22",26,FR,1,188.73,188.73
15601,B,Kelsey Cook,"2024-03-14",45,US,1,155.55,155.55
15608,A,David Garcia,"2022-06-23",63,AE,1,136.75,136.75
15609,B,Donald Goodwin,"2021-03-09",65,AU,1,19.56,19.56
15612,A,Laura Day,"2020-08-07",26,IN,2,280.91,140.46
15613,B,Teresa Henry,"2025-10-01",42,GB,1,365.02,365.02
15619,B,Lindsay Orozco,"2020-04-04",72,MX,1,45.19,45.19
15620,A,Crystal Molina,"2024-07-23",63,AU,1,151.44,151.44
15625,B,Victoria Mcclain,"2021-12-18",43,BR,1,27.68,27.68
15627,B,Adam Lopez,"2021-02-08",33,US,1,36.06,36.06
15631,B,Bonnie Shaffer,"2020-03-31",35,SE,2,182.98,91.49
15633,B,Alyssa Smith,"2024-04-09",58,MX,2,41.56,20.78
15635,B,Ricardo Sanchez,"2025-07-09",59,US,1,142.24,142.24
15638,A,Stacy Gonzalez,"2024-12-26",64,DE,2,399.05,199.53
15641,B,Lauren Garcia,"2024-10-12",59,US,1,46.61,46.61
15646,A,Amber Stewart,"2023-02-05",29,FR,1,34.34,34.34
15647,B,Christina Diaz,"2022-07-17",22,US,2,427.98,213.99
15650,A,Nathan Sandoval,"2020-03-24",39,GB,2,150.99,75.49
15659,B,Jeremy Shaw,"2024-11-08",62,IN,2,448.49,224.24
15662,A,Gary Hodges,"2024-02-17",31,US,1,99.12,99.12
15663,B,Tina Walls,"2025-02-15",34,AU,3,324.61,108.2
15664,A,Deborah Evans,"2024-12-13",35,FR,3,306.51,102.17
15665,B,Timothy Shaffer,"2022-06-19",37,FR,1,376.75,376.75
15666,A,Corey Jones,"2025-05-01",53,US,2,357.17,178.58
15667,B,Karen Thomas,"2020-03-13",25,GB,1,57.56,57.56
15671,B,Mr. Mark Vargas DDS,"2022-11-16",57,ES,1,35.49,35.49
15673,B,Vincent Fitzgerald,"2024-03-23",23,BR,3,233.63,77.88
15675,B,Pamela Todd,"2024-04-13",34,GB,1,100.37,100.37
15677,B,Shari Lynch,"2024-02-02",59,AU,2,995.27,497.63
15681,B,Collin Ortega,"2024-10-23",27,GB,1,29.05,29.05
15682,A,Daniel Burch,"2020-09-30",48,AE,1,321.63,321.63
15690,A,David Hall,"2021-02-09",70,AU,1,361.7,361.7
15691,B,Charles Frederick,"2020-04-14",56,GB,1,92.87,92.87
15692,A,Manuel Brown,"2021-02-25",49,PL,2,230.68,115.34
15694,A,Glenn Mclean,"2023-05-26",34,CA,1,129.85,129.85
15698,A,Jason Wade,"2024-04-04",41,AU,1,33.6,33.6
15701,B,Gary Grant Jr.,"2023-06-01",36,AU,2,375.91,187.96
15703,B,Justin Duncan,"2020-03-08",54,GB,2,457.91,228.95
15707,B,Jeffrey Thomas,"2025-07-25",19,US,3,220.79,73.6
15714,A,Brian Taylor,"2023-09-28",57,DE,1,28.12,28.12
15716,A,Anthony Green,"2022-03-02",22,BR,3,74.36,24.79
15718,A,Anthony Burns,"2020-04-25",68,IN,3,229.33,76.44
15719,B,Clayton Brown,"2021-09-02",75,BR,1,22.8,22.8
15720,A,Jessica Powell,"2020-10-02",29,AU,1,100.88,100.88
15721,B,Yesenia Schneider,"2025-07-09",53,US,2,228.15,114.08
15722,A,Glenn Santos,"2025-08-01",63,JP,1,52.66,52.66
15723,B,Christopher Prince,"2021-01-06",22,FR,1,226.32,226.32
15724,A,Kayla Ward,"2025-07-02",40,ZA,2,211.39,105.69
15728,A,Steven Mckinney,"2025-07-27",18,BR,3,84.83,28.28
15733,B,Hannah Smith,"2020-03-02",42,NL,1,441.69,441.69
15735,B,David Santiago,"2021-08-08",32,US,1,106.99,106.99
15741,B,Mary Smith,"2025-01-29",19,US,1,258.44,258.44
15744,A,Laurie Stephens,"2025-09-13",58,MX,3,263.67,87.89
15746,A,Joseph Potter,"2024-10-26",67,BR,2,296.66,148.33
15750,A,Evan Williams,"2023-05-04",32,US,2,547.34,273.67
15754,A,Mathew Barajas,"2022-12-04",20,IN,2,185.96,92.98
15755,B,Stephanie Medina,"2022-12-22",31,AU,2,95.62,47.81
15756,A,Laurie Snyder,"2024-10-21",27,GB,4,713.77,178.44
15762,A,April Jenkins,"2021-01-26",65,NL,2,315.76,157.88
15764,A,Christian Riggs,"2024-08-12",43,FR,1,14.61,14.61
15771,B,Allison Harris,"2022-06-17",31,US,1,49.92,49.92
15775,B,Jonathan Walker,"2023-06-13",49,AU,1,107.0,107.0
15776,A,Morgan Vega,"2023-04-05",51,MX,1,336.3,336.3
15780,A,Cheryl Branch,"2023-10-24",70,FR,2,72.29,36.15
15781,B,Mr. Colin Sharp,"2025-04-02",72,IN,3,77.31,25.77
15783,B,Steven Munoz,"2024-09-13",54,DE,1,49.97,49.97
15785,B,Steven Black,"2022-09-10",53,AU,1,111.14,111.14
15794,A,David Randall,"2020-05-17",25,AU,1,98.12,98.12
15797,B,Mark Yoder,"2024-11-11",49,GB,1,210.04,210.04
15799,B,Michael Weber,"2024-08-30",69,AE,1,193.01,193.01
15800,A,Whitney Andrews,"2021-05-23",58,IN,1,132.43,132.43
15806,A,Mary Fields,"2023-05-17",43,BR,3,353.38,117.79
15809,B,Robert Coleman,"2022-07-22",56,US,2,220.81,110.41
15813,B,Heather Russell,"2020-06-12",47,MX,1,11.72,11.72
15817,B,John Price,"2024-08-25",71,US,1,104.4,104.4
15818,A,Amanda Davis,"2022-03-28",64,MX,1,132.27,132.27
15821,B,Russell Flores,"2025-07-01",48,MX,1,14.07,14.07
15824,A,Richard Martin,"2020-03-10",66,JP,1,45.78,45.78
15830,A,Angela Baird,"2020-03-31",58,GB,1,294.01,294.01
15833,B,Jessica Hamilton,"2021-02-04",48,FR,3,951.09,317.03
15834,A,John Hale,"2022-08-12",58,BR,1,60.74,60.74
15835,B,Rebecca Garcia,"2025-04-27",72,GB,2,254.9,127.45
15838,A,Cassandra Mills,"2023-12-19",48,BR,1,21.6,21.6
15841,B,William Johnson,"2024-08-09",50,US,1,30.26,30.26
15842,A,Rhonda Estes,"2024-07-05",55,IN,1,176.12,176.12
15845,B,Brandy Flynn,"2024-09-20",26,IN,2,546.78,273.39
15846,A,Michael Obrien,"2021-07-12",24,FR,2,71.52,35.76
15847,B,Howard Craig,"2023-04-05",32,JP,2,121.16,60.58
15849,B,Anthony Taylor,"2025-01-31",35,GB,1,185.13,185.13
15850,A,Jordan Rivera,"2023-03-27",36,CA,1,47.12,47.12
15857,B,Mr. Kenneth Johnson,"2022-10-30",20,CA,2,58.26,29.13
15858,A,Anna Hopkins,"2020-10-02",44,ZA,3,1852.26,617.42
15859,B,Andrew Palmer,"2022-07-05",41,DE,1,35.6,35.6
15862,A,John Hall,"2025-09-23",64,SE,1,113.43,113.43
15863,B,John Valdez,"2024-03-13",28,MX,1,223.87,223.87
15866,A,Laura Matthews,"2023-10-30",18,JP,1,98.06,98.06
15873,B,Jerry Alexander,"2022-12-25",73,AU,1,109.31,109.31
15878,A,Jose Wilcox,"2025-02-28",62,GB,2,113.34,56.67
15880,A,Daisy Hamilton,"2023-04-22",47,MX,2,276.32,138.16
15886,A,Yolanda Wolfe,"2022-12-11",36,FR,2,57.68,28.84
15891,B,Michael Miller,"2025-02-03",36,IN,2,157.13,78.56
15896,A,Rebecca Russell,"2023-09-20",26,NL,1,345.03,345.03
15898,A,Charles Coleman,"2022-09-07",64,US,2,706.38,353.19
15899,B,David Cantu,"2023-07-02",53,SE,1,177.45,177.45
15900,A,Monique Martinez,"2022-01-04",56,SG,1,23.31,23.31
15908,A,Karen Davenport,"2025-01-02",37,DE,2,97.49,48.75
15912,A,Samantha Myers,"2020-07-17",33,DE,3,400.92,133.64
15918,A,Shelley Carpenter,"2021-07-08",57,GB,1,153.52,153.52
15921,B,Donald Mckinney,"2023-04-07",29,US,4,614.12,153.53
15922,A,David Molina,"2020-02-17",51,BR,3,349.98,116.66
15927,B,David Holland,"2021-01-15",74,BR,1,136.31,136.31
15929,B,Laura Sims,"2020-12-06",20,IN,1,207.65,207.65
15931,B,Jared Hampton,"2025-08-24",74,BR,1,16.46,16.46
15934,A,Julie Lewis,"2021-03-02",60,ZA,1,105.34,105.34
15936,A,Caleb King,"2021-01-13",21,US,1,91.6,91.6
15940,A,Anita Williams,"2022-07-17",55,AU,4,396.1,99.02
15941,B,Mark Bailey,"2025-03-19",22,SG,2,569.64,284.82
15944,A,David Hoffman,"2020-11-28",70,IN,3,295.23,98.41
15946,A,Jeremy Moore,"2020-01-24",53,GB,1,26.73,26.73
15951,B,Mrs. Brittney Luna MD,"2023-04-09",69,IN,2,804.27,402.13
15953,B,Anthony Gonzalez,"2024-02-20",36,JP,2,335.79,167.9
15955,B,Taylor Solis MD,"2020-11-03",29,CA,1,25.38,25.38
15961,B,Lisa Miller,"2022-08-16",70,MX,2,169.0,84.5
15963,B,Vincent Banks,"2023-09-25",67,IN,2,159.07,79.53
15973,B,Paula Mason,"2023-10-12",21,GB,3,120.09,40.03
15974,A,Ashley Tate,"2020-02-27",69,MX,2,307.87,153.94
15975,B,Douglas Kelly,"2020-12-05",35,MX,1,52.13,52.13
15981,B,Shannon Harrison,"2021-05-26",39,JP,2,392.5,196.25
15982,A,Darryl Pratt,"2025-01-05",26,IN,1,46.4,46.4
15983,B,Frank Russo,"2024-02-08",62,MX,2,109.71,54.85
15984,A,Jason Mason,"2024-02-09",71,GB,1,60.51,60.51
15986,A,Brenda Jones,"2020-09-24",64,GB,2,269.15,134.58
15990,A,Leah Tanner,"2021-08-19",67,ES,1,141.49,141.49
15992,A,Jimmy James,"2021-08-27",51,US,1,147.29,147.29
15998,A,Sherry Nguyen,"2024-12-06",57,FR,1,155.88,155.88
16005,B,Sonya Turner,"2021-02-20",43,CA,3,133.07,44.36
16012,A,Diana Jackson,"2024-06-18",22,BR,2,153.83,76.91
16014,A,Linda Rodriguez,"2021-03-20",64,NL,1,85.28,85.28
16020,A,Christopher Wells,"2022-04-02",50,JP,1,81.79,81.79
16021,B,Stephen Padilla,"2023-09-20",20,GB,1,135.48,135.48
16024,A,Kimberly Peters,"2025-05-08",39,ZA,3,302.3,100.77
16029,B,Nathan Velasquez,"2020-07-15",68,GB,3,357.91,119.3
16033,B,Anthony Jones,"2021-09-16",32,GB,1,176.45,176.45
16035,B,John Jones,"2020-02-04",60,NL,3,98.47,32.82
16039,B,Abigail Weaver,"2024-04-22",45,US,1,94.14,94.14
16042,A,Bryan Bond,"2022-06-18",30,AU,1,34.74,34.74
16043,B,Charles Lewis,"2024-02-19",74,IN,1,222.78,222.78
16046,A,Mary Fox,"2025-01-04",18,AU,2,602.48,301.24
16047,B,Kenneth Carroll,"2023-12-13",66,US,2,1033.15,516.57
16049,B,Timothy Hart,"2022-01-26",64,PL,3,302.44,100.81
16070,A,Katherine Chapman,"2020-03-05",27,DE,1,184.2,184.2
16074,A,Dana Baxter,"2021-10-26",27,SG,2,89.43,44.71
16075,B,Robert Vasquez,"2023-07-12",70,IN,1,75.24,75.24
16077,B,Lorraine Jordan,"2022-08-31",21,DE,1,65.11,65.11
16078,A,Robert Lucas,"2024-04-15",37,GB,2,158.89,79.45
16079,B,Tyrone Blake,"2020-07-04",32,BR,1,118.86,118.86
16081,B,Erica Reilly,"2022-04-04",38,AE,2,387.53,193.77
16084,A,Tonya James,"2020-07-07",35,FR,1,25.25,25.25
16085,B,Amy Moody DDS,"2023-10-30",26,BR,1,193.22,193.22
16087,B,Phillip Stein,"2024-09-21",49,MX,1,387.15,387.15
16088,A,Jaime Thompson,"2024-07-09",23,AU,2,317.12,158.56
16089,B,Daniel Butler,"2022-08-16",62,DE,3,198.15,66.05
16093,B,Shelby Robinson,"2022-11-14",72,US,1,29.12,29.12
16095,B,Sergio Odom,"2024-12-21",34,FR,2,372.35,186.17
16097,B,Jose Shaw,"2023-01-05",36,MX,1,185.21,185.21
16098,A,Stacy Johnson,"2023-03-19",33,US,1,189.86,189.86
16099,B,Derek Miller,"2020-04-26",31,GB,2,101.48,50.74
16101,B,Jeremy Merritt,"2021-08-28",31,IN,1,43.24,43.24
16102,A,Heather Pruitt,"2020-11-30",63,CA,2,255.43,127.72
16107,B,Sara Thompson,"2022-02-02",39,NL,2,157.44,78.72
16108,A,Richard Grimes,"2022-06-24",62,GB,1,254.48,254.48
16109,B,Cynthia Williams,"2021-04-07",42,US,3,377.01,125.67
16114,A,Julie Flores,"2022-04-01",48,IN,4,323.1,80.77
16117,B,Catherine Thomas,"2023-09-25",37,GB,2,470.32,235.16
16118,A,Ryan Robinson,"2023-11-25",38,MX,1,168.36,168.36
16119,B,Nancy Roach,"2025-01-06",33,US,1,167.84,167.84
16129,B,Christopher Hart,"2022-12-20",43,GB,1,399.42,399.42
16137,B,Carlos Clark,"2025-03-11",55,US,1,156.62,156.62
16138,A,Stephen Harrington,"2022-05-13",26,IN,2,214.45,107.23
16140,A,Richard Brooks,"2023-08-08",57,BR,1,100.93,100.93
16142,A,Stephanie Flores,"2021-12-17",30,US,4,328.21,82.05
16146,A,Brandon Mcdaniel,"2024-06-15",71,AU,1,169.07,169.07
16150,A,Debra Coleman,"2023-05-27",55,AU,2,351.22,175.61
16155,B,Amy Robinson,"2023-05-08",75,BR,1,10.25,10.25
16159,B,Steve Thompson,"2023-05-09",58,GB,4,432.77,108.19
16165,B,Darin Newman,"2022-02-04",72,PL,3,176.65,58.88
16168,A,Chad Rodgers,"2024-03-14",75,GB,1,36.25,36.25
16170,A,Jon Davis,"2024-06-21",35,US,1,125.66,125.66
16171,B,Amanda Molina,"2024-02-04",63,SG,2,289.52,144.76
16178,A,Kristy Chambers,"2020-06-10",22,MX,1,61.13,61.13
16184,A,Laura Green,"2023-04-04",58,DE,1,99.52,99.52
16189,B,Ralph Weaver,"2023-12-14",53,US,1,156.3,156.3
16205,B,Kimberly Young,"2022-02-28",35,CA,1,76.45,76.45
16206,A,Sandra Hernandez,"2024-12-05",53,SE,1,181.8,181.8
16209,B,Michelle Schaefer,"2024-05-09",29,US,2,152.2,76.1
16221,B,Lauren Smith,"2023-11-08",64,AU,1,144.16,144.16
16230,A,Thomas Thomas,"2020-11-13",54,BR,4,418.25,104.56
16236,A,Trevor Barnes,"2024-10-04",42,CA,1,65.91,65.91
16237,B,Dr. Tyler Garrett,"2025-06-26",32,GB,2,62.14,31.07
16238,A,Shane Stone,"2024-08-21",75,JP,1,122.25,122.25
16239,B,David Mcgee,"2023-11-24",55,GB,2,285.55,142.78
16242,A,Timothy Henry,"2024-11-09",63,IN,1,326.5,326.5
16245,B,Misty Barnes,"2024-10-16",27,US,3,172.69,57.56
16253,B,Cynthia Young,"2025-08-24",28,AE,2,218.79,109.4
16260,A,Nicholas Baker,"2025-10-31",35,SG,3,318.58,106.19
16264,A,Garrett Martinez,"2024-01-19",74,US,1,154.19,154.19
16266,A,Brittney Gonzalez,"2025-07-01",53,JP,1,74.16,74.16
16270,A,Michelle Thompson,"2021-08-26",75,ES,1,119.89,119.89
16273,B,Mitchell Moore,"2020-10-30",23,GB,1,42.91,42.91
16278,A,Timothy Stein,"2024-01-23",68,US,3,331.24,110.41
16279,B,Leon Lawrence,"2020-03-12",62,GB,1,23.43,23.43
16282,A,Brittney Roth,"2025-03-14",59,FR,2,167.29,83.64
16288,A,Jenna Durham,"2020-03-27",42,ES,1,241.56,241.56
16292,A,Tiffany Riley,"2025-10-27",74,GB,2,79.16,39.58
16297,B,Susan Clark,"2024-03-16",57,GB,1,44.06,44.06
16302,A,Theresa Miller,"2023-01-23",41,BR,1,17.42,17.42
16304,A,Andrew Mann,"2022-10-16",39,SG,1,41.24,41.24
16306,A,Michelle Skinner,"2020-06-07",51,US,1,49.52,49.52
16309,B,Anna Chavez,"2021-03-31",66,MX,2,72.75,36.37
16311,B,Amy Wall,"2023-03-14",48,SE,1,159.1,159.1
16320,A,Mrs. Roberta Gutierrez,"2025-02-22",33,CA,1,16.73,16.73
16324,A,Rachel Reed,"2022-11-21",29,SG,1,54.65,54.65
16326,A,Michael Barnes,"2023-08-04",68,AU,2,260.98,130.49
16329,B,Robin Clements,"2023-10-05",36,PL,1,150.06,150.06
16331,B,Andrea Hawkins,"2021-02-18",47,DE,1,40.09,40.09
16332,A,Felicia Willis,"2020-08-09",36,PL,1,127.52,127.52
16333,B,Kaitlin Goodman,"2024-12-21",27,IN,1,93.66,93.66
16334,A,Mark Roy,"2024-12-02",44,NL,1,126.95,126.95
16335,B,Jenny Ward,"2021-11-17",48,AU,3,689.14,229.71
16339,B,Lisa Velez,"2023-07-11",38,US,2,225.88,112.94
16340,A,Yolanda Ward,"2020-11-10",53,BR,1,12.05,12.05
16341,B,Jason Randall,"2023-10-06",65,NL,2,390.6,195.3
16348,A,Brian Anderson,"2023-09-11",57,BR,2,265.98,132.99
16349,B,Andrew Brown,"2022-02-21",49,ZA,1,127.04,127.04
16350,A,Natasha Martinez,"2021-08-25",38,GB,1,108.78,108.78
16351,B,Alexis Baker,"2022-06-02",55,GB,2,251.73,125.86
16353,B,Shawn Brown,"2021-04-07",37,AU,1,334.43,334.43
16354,A,Molly Mcclain,"2023-07-12",69,US,3,140.0,46.67
16361,B,David Castillo,"2023-07-23",34,US,1,13.67,13.67
16363,B,Johnny Hall,"2022-01-18",42,US,1,100.3,100.3
16370,A,Joshua Miller,"2025-06-12",35,US,2,482.25,241.13
16375,B,Courtney Rivera,"2023-11-17",49,BR,2,27.79,13.89
16377,B,Danny Strickland,"2025-03-27",59,NL,2,317.07,158.53
16383,B,Aaron Wright,"2021-03-31",27,MX,2,94.44,47.22
16387,B,Gabriel Cox,"2023-09-05",67,NL,1,102.98,102.98
16390,A,Joyce Khan,"2020-05-08",70,US,1,83.86,83.86
16396,A,Jamie Allen,"2024-03-06",55,ES,2,236.96,118.48
16397,B,Jason Palmer,"2022-11-02",20,US,1,59.05,59.05
16399,B,Alexis Rodriguez,"2025-01-01",47,AU,1,107.27,107.27
16401,B,Rachel Russell,"2023-05-29",73,BR,1,633.45,633.45
16407,B,Kimberly Donovan,"2024-06-08",18,CA,1,81.51,81.51
16409,B,Heather Campbell,"2023-05-15",28,AU,1,64.51,64.51
16415,B,Justin Oconnor,"2022-07-31",28,ZA,1,56.86,56.86
16423,B,Kenneth Williams,"2021-01-24",34,ZA,1,127.42,127.42
16435,B,Yolanda Mitchell,"2024-06-25",27,GB,2,200.02,100.01
16438,A,Caleb Gay,"2024-09-22",50,ES,2,221.92,110.96
16440,A,Brandon Lopez,"2025-09-26",55,BR,1,44.65,44.65
16447,B,Christine Scott,"2025-01-24",31,NL,1,42.57,42.57
16448,A,Patrick Cunningham,"2025-06-30",25,BR,2,769.75,384.88
16451,B,Traci Reynolds,"2025-03-05",71,US,1,160.28,160.28
16454,A,Kelly Smith DDS,"2022-11-13",56,AE,2,264.58,132.29
16456,A,Rebecca Moss,"2020-05-17",58,NL,1,143.0,143.0
16459,B,Crystal Bailey,"2023-02-26",53,MX,1,467.67,467.67
16460,A,Jacob Hill,"2022-06-09",73,BR,1,116.86,116.86
16472,A,Mary Ward DVM,"2020-01-01",30,NL,1,34.13,34.13
16475,B,Ryan Potter,"2023-08-04",21,NL,1,67.98,67.98
16476,A,Dr. Kevin Boyd,"2022-12-25",60,SG,1,18.03,18.03
16481,B,Kristen Mills,"2021-04-24",71,SG,1,209.66,209.66
16483,B,Diamond Howard,"2024-01-11",65,IN,1,113.45,113.45
16484,A,Christopher Williams,"2024-10-12",55,US,1,106.08,106.08
16485,B,David Clayton,"2020-02-10",61,MX,2,184.41,92.2
16498,A,Dana Williams,"2023-10-24",66,US,2,93.83,46.92
16499,B,Alejandra Ramsey,"2024-04-05",26,DE,2,329.29,164.64
16501,B,Luke Becker,"2020-11-03",44,US,2,406.37,203.18
16502,A,Brian Thomas,"2024-11-22",23,BR,1,15.01,15.01
16503,B,Ryan Gonzalez,"2024-03-02",74,DE,2,96.91,48.46
16504,A,Annette Solomon,"2025-03-22",50,US,1,142.44,142.44
16505,B,Christina Werner,"2024-11-28",63,IN,1,752.46,752.46
16510,A,George Bailey,"2020-06-06",72,PL,1,96.3,96.3
16516,A,Brandon Rojas,"2024-01-02",60,IN,1,96.55,96.55
16520,A,Melissa Smith,"2021-02-14",27,AU,2,262.3,131.15
16522,A,Richard Dawson,"2024-05-26",38,US,3,599.04,199.68
16524,A,Dr. Marcus Larson,"2023-04-26",20,ZA,1,642.78,642.78
16525,B,David Patel,"2023-08-10",42,DE,2,223.05,111.53
16526,A,Jessica Walker,"2021-07-17",60,DE,1,50.62,50.62
16532,A,Jeremy Hernandez,"2023-08-14",46,CA,2,329.01,164.51
16535,B,Edwin Dean,"2024-11-30",65,AE,1,16.04,16.04
16539,B,Krystal Rodgers,"2020-12-30",69,BR,2,139.19,69.59
16540,A,Jason Shannon,"2020-05-02",57,US,1,16.32,16.32
16542,A,Kevin Hull,"2022-12-14",61,GB,1,109.44,109.44
16546,A,Alex White,"2023-07-20",70,GB,1,35.56,35.56
16547,B,Jasmine Clark,"2021-07-01",39,IN,1,101.12,101.12
16552,A,Christian Willis,"2024-04-12",34,JP,1,35.12,35.12
16553,B,James Hampton,"2025-02-07",39,GB,2,747.36,373.68
16555,B,Scott Hall,"2025-07-04",30,CA,2,121.52,60.76
16558,A,Lisa Hoffman,"2022-07-21",53,AU,3,688.38,229.46
16560,A,Michael Solis,"2023-03-29",34,AU,2,631.47,315.74
16563,B,Scott Sullivan,"2021-03-28",49,CA,1,116.69,116.69
16567,B,Kelly Salas,"2021-11-17",70,ES,1,44.09,44.09
16571,B,Robert Arnold,"2021-04-14",36,BR,2,69.53,34.76
16572,A,Steven Miller,"2025-01-18",72,IN,2,239.26,119.63
16574,A,Sarah Flynn,"2024-05-06",70,US,1,19.76,19.76
16583,B,Sophia Juarez,"2023-07-10",49,JP,1,270.55,270.55
16585,B,Robert Reed,"2023-07-02",38,GB,1,112.0,112.0
16598,A,Wayne Anderson,"2025-02-07",65,BR,1,61.65,61.65
16602,A,Lisa Orr,"2020-06-20",57,AE,1,36.13,36.13
16605,B,Mrs. Melissa Joseph,"2025-08-11",62,US,1,249.53,249.53
16608,A,Jennifer Casey,"2022-10-23",60,GB,1,290.27,290.27
16610,A,Jennifer Adkins,"2020-06-10",62,NL,1,33.97,33.97
16614,A,Vincent Carey,"2022-12-01",37,DE,1,137.38,137.38
16616,A,Emily Hart,"2025-10-15",34,US,1,108.78,108.78
16618,A,Sherry Nunez,"2021-11-29",60,FR,1,153.44,153.44
16623,B,Stephanie Barnett,"2023-09-18",40,SE,1,41.35,41.35
16627,B,Kelsey Hancock,"2022-09-05",68,FR,2,138.63,69.32
16631,B,Joshua Fitzpatrick,"2020-05-08",24,GB,2,47.65,23.83
16632,A,Chad Floyd,"2021-11-11",27,NL,2,656.59,328.29
16640,A,Ryan Howard,"2020-10-24",48,JP,1,52.87,52.87
16642,A,Christopher Martinez,"2021-11-28",22,DE,1,200.84,200.84
16645,B,Frank Solomon,"2021-11-26",49,US,1,17.58,17.58
16651,B,Karen Rogers,"2023-10-03",39,MX,2,115.18,57.59
16653,B,Veronica Rice,"2020-04-02",38,GB,1,170.12,170.12
16654,A,James Pearson,"2020-01-09",72,CA,1,73.63,73.63
16656,A,Taylor Gonzales,"2024-08-04",67,MX,2,76.08,38.04
16658,A,Samantha Diaz,"2020-11-13",66,FR,3,426.37,142.12
16664,A,Timothy Moreno,"2025-02-23",70,ES,1,37.66,37.66
16665,B,Paul Farrell,"2023-10-06",72,US,2,61.11,30.56
16668,A,Shane Leonard,"2024-12-10",59,MX,1,192.99,192.99
16675,B,Spencer Smith,"2021-11-24",43,IN,2,302.13,151.06
16679,B,James Byrd,"2024-06-13",56,US,1,422.66,422.66
16681,B,Robin Martinez,"2021-07-09",68,MX,2,48.5,24.25
16685,B,Paul Oneill,"2022-09-20",56,IN,1,285.65,285.65
16686,A,Elizabeth Cook,"2021-10-23",25,AE,1,53.43,53.43
16687,B,Tiffany Watson,"2021-12-30",39,US,1,31.38,31.38
16691,B,Victoria Benjamin,"2021-04-22",45,ZA,1,173.0,173.0
16693,B,Jonathan Stevens,"2021-05-10",21,BR,2,116.39,58.19
16694,A,Andrew Wells,"2024-06-05",73,AU,1,249.86,249.86
16699,B,Laura Davenport,"2024-08-21",26,AU,4,390.25,97.56
16703,B,Veronica Alexander,"2022-10-11",29,IN,1,34.18,34.18
16709,B,Bethany Hudson,"2023-06-14",19,SE,2,155.91,77.96
16712,A,Crystal Williams,"2021-03-30",71,DE,2,170.34,85.17
16718,A,Brian Miller,"2021-10-30",71,DE,3,403.12,134.37
16719,B,Jeff Lynch,"2024-01-19",58,BR,2,182.25,91.13
16721,B,Mr. David Mejia,"2020-09-25",61,DE,2,224.36,112.18
16722,A,Laura Mack,"2023-04-20",18,FR,1,19.5,19.5
16724,A,Jason Gonzalez,"2023-07-07",40,IN,2,135.56,67.78
16727,B,Sean Mann,"2024-05-03",65,AU,1,66.22,66.22
16728,A,Abigail White,"2022-07-02",51,AU,1,101.63,101.63
16730,A,Jeffrey Wagner IV,"2022-06-30",23,IN,1,66.06,66.06
16735,B,Kristin Robertson,"2022-05-30",41,SG,2,198.15,99.07
16736,A,John Lopez,"2023-05-11",37,PL,1,33.06,33.06
16737,B,Lisa Thompson,"2023-11-08",49,DE,2,325.07,162.54
16748,A,Chelsea Blankenship,"2022-03-23",55,IN,1,301.69,301.69
16749,B,Danielle Brown,"2023-02-05",66,GB,3,303.88,101.29
16754,A,Andrea Cline,"2022-04-09",41,GB,2,239.33,119.67
16755,B,Amy Martin,"2024-10-27",50,MX,1,376.88,376.88
16757,B,Bethany Sullivan,"2023-07-05",64,NL,1,39.6,39.6
16759,B,Elizabeth Maxwell,"2021-11-29",64,MX,2,78.42,39.21
16763,B,Chris Diaz,"2025-02-05",31,BR,2,226.53,113.27
16768,A,Cassie Trujillo,"2022-03-19",55,ES,3,121.75,40.58
16772,A,Amy Bailey,"2022-10-24",74,US,2,679.19,339.6
16773,B,Robert Stout,"2020-04-29",34,US,3,356.86,118.95
16777,B,Emily Reeves,"2023-05-27",33,NL,1,395.67,395.67
16778,A,Amanda Smith,"2023-03-23",37,ZA,1,100.19,100.19
16779,B,Bradley Davis,"2025-05-21",39,AU,2,124.97,62.49
16783,B,Gregory Bryan,"2024-04-30",50,DE,1,10.91,10.91
16786,A,Sophia Riley,"2020-04-11",69,NL,2,72.46,36.23
16793,B,Craig Mills,"2022-07-24",18,GB,1,104.72,104.72
16796,A,Christina Bishop,"2022-02-02",59,IN,2,205.81,102.9
16797,B,Robert Mcintyre,"2021-07-06",35,PL,4,814.19,203.55
16798,A,Brian Mosley PhD,"2020-07-13",47,ZA,1,82.43,82.43
16801,B,Joseph Hicks,"2022-05-25",33,JP,1,208.24,208.24
16802,A,Kimberly Bailey,"2023-05-04",45,ES,2,286.57,143.28
16804,A,Adam Butler,"2022-03-03",66,IN,1,80.17,80.17
16805,B,Elizabeth Wood,"2024-08-26",59,AU,1,43.53,43.53
16806,A,Kristen Krueger,"2020-05-08",35,US,1,480.35,480.35
16809,B,Kimberly Knapp,"2024-04-10",34,IN,3,478.76,159.59
16818,A,Ronald Gross,"2021-08-08",45,AU,1,165.75,165.75
16820,A,Eric Compton,"2021-04-07",63,BR,1,92.7,92.7
16832,A,Sandy Flores,"2024-03-30",25,US,1,30.17,30.17
16837,B,Robert Miller,"2024-09-11",50,NL,2,317.93,158.96
16843,B,Adam Jenkins,"2023-09-05",65,US,2,371.87,185.94
16846,A,Krystal Vazquez,"2022-09-15",51,AE,2,346.51,173.26
16848,A,Alejandro Moyer,"2024-05-15",45,MX,3,196.03,65.34
16850,A,Grace Wells,"2021-10-08",73,NL,1,39.88,39.88
16853,B,Laura Cohen,"2021-10-04",75,NL,2,125.5,62.75
16855,B,Mr. John Berger,"2023-02-08",19,IN,1,510.32,510.32
16856,A,Daniel Leonard,"2022-01-15",32,US,1,55.88,55.88
16860,A,Ashley Wade,"2025-08-01",37,AE,1,84.54,84.54
16861,B,Brian Barker,"2021-04-11",38,DE,1,69.69,69.69
16863,B,Jonathan Smith,"2024-08-12",63,GB,2,624.7,312.35
16866,A,Jacqueline Roberts,"2020-04-16",50,NL,2,192.77,96.38
16867,B,Denise Trevino,"2023-10-29",18,IN,2,236.19,118.1
16872,A,Tracy Marquez,"2025-02-12",31,US,1,49.5,49.5
16875,B,Kristen Williams,"2022-11-08",24,US,1,131.57,131.57
16877,B,Perry Williams,"2025-06-11",39,JP,3,544.18,181.39
16883,B,Micheal Everett,"2021-10-09",46,AU,2,144.47,72.24
16888,A,Jessica Sweeney,"2024-06-07",20,GB,1,12.02,12.02
16892,A,Oscar Thomas,"2021-05-03",59,DE,2,137.61,68.81
16893,B,Jessica Brown,"2024-01-13",37,FR,3,240.84,80.28
16896,A,Nicole Benson,"2025-03-31",50,AU,1,251.1,251.1
16897,B,Matthew Harper,"2020-01-21",23,FR,2,264.99,132.5
16899,B,Carol Taylor,"2020-01-25",73,US,3,308.44,102.81
16905,B,Todd Chang,"2022-03-19",74,DE,2,506.29,253.14
16907,B,Joshua Olson,"2023-04-24",59,US,2,139.61,69.81
16908,A,Deborah Price,"2021-12-30",35,DE,1,15.24,15.24
16910,A,Ronald Williams,"2024-12-02",53,US,1,156.62,156.62
16912,A,Emily Gardner,"2020-11-20",34,SG,2,268.26,134.13
16913,B,Bill Olsen,"2022-09-27",52,MX,2,430.77,215.39
16919,B,Christopher Gomez,"2020-08-11",34,AU,3,161.78,53.93
16920,A,Diane Huang,"2022-12-03",67,US,1,77.31,77.31
16925,B,Thomas Robles,"2022-01-16",60,DE,1,171.62,171.62
16926,A,Robert Donovan II,"2024-07-27",38,JP,1,29.68,29.68
16930,A,Joshua Francis,"2022-06-25",20,FR,1,26.29,26.29
16931,B,Adrian Gomez,"2025-01-29",48,US,2,240.1,120.05
16932,A,Wendy Ferguson,"2022-09-26",45,IN,4,191.09,47.77
16935,B,Benjamin Hicks,"2020-03-24",38,AE,1,162.71,162.71
16937,B,Nathan Ashley,"2025-09-14",51,US,3,95.33,31.78
16940,A,Courtney Gonzalez,"2021-12-25",58,FR,4,436.67,109.17
16942,A,Tony White,"2023-11-01",35,US,1,215.12,215.12
16945,B,Angela Smith,"2024-12-21",73,SG,1,115.2,115.2
16948,A,Steven Welch,"2024-03-19",59,AU,2,110.36,55.18
16950,A,Chad Tran,"2023-04-19",64,ES,2,159.2,79.6
16951,B,Gina Meyers,"2021-08-16",73,BR,3,332.96,110.99
16952,A,Charles Calhoun,"2021-03-15",42,BR,2,96.53,48.26
16959,B,Madeline Jones,"2020-10-20",31,DE,1,293.44,293.44
16962,A,Paula Lee,"2021-07-11",31,JP,1,541.0,541.0
16963,B,Charles Jackson,"2025-03-09",19,CA,1,100.74,100.74
16965,B,Kimberly Rocha,"2024-02-11",24,CA,1,51.57,51.57
16971,B,Patricia Banks,"2025-01-05",55,US,1,174.31,174.31
16973,B,Alexander Norton,"2023-05-23",30,IN,1,242.02,242.02
16980,A,Ashley Leach,"2023-03-16",45,ES,1,67.23,67.23
16982,A,Curtis Hunter,"2024-11-05",60,AU,2,45.0,22.5
16989,B,Dana Olson,"2021-05-25",37,FR,1,206.04,206.04
16990,A,Steven Anderson,"2023-02-24",57,US,2,59.33,29.67
16991,B,Alexander Hernandez,"2021-07-14",36,PL,1,223.55,223.55
16994,A,Tyrone Montoya,"2023-05-29",67,AU,2,490.83,245.42
16995,B,Corey Gaines DVM,"2023-01-21",73,GB,1,128.45,128.45
16998,A,Aaron Wong,"2021-05-19",39,PL,1,258.37,258.37
17001,B,Janet Martin,"2020-02-08",48,GB,3,160.52,53.51
17008,A,Darrell Greer,"2024-06-02",25,US,3,545.88,181.96
17010,A,Jacob Campbell,"2023-03-13",53,DE,2,250.17,125.08
17012,A,Harry Simon,"2024-12-16",55,DE,1,17.47,17.47
17015,B,Crystal Chung,"2021-02-27",40,NL,1,251.96,251.96
17016,A,Todd Dixon,"2020-09-26",21,BR,4,2036.38,509.09
17024,A,Jessica Harris,"2021-06-15",20,US,1,227.17,227.17
17030,A,Paul Underwood,"2020-05-22",47,SG,2,112.38,56.19
17033,B,Melissa Miller,"2024-07-16",65,AU,1,215.78,215.78
17034,A,Matthew Garcia,"2025-01-16",63,IN,1,146.89,146.89
17036,A,Michael Hill,"2021-08-22",67,FR,1,18.59,18.59
17040,A,Cody Perez,"2025-05-14",57,SE,3,532.85,177.62
17042,A,Michael Key,"2020-10-13",46,SG,4,1137.89,284.47
17045,B,Brad Jones,"2022-04-22",64,CA,2,430.71,215.36
17049,B,Maria Smith,"2020-06-11",34,AU,1,18.19,18.19
17050,A,Douglas Allen,"2022-01-10",53,JP,1,204.79,204.79
17052,A,Hannah Thomas,"2021-12-17",50,GB,2,298.14,149.07
17054,A,John Vance,"2022-06-29",22,SG,1,190.41,190.41
17055,B,Hannah Jones,"2023-10-27",57,JP,3,183.66,61.22
17061,B,Chelsea Zavala,"2022-10-28",20,NL,1,55.05,55.05
17063,B,Madison Mueller,"2020-06-19",61,CA,1,55.39,55.39
17064,A,Justin Barnett,"2024-07-15",64,DE,1,117.44,117.44
17070,A,Natalie Donaldson,"2024-12-01",42,US,2,239.17,119.59
17072,A,Kenneth Garcia,"2021-09-21",66,GB,1,128.97,128.97
17073,B,William Carter,"2024-09-17",58,AE,1,358.66,358.66
17078,A,John Mcclain,"2025-06-01",64,FR,1,235.5,235.5
17083,B,Donald Clark,"2025-07-01",42,US,3,254.33,84.78
17084,A,Christine Bradley,"2021-02-06",35,NL,2,851.0,425.5
17090,A,Lacey Evans,"2021-08-21",33,AU,2,64.87,32.43
17091,B,Dennis Johnson,"2020-10-16",43,IN,1,263.3,263.3
17095,B,Vincent Rodriguez,"2023-11-24",23,NL,1,225.07,225.07
17097,B,Johnny Kennedy,"2020-06-28",36,US,3,201.68,67.23
17102,A,Michael Sharp,"2025-08-06",25,US,1,40.23,40.23
17104,A,Darren Smith,"2020-03-09",31,DE,2,245.85,122.93
17105,B,Timothy Martinez,"2020-11-11",69,SG,1,93.33,93.33
17110,A,Jeffrey Nelson,"2022-05-24",31,MX,1,51.78,51.78
17115,B,Edward Gonzalez,"2025-03-01",22,JP,1,103.53,103.53
17117,B,Jennifer Dunn,"2024-09-28",51,AU,2,750.75,375.38
17118,A,Jennifer Vega,"2020-04-06",70,US,2,120.89,60.44
17120,A,Regina Richardson,"2025-09-09",44,PL,2,151.15,75.57
17122,A,Mark Houston,"2023-01-16",72,DE,1,17.82,17.82
17125,B,Anna Rodriguez,"2021-11-02",20,ES,1,125.11,125.11
17127,B,Olivia Tyler,"2023-10-24",72,US,2,499.59,249.8
17128,A,Allison Brown,"2021-01-21",56,FR,2,164.41,82.2
17130,A,Jessica Bennett,"2022-10-23",49,FR,1,116.9,116.9
17136,A,Patricia Thompson PhD,"2024-01-01",19,GB,3,202.51,67.5
17137,B,Jorge Ellis,"2022-05-09",70,IN,1,61.49,61.49
17138,A,Nicholas Reyes,"2020-07-11",61,BR,2,192.16,96.08
17141,B,Melissa Martin,"2025-07-16",43,DE,2,705.61,352.8
17147,B,Troy Hurst,"2025-03-11",51,US,1,96.87,96.87
17149,B,Erica Duke,"2024-10-25",56,ES,1,138.98,138.98
17156,A,Ms. Margaret Bailey MD,"2021-01-13",75,SE,1,64.23,64.23
17161,B,Mr. Austin Stein MD,"2021-12-18",67,AE,1,54.63,54.63
17175,B,Lauren Lee,"2021-06-23",75,US,1,88.29,88.29
17176,A,Sarah Clark,"2024-07-19",38,AU,1,361.31,361.31
17178,A,Angela Ferrell,"2022-03-19",43,GB,1,103.91,103.91
17180,A,Michele Smith,"2021-10-31",51,SG,2,265.04,132.52
17183,B,Isaiah Woods,"2025-04-27",52,PL,2,139.8,69.9
17186,A,Scott Stark MD,"2022-03-08",53,SG,1,47.99,47.99
17193,B,Cole Murray,"2020-01-04",40,FR,2,825.21,412.61
17195,B,Keith Anderson,"2023-09-26",31,SG,2,86.05,43.02
17198,A,Bobby Martinez,"2023-04-20",68,ZA,3,365.06,121.69
17204,A,Cindy Hogan,"2024-07-19",35,FR,2,574.9,287.45
17207,B,James Meyer,"2022-05-13",43,GB,1,64.77,64.77
17209,B,Autumn Figueroa,"2025-03-31",30,US,2,296.93,148.46
17219,B,Amber Parker,"2020-07-01",32,MX,1,65.73,65.73
17222,A,Angelica Morris,"2024-09-11",35,US,2,263.92,131.96
17223,B,Michael James,"2023-05-25",50,IN,3,67.93,22.64
17224,A,Jacob Lopez,"2025-02-27",55,JP,3,649.69,216.56
17232,A,John Marks,"2022-03-16",36,NL,1,46.11,46.11
17233,B,Robert Scott,"2022-01-29",36,NL,1,124.71,124.71
17240,A,George Flores,"2020-10-10",19,BR,1,112.37,112.37
17241,B,Eric Shaffer,"2021-06-27",62,NL,1,75.06,75.06
17243,B,Glenn Cox,"2021-08-04",69,IN,2,1001.01,500.51
17245,B,Nicole Holloway,"2020-04-02",24,DE,1,85.81,85.81
17246,A,Dennis Ferguson,"2024-07-05",64,BR,2,172.31,86.16
17253,B,Nathan Parker,"2025-04-24",60,SG,1,312.97,312.97
17254,A,Tanya Stewart,"2025-05-24",74,MX,1,47.44,47.44
17257,B,Tina Young,"2022-06-22",29,CA,1,43.86,43.86
17263,B,Krystal Rice,"2022-08-25",22,PL,2,336.68,168.34
17264,A,Michele Fry,"2021-03-23",71,AU,1,265.24,265.24
17266,A,Curtis Sharp,"2020-03-21",60,PL,2,134.71,67.35
17274,A,Daniel Green,"2021-02-02",59,US,2,156.98,78.49
17275,B,Gregory Lloyd,"2025-09-04",39,JP,2,52.27,26.14
17276,A,Kathryn Thomas,"2020-07-18",31,US,4,472.28,118.07
17277,B,Michelle Thompson,"2024-01-25",68,CA,1,10.18,10.18
17278,A,Cynthia Brown MD,"2022-01-11",26,ES,3,138.34,46.11
17281,B,Donna Smith,"2020-07-11",63,PL,2,681.04,340.52
17282,A,Justin Vega,"2021-02-25",54,DE,1,60.02,60.02
17283,B,Erin Martinez,"2025-10-27",49,US,1,181.9,181.9
17284,A,Kristin Cook,"2025-07-20",61,US,1,175.87,175.87
17285,B,George Robinson,"2022-06-07",69,DE,1,27.52,27.52
17286,A,Amy Benitez,"2025-07-01",65,DE,3,711.8,237.27
17289,B,Lisa Johnson,"2021-07-24",70,IN,2,892.14,446.07
17294,A,David Abbott,"2020-04-03",46,US,1,40.17,40.17
17295,B,Lisa Barker,"2023-07-16",30,IN,1,30.8,30.8
17297,B,Caroline Sanchez,"2020-11-16",74,CA,1,81.23,81.23
17299,B,Ronald Thompson,"2025-05-07",20,AE,2,493.37,246.69
17302,A,Tony Lester,"2024-08-26",49,BR,2,181.07,90.53
17304,A,Hannah Sullivan,"2021-06-30",31,JP,2,461.58,230.79
17306,A,William Hernandez DVM,"2020-10-24",45,FR,1,33.64,33.64
17313,B,Tammy Turner,"2022-01-13",71,SG,1,426.95,426.95
17316,A,Steven Montes,"2024-04-08",70,CA,2,113.17,56.58
17319,B,Lindsey Jackson,"2022-02-13",49,US,3,122.83,40.94
17320,A,Morgan Cooper,"2024-08-26",55,IN,2,247.91,123.96
17321,B,Jennifer Charles,"2021-06-22",73,JP,1,12.51,12.51
17324,A,Megan Osborne,"2020-02-02",34,DE,1,16.99,16.99
17329,B,Linda Oneill,"2023-11-29",25,US,2,271.86,135.93
17331,B,Darlene Trujillo,"2022-09-15",30,JP,1,223.87,223.87
17333,B,Alexis Green,"2020-06-09",72,GB,1,214.22,214.22
17337,B,Stephanie Ochoa,"2024-07-04",64,US,2,151.16,75.58
17338,A,Mrs. Shannon Gardner,"2023-01-03",46,FR,1,86.46,86.46
17341,B,Patricia Medina,"2023-01-22",24,US,1,32.45,32.45
17345,B,Kevin Klein,"2025-07-11",53,JP,2,136.38,68.19
17346,A,William Harvey,"2020-12-10",22,PL,1,34.32,34.32
17348,A,Misty Day,"2023-04-30",73,BR,3,268.09,89.36
17349,B,Brenda Jones,"2024-04-11",56,PL,1,44.44,44.44
17351,B,Mary Stone,"2023-07-21",74,SE,2,141.13,70.57
17355,B,Amy Wright,"2023-06-23",59,FR,1,216.08,216.08
17356,A,Sheila Ramirez,"2023-05-27",38,CA,1,133.38,133.38
17363,B,Adam Mullen,"2022-01-15",35,AE,2,500.78,250.39
17367,B,Joshua Barr,"2022-06-09",18,PL,1,191.93,191.93
17369,B,Carrie Martinez,"2024-10-05",19,AE,1,27.22,27.22
17373,B,Robert Mitchell DDS,"2022-07-05",56,ZA,1,126.5,126.5
17377,B,Katherine Conner,"2022-08-21",42,SG,1,68.05,68.05
17379,B,John Thomas,"2024-07-06",34,ES,2,364.58,182.29
17380,A,Christina Summers,"2023-12-23",49,MX,1,349.14,349.14
17381,B,Michael Flores,"2025-02-23",26,MX,1,875.79,875.79
17383,B,Jason Rodriguez,"2022-01-31",72,DE,1,31.93,31.93
17384,A,Brandon Evans,"2023-07-27",64,PL,2,1135.53,567.76
17386,A,Anna Reynolds,"2020-08-15",40,MX,2,61.16,30.58
17387,B,John Wong,"2025-07-22",49,JP,3,312.4,104.13
17388,A,Rachel Wright,"2025-05-05",35,US,1,90.33,90.33
17399,B,Tammy Hoffman,"2025-03-31",62,IN,1,26.85,26.85
17400,A,Monica Davis,"2025-02-08",71,GB,1,114.95,114.95
17402,A,Natasha Hall,"2022-05-01",26,PL,1,321.96,321.96
17404,A,Emily Hardin,"2025-08-29",32,US,1,36.0,36.0
17405,B,Patricia Jones,"2020-05-31",30,US,1,173.42,173.42
17407,B,Jamie Brown,"2021-07-07",62,US,1,32.05,32.05
17409,B,Erin Hall,"2022-08-18",56,GB,2,146.07,73.04
17410,A,Brittany Smith,"2024-01-11",68,MX,4,472.56,118.14
17419,B,John Burke,"2023-12-08",43,US,1,224.99,224.99
17421,B,Maria Lewis MD,"2024-07-17",56,SE,1,83.78,83.78
17423,B,Mary Black,"2020-08-02",72,GB,3,140.85,46.95
17424,A,Kimberly Johns,"2024-09-20",31,FR,1,198.45,198.45
17425,B,Lauren Todd,"2024-02-22",69,GB,2,588.97,294.49
17428,A,Justin Cross,"2021-12-16",58,BR,2,146.24,73.12
17429,B,Thomas Howard,"2021-05-21",70,AE,1,32.41,32.41
17437,B,Lindsey Brown,"2025-09-29",52,IN,2,29.23,14.62
17443,B,Misty King,"2025-06-10",59,BR,2,170.92,85.46
17444,A,Jo Medina,"2023-09-13",20,IN,1,185.34,185.34
17447,B,Mark Williams,"2022-11-30",53,JP,2,84.05,42.03
17449,B,Misty Martin,"2021-08-06",67,IN,2,261.42,130.71
17456,A,Dustin Cordova,"2024-04-08",44,ES,4,474.69,118.67
17457,B,Sue Guerrero,"2025-10-12",69,DE,1,33.47,33.47
17458,A,Jenny Smith,"2020-02-12",72,CA,1,269.76,269.76
17463,B,Kyle Christian,"2025-10-11",66,FR,1,109.55,109.55
17465,B,Jasmine Smith,"2023-03-13",58,IN,1,104.23,104.23
17467,B,Nicholas Moore,"2025-02-04",41,SG,3,384.59,128.2
17469,B,Benjamin Ford,"2022-01-04",26,CA,1,194.26,194.26
17472,A,Heather Lee,"2020-01-15",68,US,1,337.28,337.28
17473,B,William Mcdonald,"2025-10-08",36,BR,3,73.87,24.62
17477,B,Ashley Richardson,"2023-05-17",28,US,1,112.25,112.25
17479,B,Matthew Mcmillan,"2025-04-27",60,CA,3,59.73,19.91
17483,B,Peter Cook,"2021-12-31",38,ZA,2,138.22,69.11
17484,A,Mr. Joseph Ali,"2025-02-13",25,DE,2,113.9,56.95
17485,B,Sarah Sanders,"2022-12-17",27,US,3,508.79,169.6
17493,B,Brad White,"2025-07-23",35,DE,2,244.97,122.48
17495,B,William Rodgers,"2022-06-27",71,US,1,58.77,58.77
17497,B,Zachary Figueroa,"2021-04-20",44,CA,1,168.73,168.73
17502,A,Zachary George,"2023-10-17",66,IN,1,415.64,415.64
17503,B,Jodi Lee,"2025-08-09",61,JP,1,59.2,59.2
17505,B,Kimberly King,"2023-06-17",65,SG,1,144.82,144.82
17510,A,Nathan Branch,"2023-12-07",47,SG,1,42.83,42.83
17513,B,Daniel Cannon,"2025-04-26",34,FR,1,51.71,51.71
17514,A,Angela Livingston,"2025-02-01",33,IN,1,151.04,151.04
17519,B,Matthew Lane,"2020-08-14",27,ES,2,231.56,115.78
17522,A,Maria Patterson,"2022-01-17",18,NL,1,68.67,68.67
17526,A,Patricia Stevens,"2023-06-26",62,US,1,55.07,55.07
17529,B,Megan Wagner,"2024-12-09",70,US,1,21.77,21.77
17532,A,Charles Warner,"2024-08-26",55,MX,1,98.24,98.24
17539,B,Rhonda Clayton,"2023-11-15",47,IN,2,173.19,86.6
17543,B,Brian Carter,"2021-11-13",44,GB,1,12.9,12.9
17548,A,Vickie Edwards,"2024-12-07",36,SE,1,308.97,308.97
17550,A,Daniel Wang,"2025-09-09",49,MX,1,57.62,57.62
17551,B,Abigail Clark,"2023-12-03",29,IN,1,623.26,623.26
17555,B,Karen Clark,"2025-07-01",57,MX,1,56.78,56.78
17558,A,Victoria Stephenson,"2022-08-17",29,BR,2,196.11,98.06
17561,B,Jerry White,"2025-03-30",74,MX,4,300.6,75.15
17565,B,Jeremy Whitney,"2023-04-18",59,NL,1,184.15,184.15
17569,B,Christopher Franklin,"2025-04-20",56,US,2,62.78,31.39
17571,B,Scott Morgan,"2024-11-15",63,CA,1,30.71,30.71
17572,A,Mary Jones,"2025-07-25",30,IN,3,841.49,280.5
17574,A,Amanda Mitchell,"2025-07-25",40,GB,1,343.14,343.14
17575,B,Brandon Williams,"2024-03-16",64,BR,2,73.17,36.58
17577,B,Kathryn Rogers,"2023-12-28",29,BR,1,119.74,119.74
17579,B,Crystal Thomas,"2022-07-20",18,BR,1,55.1,55.1
17585,B,Dawn Wallace,"2022-06-20",69,SE,1,20.68,20.68
17587,B,Connie Thornton,"2020-11-29",71,PL,2,317.91,158.96
17590,A,Whitney Maldonado,"2022-05-02",21,PL,2,60.09,30.04
17591,B,Karen Matthews,"2020-10-04",70,GB,1,111.02,111.02
17598,A,Eric Weaver,"2020-08-10",74,PL,2,114.62,57.31
17599,B,Barbara Frye,"2025-10-20",66,GB,2,127.85,63.93
17606,A,Curtis Butler,"2025-09-20",48,MX,2,293.4,146.7
17609,B,Judy York,"2023-08-18",29,JP,1,202.82,202.82
17612,A,Blake Hartman,"2021-07-13",61,GB,3,767.94,255.98
17615,B,Steven Edwards,"2021-01-07",38,SG,1,204.15,204.15
17616,A,Brittany Marquez,"2025-01-26",54,US,1,154.82,154.82
17618,A,Danielle Fowler,"2022-11-19",24,ES,1,77.04,77.04
17623,B,Kevin Castro,"2021-02-07",33,FR,1,93.57,93.57
17624,A,Daniel Gonzalez,"2021-08-14",19,US,2,78.54,39.27
17628,A,Nicholas Perez,"2024-06-25",39,ES,1,318.49,318.49
17631,B,Stephanie Lester,"2022-06-21",61,IN,3,788.88,262.96
17633,B,Chad Patterson,"2023-03-27",22,DE,1,51.02,51.02
17638,A,Casey Zamora,"2024-02-06",71,PL,1,29.05,29.05
17640,A,Mark Cook,"2024-05-02",50,ES,1,110.53,110.53
17646,A,Theresa Garcia,"2020-10-17",72,MX,1,40.51,40.51
17648,A,Justin Calhoun,"2023-12-15",45,GB,1,65.7,65.7
17649,B,Carol Skinner,"2020-07-20",34,US,1,79.31,79.31
17651,B,Anthony Young,"2023-11-12",30,US,3,257.42,85.81
17655,B,Tonya Hays,"2024-09-27",37,DE,2,184.34,92.17
17656,A,Haley Ibarra,"2024-10-31",36,ES,2,345.08,172.54
17658,A,Cassandra Allen,"2024-12-26",32,US,1,44.73,44.73
17659,B,Angela Adams,"2020-10-18",46,US,1,17.19,17.19
17660,A,Leslie Snyder,"2023-10-02",21,SE,2,27.61,13.81
17663,B,Melissa Vargas,"2023-04-07",41,FR,2,371.29,185.65
17665,B,Joshua Munoz,"2025-01-10",42,AU,1,81.78,81.78
17671,B,Eric Lyons,"2021-08-05",71,DE,1,30.71,30.71
17672,A,Joyce Webb,"2024-10-17",45,SE,1,16.16,16.16
17678,A,Hector Burke,"2020-11-10",71,NL,1,330.3,330.3
17684,A,Eric Aguilar,"2022-09-10",67,NL,1,44.73,44.73
17688,A,Jeffrey Webster,"2025-04-28",60,US,1,87.51,87.51
17689,B,William Gillespie,"2021-02-05",67,ZA,2,415.48,207.74
17698,A,Michelle Shepherd,"2023-01-22",32,DE,2,149.37,74.68
17702,A,Judy Martinez MD,"2023-12-27",31,IN,1,277.68,277.68
17703,B,John Woods,"2024-04-09",21,PL,3,327.93,109.31
17705,B,Wesley Flores,"2021-05-30",61,MX,2,343.45,171.72
17707,B,Michael Jackson Jr.,"2020-08-13",28,JP,1,44.15,44.15
17710,A,William Lee,"2020-04-23",19,IN,2,48.66,24.33
17711,B,Bethany Cisneros,"2020-05-29",52,GB,1,264.26,264.26
17713,B,Jessica Collins,"2021-03-28",23,MX,1,52.69,52.69
17715,B,Melanie Sims,"2025-01-08",56,SG,2,151.74,75.87
17723,B,Justin Collins,"2020-11-07",37,FR,1,166.25,166.25
17726,A,Melissa Rogers,"2023-03-05",44,US,1,45.01,45.01
17730,A,Jeffrey Nelson,"2022-09-29",22,NL,3,287.1,95.7
17732,A,Robert Page,"2023-11-12",18,US,1,212.17,212.17
17736,A,Mallory Avila,"2022-03-17",50,PL,1,114.13,114.13
17738,A,Jenna Rodriguez,"2023-10-18",29,IN,1,102.53,102.53
17740,A,Marissa Martin,"2022-09-11",46,SG,2,206.02,103.01
17748,A,Sarah Hernandez,"2022-11-23",30,ES,2,480.47,240.23
17755,B,Shannon Delgado,"2024-08-02",71,IN,1,20.73,20.73
17756,A,Jeffery Abbott,"2024-05-28",29,IN,1,70.6,70.6
17762,A,Bonnie Lewis,"2020-03-29",42,US,2,94.69,47.34
17763,B,Mr. Paul Moran,"2025-03-27",18,MX,1,31.7,31.7
17764,A,Olivia Smith,"2022-05-26",74,AE,1,55.67,55.67
17767,B,Mary Wagner,"2024-04-05",48,AU,1,124.25,124.25
17768,A,Jonathan Compton,"2024-12-29",34,IN,2,278.94,139.47
17771,B,Tiffany Golden,"2025-02-09",18,CA,1,18.58,18.58
17775,B,Patricia Short,"2022-05-13",64,DE,3,448.75,149.58
17777,B,Rebecca Jacobson,"2024-08-26",75,ES,1,247.99,247.99
17784,A,Kimberly Smith,"2021-03-13",70,BR,1,516.38,516.38
17788,A,Brittany Moore,"2020-12-16",61,ES,2,140.76,70.38
17789,B,Frank Medina,"2020-09-20",23,DE,3,365.52,121.84
17792,A,Julie Conner,"2024-08-02",67,DE,1,30.71,30.71
17795,B,Lisa Parker,"2024-03-03",19,GB,3,518.52,172.84
17796,A,Sandra Norman,"2024-07-16",68,US,1,331.95,331.95
17802,A,Nathan Lang,"2022-06-13",58,JP,2,470.6,235.3
17806,A,Nathaniel Lane,"2021-09-11",42,US,1,74.42,74.42
17808,A,Keith Joseph,"2020-10-16",25,GB,1,84.97,84.97
17810,A,Diana Hamilton,"2020-12-10",33,SE,1,32.54,32.54
17815,B,Melanie Smith,"2025-09-28",28,IN,1,45.19,45.19
17822,A,Carolyn Carroll,"2021-11-25",50,IN,1,26.37,26.37
17826,A,Kevin Lyons,"2020-02-18",41,JP,1,136.38,136.38
17832,A,Daniel Jones,"2024-10-06",45,AE,2,118.62,59.31
17833,B,Nathan Jackson,"2020-04-27",31,US,1,74.01,74.01
17837,B,Dana Long,"2022-02-15",49,BR,1,147.17,147.17
17843,B,Michael Mercado,"2021-11-16",61,ES,1,37.1,37.1
17844,A,Carl Peters,"2020-01-01",73,US,1,50.1,50.1
17847,B,Regina Lopez,"2024-04-21",69,BR,2,174.48,87.24
17853,B,Christine Schwartz,"2025-05-24",69,GB,1,168.65,168.65
17857,B,Peter Jensen,"2021-06-13",56,DE,2,251.62,125.81
17858,A,Samantha Smith,"2022-12-11",48,US,1,55.97,55.97
17863,B,Paul Campos,"2020-08-10",45,US,2,278.35,139.17
17865,B,Joseph Murphy,"2023-01-10",21,JP,1,139.55,139.55
17868,A,Cody Lutz,"2023-01-30",27,IN,2,394.54,197.27
17869,B,Allen Elliott,"2021-12-06",56,NL,2,409.84,204.92
17872,A,Courtney Bennett,"2024-11-09",51,IN,2,338.61,169.3
17876,A,Joseph Flowers,"2025-07-08",30,AU,1,469.93,469.93
17878,A,William Jenkins,"2022-11-21",61,DE,2,272.75,136.37
17880,A,Dr. Adam Murphy,"2023-04-16",18,JP,1,56.44,56.44
17881,B,Samuel Davis,"2022-09-30",75,ZA,2,169.43,84.72
17883,B,Mary Oneill,"2022-01-10",45,GB,1,135.81,135.81
17887,B,Amy Brown,"2022-04-15",63,ZA,1,30.9,30.9
17888,A,Karen Knox,"2023-01-22",60,MX,1,302.51,302.51
17890,A,James Sanchez,"2024-05-23",63,GB,1,227.27,227.27
17891,B,Joseph Harris,"2021-10-04",22,US,3,342.37,114.12
17894,A,Sheila Maddox,"2024-12-07",73,US,1,77.09,77.09
17895,B,Karina Freeman,"2022-08-29",30,FR,1,174.25,174.25
17899,B,Samuel Stephens,"2022-08-01",34,AU,1,129.81,129.81
17901,B,Isaac Benson,"2020-07-05",28,ES,4,425.49,106.37
17904,A,Bianca Wright,"2020-11-25",67,DE,2,114.7,57.35
17905,B,Crystal Le,"2020-12-22",52,MX,1,39.18,39.18
17906,A,Timothy Shea,"2024-10-23",57,DE,1,215.81,215.81
17910,A,Erica Allison,"2023-06-18",62,IN,4,285.17,71.29
17915,B,Justin Williams,"2020-03-04",23,PL,1,174.27,174.27
17917,B,Carla Cooper,"2021-02-04",26,US,1,42.52,42.52
17919,B,Brandon Hansen,"2023-03-18",56,DE,2,37.85,18.93
17920,A,Tyler Schultz,"2020-08-01",40,US,2,305.18,152.59
17924,A,Michael Davila,"2024-04-02",55,BR,2,151.07,75.53
17925,B,Kelly Ryan,"2024-02-02",37,DE,1,176.87,176.87
17926,A,Kimberly Farmer,"2021-08-09",64,NL,1,42.2,42.2
17928,A,Tamara Manning,"2025-10-21",55,BR,1,12.64,12.64
17930,A,Curtis Mills,"2025-03-05",75,DE,2,456.33,228.17
17941,B,Cindy Jackson,"2024-09-24",30,US,1,208.35,208.35
17943,B,Cheryl Clark,"2022-05-09",40,BR,2,82.64,41.32
17952,A,Jennifer Jones,"2021-11-12",65,IN,2,103.49,51.75
17955,B,Brandon Conner,"2021-09-25",53,DE,1,15.19,15.19
17956,A,Daniel Wright,"2025-07-14",36,BR,3,125.84,41.95
17957,B,Christopher Jacobs,"2020-05-03",60,US,1,24.77,24.77
17967,B,Shannon Adams,"2021-08-21",62,FR,1,177.23,177.23
17968,A,Wendy Garcia,"2021-07-08",57,AU,1,55.57,55.57
17978,A,John Anderson,"2024-02-05",74,US,1,288.83,288.83
17986,A,Colleen Richardson,"2020-12-23",62,US,2,87.92,43.96
17993,B,Mike Nichols,"2022-06-01",26,BR,1,22.86,22.86
18000,A,Martin Aguilar,"2022-02-10",54,US,1,31.82,31.82
18001,B,Parker Casey,"2025-08-24",68,IN,1,85.89,85.89
18002,A,Cindy Perez,"2025-04-23",37,US,1,60.37,60.37
18005,B,Douglas Anderson,"2025-03-18",30,MX,2,195.22,97.61
18008,A,Evan Tucker,"2021-01-29",49,ES,1,26.06,26.06
18012,A,Daniel Simpson,"2021-03-31",46,AU,1,718.7,718.7
18014,A,April Jones,"2021-01-23",63,FR,2,201.77,100.89
18015,B,Michael Kane,"2023-10-16",56,ZA,1,18.26,18.26
18016,A,Brian Delacruz,"2024-07-25",28,NL,2,314.98,157.49
18019,B,Leonard Schroeder,"2022-12-31",25,DE,1,69.84,69.84
18020,A,Amy Foster,"2020-11-22",19,AE,2,133.03,66.52
18021,B,Patricia Branch,"2024-08-01",52,SE,1,54.87,54.87
18022,A,William Murray,"2024-11-20",37,IN,5,694.61,138.92
18025,B,Glenn Bradley,"2022-12-25",26,ES,1,217.95,217.95
18026,A,Christina Martinez,"2022-04-18",74,ZA,1,62.27,62.27
18027,B,Karen Myers,"2023-08-08",44,NL,1,13.81,13.81
18031,B,Heather Acevedo,"2023-07-25",46,DE,1,225.05,225.05
18033,B,Michael Bradford,"2020-11-10",72,AU,1,19.01,19.01
18036,A,Christopher Shields,"2021-02-03",59,MX,1,91.11,91.11
18039,B,Meagan Farrell,"2020-10-21",22,CA,1,282.77,282.77
18046,A,William Bonilla,"2021-07-06",27,US,1,160.01,160.01
18047,B,Aaron Walker,"2020-12-16",58,IN,1,216.5,216.5
18049,B,Brandon Ball,"2020-08-31",67,IN,3,210.92,70.31
18050,A,Brett Hill,"2025-06-10",55,GB,2,295.71,147.85
18057,B,Daniel Hernandez,"2021-10-17",28,JP,1,102.66,102.66
18059,B,Abigail Johnston,"2024-07-19",52,MX,2,464.65,232.33
18064,A,Mr. Kevin Jackson,"2023-07-26",42,NL,1,130.02,130.02
18068,A,Lori Garcia,"2022-11-12",41,NL,1,62.1,62.1
18072,A,Robert Lowe,"2021-07-11",37,GB,3,261.31,87.1
18073,B,Mikayla Moreno,"2023-04-16",30,NL,2,312.52,156.26
18078,A,Joe Jones,"2024-03-06",23,CA,3,332.14,110.71
18083,B,Samuel Watts,"2020-01-15",69,BR,1,49.67,49.67
18084,A,Veronica Johnson,"2021-04-05",30,IN,1,38.57,38.57
18086,A,Krista Garcia,"2022-08-15",33,US,1,178.14,178.14
18087,B,Dr. Kathleen Martin,"2022-10-15",21,JP,1,234.81,234.81
18089,B,Andrew Clark,"2021-12-13",62,US,2,150.02,75.01
18090,A,Stephen Black,"2025-10-20",40,CA,2,66.64,33.32
18093,B,Lisa Brown,"2021-06-15",38,GB,2,669.14,334.57
18094,A,Stephen Moreno,"2022-09-18",47,US,2,75.4,37.7
18097,B,Jean White,"2024-07-05",37,CA,1,67.09,67.09
18098,A,Stacy Smith,"2022-03-20",75,DE,1,446.0,446.0
18099,B,Kathleen Clark,"2024-12-03",19,US,2,85.33,42.66
18100,A,Terrance Gonzales,"2022-08-29",32,SG,1,241.92,241.92
18104,A,Daniel Thompson,"2022-12-10",59,NL,3,189.82,63.27
18108,A,Brad Craig,"2024-05-16",69,US,1,44.94,44.94
18114,A,Christopher Holland,"2024-10-10",54,PL,2,237.7,118.85
18118,A,Sherry Williamson,"2022-11-09",29,FR,1,331.56,331.56
18120,A,Gina Chavez,"2020-01-07",41,GB,2,227.17,113.58
18122,A,Mario Huerta,"2021-04-01",19,DE,2,154.34,77.17
18123,B,Michelle Campbell,"2021-01-31",21,DE,1,75.03,75.03
18124,A,Carrie Chapman,"2023-11-01",40,GB,1,265.48,265.48
18126,A,Crystal Harris,"2022-09-21",62,US,1,70.63,70.63
18128,A,Dawn Trevino,"2021-01-04",71,DE,1,312.05,312.05
18129,B,David Martin,"2021-06-21",47,US,4,579.13,144.78
18132,A,Kimberly Stanley,"2020-11-06",33,MX,2,380.14,190.07
18135,B,Jasmine Bell,"2021-08-31",56,BR,1,326.99,326.99
18136,A,Teresa Sullivan,"2024-03-08",72,GB,1,36.13,36.13
18142,A,Kathleen Wolfe,"2025-10-28",30,AE,2,199.77,99.89
18146,A,Kerry Ayers DDS,"2022-11-03",52,FR,1,43.28,43.28
18147,B,Angela Lopez,"2023-09-30",54,US,2,408.98,204.49
18148,A,Tina Hayes,"2021-08-21",28,BR,1,159.05,159.05
18155,B,Jason Perry,"2021-02-28",49,FR,2,176.63,88.31
18157,B,Henry Noble,"2020-09-19",47,US,1,429.55,429.55
18158,A,Jon Gardner,"2023-06-14",34,US,1,422.01,422.01
18163,B,Justin Reynolds,"2025-02-25",25,CA,2,266.92,133.46
18165,B,Michael Lopez,"2022-04-03",57,US,1,324.24,324.24
18168,A,Brian Davies,"2024-11-19",72,GB,2,106.52,53.26
18169,B,Renee Gonzalez,"2023-06-12",27,FR,1,96.55,96.55
18174,A,Courtney Smith,"2021-12-05",25,SG,1,12.41,12.41
18176,A,Alexandra Reed,"2020-12-14",75,AE,1,10.55,10.55
18178,A,Michelle Buchanan,"2022-03-24",19,US,2,400.42,200.21
18179,B,Kenneth Beard,"2022-10-05",74,US,1,207.65,207.65
18185,B,Robert Anderson,"2020-10-18",71,IN,1,43.7,43.7
18189,B,Nicholas Lynch,"2022-05-21",54,IN,1,211.79,211.79
18192,A,Patricia Duffy,"2020-06-19",19,US,2,218.02,109.01
18194,A,Barbara Garcia,"2023-05-01",49,GB,3,388.33,129.44
18201,B,Peter Wall,"2024-11-05",24,ES,5,520.99,104.2
18204,A,Brittney Arnold,"2025-06-20",42,ZA,1,28.79,28.79
18216,A,Jerry Morton,"2021-10-12",61,BR,1,300.48,300.48
18218,A,Cynthia Harrell,"2021-12-17",52,BR,1,33.02,33.02
18220,A,Joseph Leonard,"2025-10-28",33,NL,1,272.64,272.64
18223,B,Brenda Elliott,"2022-09-02",34,GB,2,190.28,95.14
18225,B,Scott Anderson,"2025-08-21",34,GB,1,30.9,30.9
18229,B,Timothy Goodman,"2022-09-18",53,MX,1,38.2,38.2
18230,A,Casey Anderson,"2022-03-21",62,US,2,181.72,90.86
18232,A,Michelle Silva,"2025-05-30",61,NL,1,127.89,127.89
18236,A,Taylor Thomas,"2023-12-08",19,US,1,53.49,53.49
18238,A,Jessica Young,"2021-01-31",55,ZA,1,53.95,53.95
18240,A,Jennifer Smith,"2020-01-17",27,US,2,364.87,182.43
18249,B,Tonya Harper,"2024-08-09",58,ES,1,135.2,135.2
18252,A,Sean Ross,"2020-04-21",60,AU,1,11.57,11.57
18254,A,Robert White,"2021-05-20",54,DE,1,43.65,43.65
18256,A,Christopher Parsons,"2025-07-16",19,FR,2,263.63,131.81
18258,A,Mary Moore,"2021-05-02",69,JP,3,89.86,29.95
18259,B,Andrew Shaw,"2022-10-13",22,IN,1,143.89,143.89
18260,A,Jeanne James,"2024-11-18",49,FR,3,157.33,52.44
18262,A,Matthew Murphy,"2024-11-08",25,ES,1,81.24,81.24
18263,B,Randall Parsons,"2020-06-29",53,MX,1,49.13,49.13
18268,A,Jeffrey Hogan,"2025-08-05",28,US,2,553.74,276.87
18270,A,Nancy Eaton,"2022-05-21",67,ZA,2,313.89,156.95
18271,B,Dr. Cheryl Delacruz,"2020-08-21",56,DE,1,61.22,61.22
18272,A,Robert Zuniga,"2024-01-14",56,SE,1,172.78,172.78
18291,B,Amanda Parks,"2020-07-24",71,AE,1,176.71,176.71
18292,A,Mary Morgan,"2023-08-24",46,SE,1,42.24,42.24
18293,B,Mrs. Krista Gibson,"2020-02-07",50,US,2,433.5,216.75
18294,A,Ricardo Woods,"2023-07-28",42,GB,2,165.43,82.72
18296,A,Timothy Le,"2021-03-05",74,NL,1,26.51,26.51
18297,B,Laura Robinson,"2022-01-25",28,AU,1,92.8,92.8
18301,B,Devon Smith,"2025-04-12",22,SG,2,283.84,141.92
18304,A,Daniel Palmer,"2020-10-03",23,JP,1,59.96,59.96
18307,B,Scott Flores,"2022-10-05",64,CA,1,198.46,198.46
18313,B,Ronald Green,"2021-05-04",66,US,2,436.57,218.29
18318,A,Daniel Molina,"2023-07-20",69,AE,1,154.08,154.08
18320,A,Stephanie Johnson,"2025-03-27",57,AE,1,134.71,134.71
18325,B,Anthony Winters,"2022-12-03",62,AU,1,95.05,95.05
18326,A,Jacob Foster,"2025-07-20",28,US,2,221.01,110.5
18331,B,Tammy Fernandez,"2021-05-07",21,SE,2,452.68,226.34
18334,A,Margaret Mcpherson,"2021-08-27",62,NL,2,59.78,29.89
18336,A,Roger Herring,"2022-02-12",70,JP,1,263.65,263.65
18341,B,Mr. Troy Williams,"2021-04-11",60,DE,1,105.68,105.68
18343,B,Ronald Cohen,"2022-09-21",69,FR,5,468.66,93.73
18345,B,Claudia Benton,"2025-03-26",44,JP,1,108.41,108.41
18348,A,Dr. Katie Barker MD,"2024-01-28",44,FR,1,21.32,21.32
18349,B,John Davis,"2022-07-25",62,SE,2,150.18,75.09
18353,B,Katherine Evans,"2025-02-13",71,CA,2,29.18,14.59
18355,B,Stephanie Nolan,"2020-06-28",54,MX,2,126.66,63.33
18358,A,Charles Sanders,"2024-07-05",71,BR,2,190.12,95.06
18359,B,Vanessa Montes,"2021-07-31",59,SG,1,40.19,40.19
18361,B,Nichole Reyes,"2023-02-17",57,DE,4,635.21,158.8
18364,A,Oscar Myers,"2025-01-26",62,US,1,20.94,20.94
18365,B,Theresa Taylor,"2022-03-17",40,MX,1,283.42,283.42
18372,A,Harold Jones,"2020-04-25",56,AU,2,762.11,381.05
18375,B,Ellen Peterson,"2023-07-02",39,NL,1,93.79,93.79
18380,A,Carrie Smith,"2022-05-30",68,NL,2,788.55,394.27
18382,A,Joseph Contreras,"2024-07-11",62,DE,2,739.31,369.65
18383,B,Marco Ford,"2024-03-10",59,US,1,140.65,140.65
18385,B,Benjamin Gilbert,"2023-04-24",29,CA,1,916.12,916.12
18389,B,Tony Martinez,"2025-07-13",72,MX,2,231.33,115.67
18393,B,Craig Wright,"2022-07-13",46,US,5,571.56,114.31
18395,B,Gregory Woods,"2022-04-18",46,IN,2,360.6,180.3
18403,B,Frank Hammond,"2025-03-05",71,PL,1,53.09,53.09
18405,B,Angela Colon,"2021-03-27",44,US,1,122.82,122.82
18406,A,Abigail Gomez,"2020-09-19",67,AU,1,75.05,75.05
18409,B,Noah Nguyen,"2024-05-18",29,ES,2,153.56,76.78
18411,B,Douglas Fleming,"2024-12-09",25,BR,1,316.33,316.33
18412,A,Rebecca Ellis,"2022-12-26",52,DE,1,21.77,21.77
18416,A,Diane Cunningham,"2024-06-23",59,US,1,32.41,32.41
18419,B,Jesse Moore,"2023-10-25",46,IN,1,164.32,164.32
18421,B,Mr. Andrew Green MD,"2021-08-09",75,FR,3,364.61,121.54
18423,B,Joshua Huang,"2021-12-04",56,FR,2,224.68,112.34
18424,A,Jerry Turner,"2022-04-22",58,AE,3,566.83,188.94
18425,B,Vincent Ramirez,"2022-02-17",28,DE,1,193.67,193.67
18426,A,Donna Lawson,"2023-07-12",19,ES,1,50.8,50.8
18428,A,Molly Johnson,"2024-08-21",58,US,1,240.21,240.21
18430,A,Andrew Carter,"2023-05-29",43,SG,1,94.4,94.4
18431,B,Samantha Lopez,"2022-09-12",48,ES,2,125.06,62.53
18436,A,Stephen Logan,"2022-07-29",31,US,2,382.83,191.42
18440,A,Calvin Hurst,"2021-02-10",53,US,2,353.74,176.87
18441,B,Brian Gardner,"2024-10-01",66,AE,2,193.95,96.97
18443,B,Tiffany Gibson,"2022-10-09",46,US,1,165.06,165.06
18447,B,Alicia Vasquez,"2023-02-28",68,IN,1,65.93,65.93
18448,A,Amber Powell,"2024-02-10",42,AU,3,747.31,249.1
18450,A,Carla Parker,"2023-10-23",70,AE,1,67.74,67.74
18452,A,Mary Estes,"2025-02-28",41,ES,1,79.87,79.87
18457,B,Michelle Carter,"2022-03-19",26,GB,2,82.28,41.14
18460,A,Elizabeth Davis,"2024-04-05",23,AU,1,62.85,62.85
18462,A,Tonya Jackson,"2021-11-24",44,GB,2,95.52,47.76
18464,A,Mrs. Joanna Molina,"2024-04-23",62,GB,1,70.03,70.03
18469,B,Vickie Perry,"2021-04-14",42,AE,1,51.09,51.09
18472,A,Holly Wood,"2021-06-14",29,NL,1,28.23,28.23
18475,B,Brenda Arias,"2025-08-15",44,BR,1,304.49,304.49
18483,B,Rebecca Lewis,"2023-11-26",27,FR,3,189.78,63.26
18487,B,John Figueroa,"2021-07-20",54,BR,1,35.48,35.48
18490,A,Tyler Sloan,"2020-03-23",65,CA,1,21.9,21.9
18496,A,Nicholas Williams,"2021-08-24",43,US,1,83.82,83.82
18499,B,Robert Green,"2022-12-13",38,US,1,64.22,64.22
18504,A,Tyler Steele,"2024-12-13",38,FR,3,599.97,199.99
18506,A,Madison Meyer,"2020-03-17",21,GB,1,272.1,272.1
18511,B,Gabriel Burke,"2022-03-17",30,NL,3,205.55,68.52
18513,B,Heather Vaughn,"2022-05-15",39,GB,2,106.79,53.4
18515,B,Evan Anderson,"2023-05-18",60,ZA,4,1019.74,254.93
18518,A,Amy Goodman,"2025-10-03",25,GB,1,33.81,33.81
18523,B,Meghan Taylor,"2022-10-12",51,MX,1,93.69,93.69
18524,A,Christopher Cox,"2020-10-16",24,ES,4,1230.86,307.71
18528,A,Michelle Hale,"2025-08-02",56,MX,1,210.61,210.61
18531,B,Frances Chambers,"2022-04-29",31,CA,2,638.09,319.05
18537,B,Veronica Santos,"2024-08-10",73,SG,1,259.86,259.86
18538,A,David Ward,"2024-01-06",37,PL,1,41.56,41.56
18540,A,Dr. Scott Herrera,"2020-12-27",66,GB,1,71.48,71.48
18542,A,Kimberly Brown,"2021-10-26",19,ZA,2,171.89,85.94
18548,A,Amy Stone,"2020-12-26",26,US,1,145.31,145.31
18549,B,Nicholas Walters,"2025-06-14",40,IN,3,184.17,61.39
18551,B,John Rocha,"2024-10-24",74,US,2,674.71,337.35
18552,A,John Graham,"2023-02-08",31,US,2,26.79,13.39
18558,A,Zachary Butler,"2020-10-15",23,AE,2,356.9,178.45
18561,B,Heidi Shaw,"2024-09-17",40,NL,3,466.92,155.64
18562,A,Michelle Chavez,"2023-08-08",26,JP,5,1037.31,207.46
18564,A,Mrs. Dana Wagner MD,"2025-08-09",63,BR,1,28.57,28.57
18569,B,Dennis Barnes,"2023-05-07",52,CA,3,338.0,112.67
18575,B,Robert Hernandez,"2024-08-20",75,NL,1,63.54,63.54
18576,A,Sarah Johnson,"2020-01-13",18,SE,2,280.69,140.34
18579,B,Derrick Shaffer,"2023-05-01",50,NL,2,61.17,30.59
18587,B,Kimberly Rubio,"2022-05-20",63,BR,1,33.6,33.6
18588,A,Adam Johnson,"2023-09-17",36,MX,2,122.79,61.4
18589,B,Tiffany Nelson,"2020-06-28",34,GB,2,251.11,125.56
18591,B,Natasha Schroeder,"2024-01-03",28,FR,1,94.29,94.29
18592,A,Laura Hood,"2020-09-23",48,AE,2,99.8,49.9
18593,B,Joshua Butler MD,"2024-11-27",66,BR,2,83.74,41.87
18594,A,Ronald Hayes,"2021-01-02",60,AU,2,336.98,168.49
18595,B,John Kemp,"2024-01-04",23,CA,1,161.62,161.62
18598,A,Angelica Alexander,"2022-11-11",42,NL,1,34.1,34.1
18601,B,Eugene Lynch,"2024-09-07",48,DE,2,89.8,44.9
18604,A,Barbara Moody,"2023-04-10",67,US,1,27.35,27.35
18605,B,Lawrence Orr,"2021-12-11",50,DE,1,29.23,29.23
18607,B,David Page,"2022-05-01",25,US,2,222.66,111.33
18608,A,Lisa Wheeler,"2023-08-09",54,US,3,174.86,58.29
18610,A,Nicholas Hughes,"2023-03-19",75,IN,1,51.2,51.2
18615,B,Rachel Rodriguez,"2021-09-09",30,IN,2,53.24,26.62
18616,A,John Higgins,"2020-01-14",71,US,2,288.58,144.29
18617,B,Emily Black,"2025-10-11",30,ES,1,28.73,28.73
18620,A,Jessica Thompson,"2024-08-07",74,NL,1,26.6,26.6
18625,B,Thomas Russell,"2021-03-15",72,DE,1,179.36,179.36
18626,A,William Garner,"2022-07-09",48,CA,2,754.48,377.24
18628,A,Thomas Wagner,"2020-09-28",51,CA,1,12.64,12.64
18631,B,Katherine Thompson,"2024-10-23",57,MX,2,323.02,161.51
18639,B,Justin Taylor,"2023-06-23",26,GB,3,326.92,108.97
18648,A,Patrick Roberson,"2025-03-02",24,GB,1,252.22,252.22
18650,A,Tina Brewer,"2021-03-19",20,GB,1,186.26,186.26
18651,B,Nichole Mcdaniel,"2023-07-03",22,PL,1,280.08,280.08
18654,A,Joshua Jones,"2023-04-23",18,BR,2,50.48,25.24
18656,A,Anna Dixon,"2025-03-26",26,AU,2,108.91,54.46
18659,B,Brian Boyd,"2022-03-31",36,BR,2,209.76,104.88
18662,A,Jennifer Harris DVM,"2022-05-25",37,MX,3,328.13,109.38
18664,A,Hayley Gould,"2024-06-19",31,FR,1,263.78,263.78
18665,B,Mr. Mark Smith,"2024-10-01",26,US,2,224.09,112.05
18666,A,Gabriela Rogers,"2021-06-27",22,US,5,320.79,64.16
18667,B,Fred Hernandez,"2024-05-23",44,US,1,198.26,198.26
18669,B,William Obrien,"2025-03-06",74,GB,1,37.9,37.9
18670,A,Lisa Allen,"2024-10-14",31,NL,1,47.14,47.14
18676,A,Courtney Russell,"2020-01-06",57,IN,2,382.56,191.28
18678,A,Erin Sherman,"2021-03-20",21,US,2,334.92,167.46
18680,A,Cynthia Warren,"2024-11-18",24,NL,1,151.68,151.68
18681,B,Timothy Clark,"2022-03-20",21,BR,1,104.58,104.58
18689,B,Paul King,"2025-05-01",50,US,1,14.72,14.72
18692,A,Faith Myers,"2023-01-16",24,ZA,2,479.65,239.82
18701,B,Lisa Henderson,"2020-06-25",26,DE,3,189.08,63.03
18708,A,Taylor Powell,"2021-06-01",49,FR,1,84.76,84.76
18709,B,Jason Chambers,"2020-09-10",46,MX,2,208.48,104.24
18711,B,Charles Hinton,"2023-01-22",32,AE,2,241.99,120.99
18712,A,Walter Mccormick,"2022-10-26",25,GB,1,129.64,129.64
18714,A,Robert Cooley,"2024-11-12",47,AU,1,24.07,24.07
18724,A,Maria White,"2020-03-08",23,US,2,87.05,43.52
18727,B,Melissa Lewis,"2021-05-15",24,US,1,1149.72,1149.72
18728,A,Cassandra Bush,"2023-03-19",23,BR,1,68.14,68.14
18732,A,Adam Valencia,"2022-10-17",50,SE,1,110.01,110.01
18734,A,Katherine Werner,"2020-07-12",53,MX,1,12.73,12.73
18737,B,Thomas Jimenez,"2025-02-25",47,BR,2,300.13,150.07
18740,A,Dr. Richard Rodriguez,"2022-11-09",73,AE,1,107.51,107.51
18741,B,Angela Jenkins,"2021-06-05",31,AU,4,561.79,140.45
18742,A,Angela Gardner,"2020-06-05",45,NL,2,135.83,67.91
18745,B,Jennifer Morris,"2021-03-13",71,IN,1,137.94,137.94
18754,A,David Stokes,"2021-09-11",52,BR,2,178.01,89.0
18756,A,Suzanne Nicholson,"2025-05-18",58,IN,1,64.46,64.46
18758,A,Jay Rosario,"2022-04-09",53,GB,1,131.66,131.66
18759,B,Paul Allen,"2022-03-02",75,IN,1,170.38,170.38
18763,B,Jason Farrell,"2022-10-09",65,NL,1,121.13,121.13
18769,B,William Brennan,"2024-09-24",25,IN,2,477.11,238.56
18775,B,Ashley Allen,"2024-10-06",35,IN,1,52.28,52.28
18777,B,Steven Taylor,"2023-06-07",30,IN,1,27.51,27.51
18780,A,Cynthia Patterson,"2020-04-28",56,MX,1,228.64,228.64
18782,A,Johnathan Williams,"2023-07-17",65,PL,1,29.54,29.54
18786,A,Dr. April Moore,"2023-06-23",31,GB,1,91.39,91.39
18787,B,Matthew Owens,"2022-01-08",33,IN,2,260.39,130.19
18788,A,Ashley Jones,"2025-08-26",34,NL,2,163.03,81.51
18789,B,Mr. Michael Tanner DDS,"2024-05-14",26,BR,2,269.56,134.78
18790,A,Joseph Johnson,"2024-06-15",19,DE,1,28.28,28.28
18791,B,Vanessa Smith,"2020-06-20",25,SE,1,262.96,262.96
18794,A,Duane Hopkins,"2023-06-19",31,NL,1,696.88,696.88
18798,A,Jose Trujillo,"2023-04-15",22,PL,1,14.42,14.42
18800,A,Adrian Day,"2020-01-31",25,CA,1,97.86,97.86
18803,B,Brian Ramos,"2021-12-28",70,BR,1,127.67,127.67
18808,A,Sharon Wang,"2022-04-01",19,BR,2,66.3,33.15
18809,B,Christopher Grimes,"2024-12-10",58,CA,1,141.33,141.33
18817,B,Zachary Valencia,"2024-10-10",32,MX,1,253.91,253.91
18822,A,Stephen Sloan,"2024-06-09",66,MX,1,110.77,110.77
18828,A,Tim Anderson,"2021-08-16",50,DE,1,65.82,65.82
18830,A,Christina Hendrix,"2021-07-23",67,JP,1,220.71,220.71
18832,A,Melissa Navarro,"2024-07-29",45,PL,2,350.58,175.29
18835,B,Heather Rodriguez,"2022-08-09",46,CA,1,63.69,63.69
18836,A,Melissa Frank,"2021-09-11",43,SE,2,406.39,203.19
18838,A,Angela Snyder,"2021-04-16",42,AU,1,46.46,46.46
18840,A,Veronica Mills,"2023-09-04",68,NL,1,119.71,119.71
18842,A,Dean Walker,"2021-04-22",56,CA,1,17.6,17.6
18846,A,Jesus Peterson,"2021-11-18",74,IN,2,234.46,117.23
18847,B,Michelle Owens,"2022-04-09",60,ZA,1,242.75,242.75
18848,A,Timothy Cook,"2025-10-30",74,DE,1,162.3,162.3
18850,A,Tiffany Hayes,"2020-08-06",51,DE,2,712.02,356.01
18853,B,Vanessa Holder,"2023-12-09",22,GB,2,183.83,91.92
18857,B,Heather Parks,"2023-02-25",35,MX,1,24.1,24.1
18860,A,Margaret Ford,"2021-10-14",44,US,1,279.92,279.92
18861,B,Eric Grimes,"2025-07-21",54,FR,2,126.24,63.12
18864,A,Richard Young,"2021-02-23",38,FR,2,533.14,266.57
18870,A,Amanda Peterson,"2025-07-26",39,US,2,152.32,76.16
18875,B,Jason Pena,"2021-10-06",21,PL,1,193.24,193.24
18877,B,Ashley Brown,"2025-04-24",22,NL,1,82.9,82.9
18880,A,Vincent Duncan,"2025-06-22",18,AU,1,1319.9,1319.9
18882,A,Christopher Lewis,"2024-03-10",69,CA,1,272.88,272.88
18894,A,Sean Hicks,"2021-02-10",19,DE,1,109.19,109.19
18895,B,Brandon Carlson,"2023-12-07",60,FR,1,66.05,66.05
18897,B,Matthew Welch,"2020-05-01",51,NL,1,25.13,25.13
18898,A,Lindsey Lowery,"2024-08-03",69,US,2,116.44,58.22
18901,B,Kara Anderson,"2025-07-11",55,US,1,66.12,66.12
18907,B,Damon Woodward,"2024-04-02",40,ES,1,60.97,60.97
18908,A,James Cross,"2020-11-03",42,JP,1,75.54,75.54
18915,B,Chad Martin,"2023-08-26",72,FR,3,223.72,74.57
18917,B,Stephanie Moreno,"2024-04-08",57,BR,3,666.02,222.01
18920,A,Catherine Hernandez,"2025-04-07",45,US,1,192.17,192.17
18921,B,Michael Cruz,"2020-10-01",70,US,1,11.41,11.41
18926,A,Elizabeth Luna,"2020-02-01",47,AU,2,471.31,235.65
18928,A,Mrs. Tara Mcguire DVM,"2025-03-06",71,ZA,1,311.89,311.89
18932,A,Emily Harris,"2024-04-21",18,ZA,1,140.41,140.41
18933,B,Deborah Johnson,"2025-07-09",33,US,4,616.57,154.14
18934,A,Justin Anderson,"2021-01-14",49,SE,1,212.09,212.09
18938,A,Jessica Rodgers,"2022-11-29",18,CA,1,502.08,502.08
18940,A,Mrs. Deborah Wright,"2023-10-15",20,FR,3,685.93,228.64
18941,B,Kenneth Ramirez,"2025-06-27",62,BR,1,12.14,12.14
18943,B,Kiara Fuentes,"2022-06-19",52,US,1,181.25,181.25
18951,B,Mark Kelly PhD,"2021-07-04",21,US,2,387.08,193.54
18952,A,Melanie Knight,"2023-04-15",61,IN,1,624.1,624.1
18953,B,Andrew Medina,"2024-12-14",23,JP,1,64.73,64.73
18957,B,Russell Williams,"2024-11-13",33,US,2,292.83,146.41
18958,A,Jordan Peterson,"2020-04-12",31,US,2,617.39,308.69
18960,A,Brandon Cruz,"2021-02-11",22,US,4,624.93,156.23
18965,B,John Matthews,"2021-03-07",22,US,5,836.0,167.2
18966,A,Aaron Lewis,"2021-02-26",53,BR,1,70.43,70.43
18968,A,Heather Peterson,"2023-01-12",39,DE,2,360.44,180.22
18969,B,Melinda Brady,"2020-08-18",50,CA,2,279.69,139.85
18971,B,Amy Quinn,"2020-10-15",46,US,2,57.22,28.61
18973,B,Megan Kramer,"2021-02-09",33,US,1,54.95,54.95
18980,A,Lee Abbott,"2020-07-15",56,US,1,133.87,133.87
18985,B,Jeffrey Owen,"2022-03-09",64,IN,1,87.02,87.02
18992,A,Daniel Peterson,"2023-04-07",44,CA,2,97.9,48.95
18993,B,Mr. Kyle Richardson DDS,"2024-11-05",55,DE,2,237.0,118.5
18995,B,Kelly Ward,"2025-07-19",25,GB,2,623.45,311.73
18997,B,Patricia Faulkner,"2023-10-09",63,BR,1,90.78,90.78
19003,B,Shelly Perez,"2022-03-25",32,NL,2,254.39,127.19
19009,B,Morgan Wiley,"2025-09-10",46,IN,3,295.68,98.56
19014,A,Courtney Kim,"2021-03-22",43,BR,1,77.26,77.26
19018,A,Riley Jimenez,"2020-11-26",58,US,1,69.59,69.59
19019,B,Matthew Wilson,"2024-06-25",31,BR,1,55.74,55.74
19025,B,Elizabeth Reed,"2021-04-25",61,NL,1,198.95,198.95
19030,A,Katherine Miller,"2023-02-26",24,GB,4,356.9,89.23
19031,B,Christopher Johnson,"2023-02-07",19,PL,1,98.46,98.46
19034,A,Dennis Vega,"2024-12-15",20,FR,1,122.12,122.12
19041,B,Derek Butler,"2025-03-09",28,GB,1,60.78,60.78
19042,A,Christopher Miller,"2020-12-03",71,ES,1,395.49,395.49
19043,B,Ian Anderson,"2025-08-25",72,JP,1,541.0,541.0
19047,B,Shannon Bell,"2023-02-22",74,DE,1,172.41,172.41
19050,A,Shawn Patterson,"2022-05-18",26,FR,1,161.07,161.07
19051,B,Jessica Olson,"2025-06-26",42,MX,1,64.37,64.37
19053,B,Shannon Livingston,"2023-07-07",23,US,1,50.87,50.87
19065,B,Lawrence Thompson,"2020-10-01",39,AE,2,94.32,47.16
19066,A,Brian Cohen,"2022-05-06",55,JP,1,33.3,33.3
19070,A,Lorraine Curry,"2024-06-29",39,GB,1,28.73,28.73
19074,A,Connie Walsh,"2023-06-20",67,GB,1,307.89,307.89
19075,B,Brian Robinson,"2025-01-12",21,SG,2,387.7,193.85
19077,B,Elizabeth Gilbert,"2023-03-05",36,FR,1,379.92,379.92
19085,B,Sarah Miller,"2024-01-21",62,US,2,423.37,211.69
19087,B,Travis Davila,"2020-05-02",24,GB,3,63.96,21.32
19088,A,Martha Robinson,"2024-10-02",27,GB,1,197.37,197.37
19093,B,Jason Murray,"2022-08-09",23,IN,1,29.99,29.99
19095,B,Jacob Williams,"2021-02-07",69,US,1,338.51,338.51
19096,A,Jessica Sandoval,"2023-11-16",34,MX,2,627.06,313.53
19097,B,Jennifer Anthony,"2023-12-02",23,DE,1,263.89,263.89
19098,A,Carrie Alvarez,"2021-07-06",65,AU,3,253.11,84.37
19100,A,Samuel Luna,"2022-02-01",52,BR,2,792.95,396.47
19109,B,Andrew Dennis,"2020-11-27",72,GB,1,119.9,119.9
19110,A,Jack Phillips,"2025-02-06",68,AE,1,19.58,19.58
19111,B,Michael Weiss,"2024-07-31",68,BR,1,439.74,439.74
19112,A,Joshua Weaver,"2022-05-07",22,US,1,46.44,46.44
19116,A,Kristen Everett,"2022-06-11",71,BR,1,34.29,34.29
19122,A,Laura Anderson,"2025-05-12",47,JP,2,395.9,197.95
19126,A,Nicholas Perez,"2024-12-23",42,AE,1,83.82,83.82
19127,B,Victoria Mcintosh,"2025-06-13",27,US,1,523.31,523.31
19132,A,Rachel Kline,"2024-08-16",37,MX,1,80.44,80.44
19133,B,Eric Santos,"2024-07-22",21,US,1,54.65,54.65
19135,B,Jesse Rivera,"2024-06-03",31,SG,1,405.12,405.12
19137,B,Jennifer Vega,"2023-06-18",53,SG,1,29.99,29.99
19141,B,Jeremy Bryant,"2022-09-14",51,GB,1,30.8,30.8
19142,A,Cynthia Ochoa,"2023-04-10",66,CA,2,274.68,137.34
19143,B,Caitlin Cole,"2024-12-30",48,SE,1,177.82,177.82
19147,B,Susan Walker,"2020-08-27",45,FR,1,168.06,168.06
19148,A,Catherine Escobar,"2020-01-23",24,PL,1,82.27,82.27
19151,B,Lisa Hawkins,"2020-08-14",19,NL,2,246.19,123.1
19152,A,Tracy Chambers,"2022-08-12",47,AU,1,294.49,294.49
19153,B,Joseph Kelley,"2021-06-01",54,ES,1,256.46,256.46
19156,A,Adam Doyle,"2023-09-06",31,CA,1,31.64,31.64
19158,A,Robert Ruiz,"2024-09-16",59,CA,1,54.02,54.02
19159,B,Danielle Barr,"2024-11-05",45,BR,1,459.22,459.22
19160,A,Matthew Padilla,"2024-06-28",52,NL,3,739.36,246.45
19164,A,Heather Jenkins,"2024-07-22",30,MX,1,236.83,236.83
19170,A,Linda Schaefer,"2022-11-04",70,CA,1,139.25,139.25
19171,B,Maria Gray,"2023-11-15",74,MX,3,129.08,43.03
19179,B,Lori Barnes,"2020-05-06",68,US,1,161.43,161.43
19183,B,Denise Dougherty,"2021-03-06",57,BR,1,80.61,80.61
19184,A,Emily Jones,"2020-07-27",43,MX,2,425.68,212.84
19185,B,Matthew Medina,"2023-02-11",29,ES,3,253.96,84.65
19191,B,Christopher Ramirez,"2023-08-15",52,AU,1,46.67,46.67
19194,A,Anthony Murphy,"2021-05-26",70,CA,1,421.7,421.7
19196,A,Wanda Aguirre,"2021-01-11",65,MX,2,257.19,128.59
19200,A,Catherine Chapman,"2023-12-10",69,AU,1,36.68,36.68
19201,B,Christine Williams,"2025-09-08",70,IN,2,133.45,66.73
19203,B,Ralph Mccarthy,"2021-04-04",71,IN,2,401.25,200.63
19209,B,Audrey Edwards,"2023-05-25",45,DE,2,340.66,170.33
19216,A,Marcus Huff Jr.,"2024-10-10",55,CA,1,92.94,92.94
19218,A,Joel Thomas,"2020-12-19",75,SG,1,10.55,10.55
19219,B,Billy Hall,"2021-11-05",44,AU,1,368.06,368.06
19223,B,Richard Kelly,"2020-06-12",62,BR,3,498.37,166.12
19224,A,Thomas Mcclure,"2020-03-09",59,GB,2,351.82,175.91
19230,A,John Marsh,"2020-03-18",44,PL,1,23.76,23.76
19232,A,Colleen Bailey,"2022-11-07",58,ES,3,299.94,99.98
19233,B,Devon Floyd,"2021-10-18",22,IN,3,82.24,27.41
19236,A,Sarah Jones,"2025-09-14",71,US,1,117.89,117.89
19237,B,Tina Morales,"2021-03-12",49,JP,2,288.37,144.18
19240,A,Chelsea Roberts,"2020-05-20",23,MX,1,124.79,124.79
19243,B,John Hendrix,"2022-10-13",29,BR,1,816.48,816.48
19245,B,Beth Oliver,"2020-12-12",23,AU,1,152.59,152.59
19248,A,Joshua Montoya,"2021-12-21",60,CA,1,388.79,388.79
19249,B,Alicia Martin,"2025-02-08",20,FR,1,77.99,77.99
19254,A,Stephanie Contreras,"2020-08-23",53,DE,1,88.87,88.87
19256,A,Luis Mills,"2024-12-22",28,GB,2,33.37,16.68
19258,A,Cynthia Adams,"2022-06-23",59,CA,1,226.93,226.93
19259,B,Ricardo Malone,"2024-04-05",55,MX,2,235.45,117.73
19268,A,Melissa Bennett,"2022-07-15",30,ES,1,73.7,73.7
19273,B,Jessica Pham,"2020-12-05",29,IN,1,116.09,116.09
19278,A,Jillian Pruitt,"2023-08-02",49,AU,3,399.43,133.14
19282,A,Kevin Lester,"2023-05-18",28,US,2,287.85,143.92
19284,A,Logan Franklin,"2025-07-15",70,NL,1,87.97,87.97
19288,A,John Smith,"2022-07-29",74,IN,2,156.9,78.45
19293,B,Kelly Montoya,"2022-12-31",74,US,1,573.81,573.81
19295,B,Dale Chavez,"2024-03-27",63,DE,1,47.42,47.42
19296,A,Andrea Hawkins,"2025-03-30",42,DE,1,50.79,50.79
19298,A,Jason Irwin,"2022-12-03",43,ES,2,42.93,21.47
19311,B,Tara Blankenship,"2023-08-16",62,ZA,2,427.44,213.72
19316,A,Deborah Rodriguez,"2021-05-10",38,JP,2,96.33,48.16
19321,B,Wanda Kent,"2025-04-14",56,FR,2,413.61,206.81
19322,A,Logan Lambert,"2021-06-01",71,AU,1,130.68,130.68
19326,A,Lisa Roman,"2024-04-19",72,US,1,16.02,16.02
19327,B,Robert Moss,"2022-04-07",74,DE,1,92.92,92.92
19328,A,Bethany Hendricks,"2022-08-29",66,DE,1,12.97,12.97
19332,A,Justin Davis,"2024-05-14",25,MX,1,67.75,67.75
19335,B,Ashley Phelps,"2022-02-15",49,US,1,32.33,32.33
19336,A,Marcus Snow,"2020-07-02",50,US,1,116.15,116.15
19338,A,Jessica George,"2020-11-08",28,US,1,94.68,94.68
19341,B,Susan Lopez,"2023-06-17",69,US,3,197.72,65.91
19345,B,Austin Miller,"2025-10-29",48,DE,2,105.11,52.55
19349,B,Dustin Castillo,"2023-09-27",74,GB,2,228.94,114.47
19355,B,Jasmine Dalton,"2022-08-28",75,DE,2,602.27,301.13
19358,A,Matthew Martin,"2024-04-09",39,SG,1,32.18,32.18
19359,B,Gregory Booth,"2021-02-21",62,NL,1,144.19,144.19
19373,B,Taylor Taylor,"2022-02-25",64,ZA,3,240.66,80.22
19376,A,Ann Ellis,"2025-03-02",35,US,1,107.4,107.4
19380,A,Joseph Wilson,"2024-01-14",69,BR,1,24.56,24.56
19381,B,Donna Fischer,"2023-10-27",20,US,1,14.69,14.69
19382,A,Mr. James Morris,"2021-03-04",22,AE,1,72.65,72.65
19396,A,Gregory Rogers,"2020-02-04",31,DE,1,39.49,39.49
19397,B,Larry Ford,"2023-05-16",60,IN,1,146.65,146.65
19399,B,Martin Ashley,"2023-05-26",39,US,1,172.41,172.41
19407,B,Willie Campos,"2025-10-08",39,IN,2,205.34,102.67
19408,A,Mrs. Cynthia Christensen,"2024-08-07",44,US,2,136.67,68.34
19409,B,Gregory Kline,"2021-11-05",66,BR,1,29.05,29.05
19413,B,Rachel Gibbs,"2024-11-18",73,US,2,556.24,278.12
19415,B,Barbara Jones,"2023-08-29",47,NL,2,453.9,226.95
19417,B,Kimberly Martinez,"2022-03-04",19,US,1,161.75,161.75
19419,B,James Hart,"2021-01-03",20,CA,2,606.43,303.22
19422,A,Ronald Williams,"2023-06-27",68,GB,1,30.27,30.27
19423,B,Alexandria Johnson,"2022-10-10",20,ES,2,121.34,60.67
19425,B,Mark Lewis,"2020-04-26",62,FR,1,198.39,198.39
19427,B,Jamie Fisher,"2021-11-01",18,US,4,858.02,214.51
19428,A,Isaiah Thomas,"2025-01-10",30,US,3,249.11,83.04
19434,A,Mathew Fields,"2023-01-02",48,GB,1,81.0,81.0
19444,A,Diane Price,"2023-12-03",66,NL,1,74.12,74.12
19445,B,Denise Potter,"2025-02-17",30,FR,3,260.49,86.83
19454,A,Angel Cohen,"2023-11-06",40,BR,1,63.87,63.87
19459,B,Stephanie Green,"2025-09-16",70,MX,2,124.26,62.13
19463,B,Chris Briggs,"2022-01-15",57,FR,1,65.88,65.88
19466,A,Jeffrey Thompson,"2025-06-30",43,PL,1,72.8,72.8
19470,A,Tasha Kent,"2020-09-08",22,US,1,18.52,18.52
19474,A,Renee Wise,"2021-09-13",67,DE,2,119.79,59.89
19475,B,Jacob Walter,"2024-01-01",61,US,1,342.71,342.71
19482,A,Kristen Gray,"2020-10-20",26,SG,1,71.53,71.53
19484,A,Joseph Walker,"2023-12-05",19,MX,2,191.53,95.76
19486,A,Michael Reynolds,"2024-06-15",66,US,1,48.07,48.07
19495,B,Amber Park,"2024-11-29",63,ZA,3,329.65,109.88
19498,A,Madeline Hurst,"2023-07-09",66,US,1,24.47,24.47
19501,B,Joshua Hall,"2023-08-09",31,SG,1,13.55,13.55
19503,B,Steven Burns,"2021-12-23",37,SG,3,134.87,44.96
19507,B,Amanda Anderson MD,"2023-12-16",36,US,2,124.18,62.09
19508,A,Robert Hernandez,"2020-01-30",29,SE,1,11.72,11.72
19512,A,Ethan Everett,"2025-03-05",59,FR,2,49.56,24.78
19514,A,Margaret Weaver,"2020-09-24",33,NL,1,21.08,21.08
19516,A,Matthew Anderson,"2025-01-27",24,BR,2,108.07,54.03
19521,B,Nancy Williams,"2022-01-30",49,CA,1,86.41,86.41
19524,A,Alexis Moody,"2020-03-08",68,SE,1,53.96,53.96
19526,A,Patrick Watkins,"2020-09-20",23,SG,1,408.49,408.49
19527,B,Nancy Atkins,"2020-10-05",71,GB,2,115.46,57.73
19528,A,Justin White,"2021-06-07",33,MX,2,354.23,177.12
19529,B,Cindy Hodges,"2023-11-23",75,US,1,255.49,255.49
19533,B,Michael Sanchez,"2023-08-17",31,AU,1,40.09,40.09
19535,B,Anita Williams,"2022-03-08",67,PL,2,361.9,180.95
19536,A,Ricardo Murphy,"2022-09-25",69,FR,1,17.48,17.48
19539,B,Jeffrey Palmer,"2021-03-15",26,BR,1,85.31,85.31
19545,B,Claire Berry,"2020-05-31",40,US,1,10.67,10.67
19548,A,Zachary Vasquez,"2025-10-06",31,AE,1,70.43,70.43
19549,B,Drew Romero,"2023-09-25",50,DE,1,231.04,231.04
19550,A,Danny Chavez,"2022-12-08",65,US,2,167.29,83.65
19552,A,Zachary Cruz,"2022-12-08",23,CA,1,35.73,35.73
19555,B,Melissa Lee,"2024-09-03",30,US,1,303.58,303.58
19556,A,Michael Nelson,"2020-12-27",61,US,1,22.17,22.17
19563,B,Calvin Mahoney,"2021-02-22",49,US,1,71.58,71.58
19564,A,Vickie Wright,"2022-06-03",35,SE,2,688.11,344.06
19566,A,Jessica Kent,"2020-10-04",25,SE,2,407.66,203.83
19568,A,Tara Smith,"2020-10-05",23,GB,2,363.45,181.73
19570,A,Alexis Jackson Jr.,"2021-07-11",25,PL,1,32.51,32.51
19578,A,Christopher Davis,"2021-01-29",50,JP,3,211.33,70.44
19581,B,Michael White,"2023-01-17",65,CA,2,517.9,258.95
19582,A,Kenneth Lopez,"2020-06-30",33,MX,1,207.27,207.27
19583,B,Arthur Jackson,"2023-05-10",60,US,1,56.01,56.01
19588,A,Lisa Hughes,"2022-12-27",42,US,1,140.87,140.87
19589,B,Jessica Peters,"2023-02-14",37,SG,1,84.54,84.54
19590,A,Cathy Baker,"2020-05-18",58,FR,1,86.97,86.97
19595,B,Darren Randall,"2023-02-09",49,IN,1,35.52,35.52
19597,B,Donna Mccoy,"2025-01-06",31,US,2,516.64,258.32
19601,B,Tiffany Williams,"2022-10-18",71,IN,1,52.01,52.01
19602,A,Jeremiah Martin,"2024-08-03",47,AU,1,89.74,89.74
19605,B,Corey Powell,"2020-05-20",37,GB,1,153.86,153.86
19611,B,Cassie Dixon,"2024-01-03",36,US,3,245.84,81.95
19616,A,Pamela Richard,"2020-05-12",52,US,1,32.52,32.52
19621,B,Robert Pope,"2023-08-17",64,FR,1,23.38,23.38
19623,B,Courtney Cook,"2025-08-01",45,JP,1,110.22,110.22
19626,A,Rebecca Rodriguez,"2023-11-22",31,PL,1,85.59,85.59
19627,B,Matthew Wright,"2021-12-16",57,BR,1,33.72,33.72
19636,A,Brenda Melton,"2020-01-13",34,IN,1,243.1,243.1
19643,B,Mackenzie Davis,"2025-07-11",24,ZA,2,313.15,156.58
19645,B,Timothy Flores,"2022-11-20",40,SG,2,171.51,85.76
19646,A,Jared Hughes,"2022-11-13",49,IN,2,595.63,297.82
19647,B,Olivia Ward,"2023-08-03",71,AU,1,17.51,17.51
19649,B,Michael Allen,"2025-07-01",63,US,2,194.72,97.36
19651,B,Jennifer Robinson,"2023-12-29",28,SE,1,228.42,228.42
19652,A,Tyler Williams,"2022-04-25",51,ZA,1,61.21,61.21
19654,A,Tara Prince,"2025-09-06",37,GB,2,380.37,190.19
19655,B,Jordan Luna,"2023-09-04",33,MX,1,50.07,50.07
19658,A,Kylie Rivas,"2022-04-26",34,PL,1,55.94,55.94
19659,B,Michele Evans,"2024-01-13",62,CA,1,368.9,368.9
19661,B,Jeffery Mccall,"2021-07-29",30,SG,1,263.55,263.55
19664,A,Chloe Malone,"2025-07-07",21,SG,2,177.91,88.95
19666,A,Alison Miller,"2023-07-01",63,GB,1,85.82,85.82
19667,B,Mariah Green,"2022-02-27",49,NL,3,145.01,48.34
19669,B,William Nelson,"2022-12-03",50,JP,2,128.55,64.27
19670,A,Brian Potter,"2020-01-09",57,FR,1,132.89,132.89
19673,B,Fernando Estrada,"2025-05-23",33,BR,2,179.21,89.61
19675,B,Brittany Joseph,"2021-01-30",33,FR,1,19.82,19.82
19678,A,Beverly Williams,"2021-05-20",52,AU,1,67.8,67.8
19679,B,Aaron Velasquez,"2023-06-02",19,CA,2,53.71,26.85
19680,A,Justin Bryan,"2020-07-26",49,AU,5,453.63,90.73
19684,A,Derek Schneider,"2020-02-13",36,CA,3,1929.44,643.15
19687,B,Ashley Johnson,"2022-12-30",55,GB,1,30.91,30.91
19692,A,Joy Taylor,"2024-09-25",30,AU,1,132.42,132.42
19696,A,Gary Sheppard,"2022-10-16",24,SG,2,47.81,23.91
19706,A,Melinda Velez,"2025-10-06",44,ES,2,71.66,35.83
19709,B,Christina Bowen,"2023-03-18",62,US,2,276.83,138.41
19711,B,Andrew Thompson,"2025-08-10",51,IN,2,331.6,165.8
19713,B,Maria Sanders,"2021-12-19",59,ES,1,49.28,49.28
19714,A,Sherry Rice,"2024-09-03",66,FR,1,277.87,277.87
19717,B,Dr. Kelly Reese,"2024-04-29",30,SG,1,43.04,43.04
19721,B,Nicholas Eaton,"2025-06-20",37,US,2,356.92,178.46
19722,A,Dr. Thomas Duran,"2025-03-24",36,US,1,153.22,153.22
19726,A,Brittany Glass MD,"2023-07-14",50,GB,1,496.78,496.78
19738,A,Hunter Smith,"2023-06-18",50,SG,1,80.02,80.02
19740,A,Brenda Morgan,"2024-01-01",72,FR,1,135.97,135.97
19743,B,Matthew Weber,"2022-01-22",67,AE,2,637.96,318.98
19744,A,Tina Craig,"2021-03-16",66,PL,3,341.51,113.84
19757,B,Chelsea Perkins,"2024-10-29",36,ZA,1,118.08,118.08
19761,B,Jamie Fuentes,"2023-11-27",37,ES,1,55.02,55.02
19767,B,Shirley Mason,"2023-10-07",36,NL,2,185.57,92.78
19769,B,Alexandra Sanchez,"2024-07-22",40,SG,1,114.6,114.6
19770,A,Frank King,"2022-04-05",34,AE,4,211.19,52.8
19771,B,James Howard DVM,"2021-03-22",49,IN,1,789.13,789.13
19773,B,Stacey Buchanan,"2022-11-02",64,ES,1,29.17,29.17
19775,B,Kristine Fisher,"2024-12-27",60,JP,1,105.62,105.62
19776,A,Brian Brewer,"2020-10-29",26,US,3,123.54,41.18
19779,B,Chase Taylor,"2021-01-04",52,SG,1,73.34,73.34
19780,A,Sarah Williams,"2023-10-28",67,ZA,1,10.21,10.21
19782,A,Diane Johnson,"2024-07-09",50,SG,3,583.16,194.39
19785,B,Darlene Chambers,"2024-08-31",68,US,5,866.97,173.39
19786,A,Tracy Johnson,"2023-01-14",23,FR,2,232.95,116.48
19788,A,Denise Cruz,"2021-10-27",75,US,3,321.65,107.22
19793,B,Richard Greene,"2021-04-22",46,AU,2,297.06,148.53
19795,B,Charles Flynn,"2023-02-08",35,IN,1,482.85,482.85
19796,A,Thomas Davis,"2025-05-03",22,CA,2,79.39,39.69
19804,A,Emma Hendrix,"2023-09-18",25,ES,1,12.01,12.01
19811,B,Maurice Carson,"2020-01-18",28,GB,2,279.42,139.71
19814,A,Justin Burns,"2020-11-13",41,AU,3,166.06,55.35
19819,B,Christine Blevins,"2025-04-04",62,MX,3,392.88,130.96
19828,A,Elizabeth Richardson,"2022-12-17",69,FR,1,97.36,97.36
19829,B,Joseph Ferrell,"2023-09-25",19,PL,4,264.88,66.22
19830,A,Mrs. Rachel Giles,"2025-09-11",46,IN,1,52.81,52.81
19832,A,Matthew Ortiz,"2023-07-16",41,GB,2,98.52,49.26
19838,A,Alexander Robertson,"2024-07-19",73,BR,2,189.3,94.65
19841,B,Darren Jenkins,"2022-07-19",39,BR,1,324.96,324.96
19843,B,Christine Day,"2024-08-07",75,MX,1,245.46,245.46
19850,A,Victoria Sanford,"2021-10-28",25,US,1,73.78,73.78
19851,B,Dr. Christopher Brown,"2023-08-10",68,DE,1,310.45,310.45
19854,A,Robin Copeland,"2021-03-03",60,US,1,69.26,69.26
19855,B,Joel Ortiz,"2021-04-03",24,CA,1,233.97,233.97
19857,B,Alexander Young,"2024-12-27",35,IN,1,122.74,122.74
19865,B,Alexis Wright,"2024-05-25",58,AU,3,199.51,66.5
19866,A,Samantha Martinez,"2025-09-18",56,FR,2,120.14,60.07
19868,A,Jennifer Novak,"2025-03-18",30,IN,3,461.69,153.9
19873,B,Jessica Soto,"2020-02-02",18,JP,3,604.75,201.58
19874,A,Deborah Garcia,"2021-10-15",59,IN,1,191.07,191.07
19882,A,Crystal Hensley,"2023-08-10",44,US,3,828.84,276.28
19886,A,Patrick Fitzpatrick,"2023-09-10",33,FR,2,148.11,74.05
19891,B,Nicole Colon,"2023-05-31",29,BR,1,95.39,95.39
19898,A,Chelsea Davis,"2021-02-28",53,AU,2,101.06,50.53
19902,A,Dr. Nicholas Bird DDS,"2023-02-13",47,SE,1,187.74,187.74
19906,A,Paul Alexander,"2023-07-22",58,BR,1,440.91,440.91
19907,B,John Sullivan,"2020-07-29",30,GB,2,257.78,128.89
19908,A,Zachary Kennedy,"2021-06-15",26,US,1,79.83,79.83
19912,A,Brenda Taylor,"2023-03-10",42,JP,1,12.26,12.26
19916,A,Michael Galvan,"2024-03-10",29,GB,1,12.49,12.49
19920,A,Karen Lewis,"2021-08-10",38,PL,3,293.47,97.82
19927,B,James Hughes,"2023-07-11",60,US,1,62.51,62.51
19928,A,James Ford,"2020-01-06",39,IN,4,468.19,117.05
19929,B,Kristine Brown,"2024-03-15",30,CA,1,1100.05,1100.05
19931,B,Richard Frank,"2023-12-19",61,CA,1,59.21,59.21
19932,A,Shannon Gregory,"2023-11-23",48,BR,1,69.19,69.19
19935,B,George Waller,"2022-02-15",28,US,1,272.76,272.76
19942,A,Lisa Fields,"2021-09-15",73,MX,2,92.8,46.4
19944,A,Brenda Rodriguez,"2024-09-11",43,IN,1,49.79,49.79
19948,A,Aaron Graham,"2020-08-18",43,US,1,216.98,216.98
19952,A,William Grant,"2025-05-06",61,GB,2,219.61,109.8
19953,B,Brooke Lindsey,"2024-02-21",63,PL,1,61.43,61.43
19958,A,Rebecca Ramirez,"2024-04-28",33,US,1,144.48,144.48
19960,A,Kimberly Smith,"2024-10-24",69,AU,1,195.0,195.0
19963,B,Austin Love,"2020-03-22",18,US,3,490.15,163.38
19964,A,Charles Ray,"2022-06-07",20,AE,1,11.97,11.97
19966,A,Michael Hernandez,"2022-10-31",48,US,1,32.99,32.99
19971,B,Ryan Ward,"2023-01-22",21,GB,3,200.69,66.9
19976,A,James Allen,"2022-04-20",46,US,1,115.48,115.48
19978,A,Eric Ramirez,"2020-01-23",64,SE,3,302.36,100.79
19981,B,Laurie Booker,"2020-08-31",58,IN,3,151.56,50.52
19982,A,Cynthia Foley,"2025-10-24",65,US,1,20.41,20.41
19985,B,Gregory Mills,"2023-07-18",38,MX,1,269.69,269.69
19987,B,Olivia Ramos,"2022-03-22",50,US,1,166.16,166.16
19993,B,Randall Johnson,"2022-12-24",54,ES,2,443.19,221.59
19994,A,Christopher Hill,"2023-06-12",41,BR,1,263.3,263.3
19996,A,Leroy Proctor,"2025-04-28",28,GB,1,65.53,65.53
19998,A,David Lara,"2020-08-30",23,BR,3,466.39,155.46
